Transaction_ID,Amount,Time,Location,Device,Transaction_Count,Merchant_Category,Account_Age_Days,Class
TXN000001,2478.71,21:54,Mumbai,New,9,Food,349,0
TXN000002,603.99,18:02,Jhansi,Known,2,Electronics,897,0
TXN000003,3958.09,16:14,Lucknow,New,4,Fuel,588,0
TXN000004,4832.58,05:54,Jaipur,New,2,Travel,701,0
TXN000005,232.05,14:36,Pune,Known,7,Food,1539,0
TXN000006,458.63,19:40,Kanpur,Known,8,Food,809,0
TXN000007,2058.59,01:14,Pune,Known,5,Food,405,0
TXN000008,1291.41,04:37,Delhi,Known,4,Shopping,309,0
TXN000009,1768.52,12:22,Delhi,Known,6,Fuel,1230,0
TXN000010,734.98,08:43,Jhansi,Known,3,Food,887,0
TXN000011,4531.96,17:05,Noida,New,4,Food,486,0
TXN000012,4073.36,09:17,Delhi,Known,2,Fuel,1162,0
TXN000013,1929.23,23:38,Mumbai,Known,3,Shopping,354,0
TXN000014,5879.02,07:36,Kanpur,Known,5,Electronics,331,0
TXN000015,2940.77,08:50,Delhi,Known,2,Food,638,0
TXN000016,730.18,00:48,Lucknow,Known,4,Shopping,573,0
TXN000017,2651.1,05:00,Kanpur,New,4,Shopping,10,0
TXN000018,657.68,05:05,Jaipur,Known,4,Entertainment,482,0
TXN000019,4527.45,18:21,Mumbai,Known,5,Travel,934,0
TXN000020,1708.07,08:57,Delhi,Known,3,Food,537,0
TXN000021,1482.43,04:28,Delhi,Known,4,Fuel,683,0
TXN000022,880.57,07:53,Delhi,New,4,Entertainment,269,0
TXN000023,6497.74,13:03,Noida,New,3,Food,817,0
TXN000024,1530.4,18:57,Lucknow,Known,9,Travel,905,0
TXN000025,1148.02,23:03,Mumbai,Known,3,Shopping,1289,0
TXN000026,1243.64,01:48,Jaipur,Known,3,Fuel,563,0
TXN000027,3147.82,20:52,Pune,Known,5,Food,590,0
TXN000028,2641.91,09:17,Delhi,Known,3,Food,965,0
TXN000029,2776.4,19:18,Mumbai,New,4,Travel,635,0
TXN000030,2829.64,00:34,Pune,Known,4,Electronics,964,0
TXN000031,17056.25,15:43,Noida,Known,4,Fuel,1006,0
TXN000032,1174.74,22:07,Jaipur,Known,2,Fuel,250,0
TXN000033,1051.2,00:14,Delhi,Known,4,Bills,230,0
TXN000034,765.92,18:45,Noida,Known,7,Bills,455,0
TXN000035,3436.88,02:48,Delhi,Known,1,Entertainment,10,0
TXN000036,5889.71,23:09,Mumbai,Known,4,Travel,1479,0
TXN000037,1597.02,17:53,Noida,Known,2,Bills,164,0
TXN000038,745.0,21:52,Noida,Known,3,Entertainment,1184,0
TXN000039,757.36,21:52,Delhi,Known,4,Electronics,267,0
TXN000040,3564.09,07:14,Mumbai,Known,3,Food,1152,0
TXN000041,3928.29,09:40,Noida,Known,5,Bills,1197,0
TXN000042,3183.87,16:09,Delhi,Known,2,Food,10,0
TXN000043,894.94,04:11,Mumbai,Known,6,Shopping,653,0
TXN000044,2296.89,07:04,Mumbai,Known,3,Bills,1417,0
TXN000045,2034.62,02:29,Delhi,Known,5,Food,742,0
TXN000046,2264.63,21:42,Pune,Known,4,Food,1079,0
TXN000047,4494.2,05:11,Delhi,Known,3,Bills,809,0
TXN000048,2276.32,09:11,Kanpur,Known,8,Shopping,1073,0
TXN000049,3671.67,10:16,Noida,Known,3,Electronics,1231,0
TXN000050,1932.37,09:11,Delhi,Known,5,Shopping,622,0
TXN000051,2438.45,18:49,Jhansi,Known,4,Shopping,701,0
TXN000052,3492.58,21:10,Mumbai,Known,2,Bills,568,0
TXN000053,389.76,13:16,Pune,Known,3,Bills,180,0
TXN000054,1286.77,20:18,Pune,Known,4,Electronics,995,0
TXN000055,1098.44,02:12,Pune,Known,3,Electronics,734,0
TXN000056,920.32,23:56,Lucknow,Known,4,Fuel,1229,0
TXN000057,1348.36,02:12,Pune,Known,5,Shopping,1517,0
TXN000058,8649.27,01:29,Jhansi,Known,4,Bills,474,0
TXN000059,725.18,00:33,Lucknow,Known,5,Entertainment,526,0
TXN000060,4975.27,05:15,Delhi,Known,2,Food,440,0
TXN000061,307.52,20:28,Delhi,New,4,Shopping,1309,0
TXN000062,1266.37,07:10,Mumbai,Known,5,Food,122,0
TXN000063,2135.45,18:28,Mumbai,Known,5,Food,844,0
TXN000064,3331.16,10:01,Jaipur,Known,2,Travel,76,0
TXN000065,3798.38,02:26,Jaipur,Known,4,Shopping,1318,0
TXN000066,4140.44,11:21,Delhi,Known,5,Shopping,1006,0
TXN000067,1248.1,05:21,Jaipur,New,6,Shopping,434,0
TXN000068,1107.73,06:06,Noida,Known,2,Fuel,1456,0
TXN000069,4431.16,12:59,Kanpur,Known,4,Shopping,364,0
TXN000070,1472.43,18:01,Jaipur,Known,1,Travel,751,0
TXN000071,471.57,14:08,Noida,Known,8,Bills,10,0
TXN000072,547.62,05:06,Jhansi,Known,8,Food,963,0
TXN000073,685.48,17:58,Mumbai,New,6,Food,550,0
TXN000074,3033.77,16:19,Mumbai,Known,5,Travel,606,0
TXN000075,2090.35,05:25,Jaipur,Known,3,Shopping,295,0
TXN000076,3716.55,20:45,Mumbai,Known,4,Entertainment,237,0
TXN000077,1149.32,20:03,Delhi,Known,7,Food,470,0
TXN000078,2126.02,14:04,Mumbai,Known,1,Shopping,1241,0
TXN000079,3471.74,07:10,Kanpur,Known,6,Food,871,0
TXN000080,1300.79,08:40,Lucknow,Known,1,Food,335,0
TXN000081,2907.81,10:58,Jaipur,Known,3,Food,10,0
TXN000082,898.31,04:37,Lucknow,New,4,Shopping,1523,0
TXN000083,1229.47,07:52,Pune,Known,8,Shopping,10,0
TXN000084,1205.58,03:52,Jhansi,Known,7,Electronics,1175,0
TXN000085,512.81,03:16,Kanpur,New,4,Shopping,907,0
TXN000086,3001.49,17:11,Delhi,Known,7,Food,616,0
TXN000087,1099.56,03:09,Mumbai,Known,3,Travel,458,0
TXN000088,1823.77,11:47,Pune,Known,3,Shopping,1021,0
TXN000089,2981.93,10:40,Noida,Known,2,Travel,1159,0
TXN000090,2876.7,01:51,Lucknow,Known,6,Bills,1163,0
TXN000091,3619.88,19:30,Jaipur,Known,8,Entertainment,1168,0
TXN000092,1623.16,23:58,Pune,Known,5,Bills,65,0
TXN000093,1154.1,15:53,Delhi,Known,3,Shopping,414,0
TXN000094,1655.47,16:48,Jhansi,Known,3,Food,434,0
TXN000095,306.08,05:48,Pune,Known,8,Travel,724,0
TXN000096,393.89,20:07,Pune,Known,5,Bills,819,0
TXN000097,448.86,18:44,Delhi,Known,5,Bills,1150,0
TXN000098,631.71,10:56,Mumbai,Known,4,Electronics,688,0
TXN000099,2738.88,16:17,Lucknow,Known,3,Bills,1028,0
TXN000100,695.61,22:48,Mumbai,Known,2,Food,551,0
TXN000101,1210.12,14:21,Delhi,Known,4,Food,1564,0
TXN000102,7042.59,04:12,Jhansi,New,4,Entertainment,433,1
TXN000103,1238.26,07:43,Kanpur,Known,3,Entertainment,426,0
TXN000104,3904.69,04:09,Delhi,Known,7,Fuel,812,0
TXN000105,675.36,07:28,Jhansi,Known,3,Shopping,1187,0
TXN000106,1450.75,21:56,Delhi,Known,5,Food,376,0
TXN000107,663.83,04:09,Lucknow,New,4,Food,577,0
TXN000108,1260.87,21:09,Pune,Known,2,Food,549,0
TXN000109,4349.71,06:56,Pune,Known,5,Shopping,269,0
TXN000110,293.49,11:46,Mumbai,Known,2,Shopping,470,0
TXN000111,2840.36,12:27,Pune,Known,6,Shopping,414,0
TXN000112,2310.37,03:24,Pune,Known,3,Bills,1260,0
TXN000113,964.57,04:57,Jhansi,Known,4,Food,770,0
TXN000114,394.33,07:43,Jaipur,New,5,Food,490,0
TXN000115,1941.62,01:54,Mumbai,Known,4,Shopping,1487,0
TXN000116,1032.33,18:05,Delhi,Known,5,Bills,1464,0
TXN000117,2298.13,13:31,Pune,Known,6,Electronics,1425,0
TXN000118,1841.78,20:43,Kanpur,Known,4,Fuel,513,0
TXN000119,9676.06,20:02,Lucknow,Known,5,Fuel,1135,0
TXN000120,1399.99,08:30,Delhi,Known,4,Food,1602,0
TXN000121,614.54,19:03,Delhi,Known,4,Fuel,536,0
TXN000122,2172.82,01:54,Delhi,Known,2,Food,611,0
TXN000123,2267.74,10:40,Mumbai,Known,8,Fuel,518,0
TXN000124,7500.23,15:11,Jaipur,Known,2,Entertainment,793,0
TXN000125,4326.04,11:31,Mumbai,Known,6,Food,1467,0
TXN000126,2618.24,17:06,Pune,Known,7,Food,729,0
TXN000127,8366.66,20:48,Delhi,Known,2,Entertainment,465,0
TXN000128,516.64,10:11,Mumbai,Known,3,Entertainment,660,0
TXN000129,919.47,06:36,Jaipur,Known,1,Electronics,1197,0
TXN000130,680.37,13:04,Mumbai,Known,1,Food,10,0
TXN000131,1195.41,20:09,Mumbai,Known,6,Fuel,863,0
TXN000132,424.12,23:58,Pune,Known,5,Travel,605,0
TXN000133,3506.77,19:23,Delhi,Known,6,Shopping,427,0
TXN000134,1425.4,05:07,Delhi,Known,6,Fuel,10,0
TXN000135,384.21,04:41,Jaipur,New,5,Shopping,959,0
TXN000136,619.67,13:12,Lucknow,Known,4,Bills,576,0
TXN000137,2501.71,09:35,Jhansi,Known,3,Fuel,892,0
TXN000138,4339.76,14:48,Delhi,Known,4,Food,226,0
TXN000139,14648.74,22:41,Mumbai,Known,4,Electronics,10,0
TXN000140,38372.55,13:14,Lucknow,New,3,Electronics,186,0
TXN000141,2781.29,08:14,Noida,Known,1,Electronics,605,0
TXN000142,636.85,20:13,Mumbai,Known,3,Electronics,10,0
TXN000143,191.88,10:37,Pune,Known,7,Bills,760,0
TXN000144,2384.25,14:40,Pune,New,3,Travel,1400,0
TXN000145,766.59,03:31,Kanpur,Known,6,Shopping,10,0
TXN000146,1163.77,12:23,Lucknow,Known,3,Travel,401,0
TXN000147,946.57,10:03,Jhansi,Known,3,Shopping,626,0
TXN000148,1552.64,02:50,Noida,Known,8,Food,618,0
TXN000149,5512.76,05:39,Delhi,New,3,Entertainment,1250,0
TXN000150,2122.7,16:38,Pune,Known,6,Fuel,520,0
TXN000151,1523.82,04:06,Kanpur,New,5,Shopping,576,0
TXN000152,606.74,03:17,Jaipur,New,7,Shopping,545,0
TXN000153,310.17,01:18,Jaipur,New,4,Shopping,902,0
TXN000154,1080.22,00:35,Delhi,Known,1,Bills,1391,0
TXN000155,1701.17,10:47,Lucknow,Known,8,Bills,700,0
TXN000156,11520.33,11:51,Kanpur,Known,5,Travel,1343,0
TXN000157,2063.85,14:31,Kanpur,Known,3,Bills,739,0
TXN000158,5051.39,13:21,Pune,Known,1,Travel,169,0
TXN000159,1065.59,12:24,Delhi,Known,2,Bills,1167,0
TXN000160,518.71,23:44,Jhansi,New,7,Bills,690,0
TXN000161,653.39,05:19,Jaipur,Known,3,Travel,1300,0
TXN000162,840.55,17:24,Jaipur,Known,2,Food,1046,0
TXN000163,16821.87,01:47,Delhi,Known,3,Fuel,1091,0
TXN000164,759.82,20:32,Jaipur,Known,4,Bills,379,0
TXN000165,4341.41,08:28,Delhi,Known,6,Travel,296,0
TXN000166,697.48,08:44,Kanpur,Known,4,Fuel,683,0
TXN000167,4787.16,03:17,Mumbai,Known,6,Electronics,130,1
TXN000168,2696.58,12:03,Jhansi,Known,6,Food,245,0
TXN000169,1527.02,09:47,Delhi,Known,4,Bills,384,0
TXN000170,1724.58,23:27,Mumbai,Known,6,Electronics,184,0
TXN000171,905.07,04:19,Mumbai,Known,4,Entertainment,654,1
TXN000172,2875.32,10:05,Jaipur,Known,4,Food,709,0
TXN000173,1116.34,21:55,Jhansi,Known,6,Bills,478,0
TXN000174,497.03,19:43,Noida,Known,1,Food,175,0
TXN000175,470.46,18:16,Noida,Known,5,Food,350,0
TXN000176,2157.62,12:36,Lucknow,Known,4,Shopping,795,0
TXN000177,9448.28,20:27,Delhi,Known,6,Food,595,0
TXN000178,2129.27,05:19,Delhi,Known,2,Fuel,742,0
TXN000179,1589.18,19:18,Lucknow,Known,7,Travel,323,0
TXN000180,2430.03,13:04,Jaipur,Known,3,Bills,874,0
TXN000181,7092.86,08:58,Mumbai,Known,3,Bills,1027,0
TXN000182,2266.28,05:55,Noida,Known,6,Shopping,150,0
TXN000183,1169.19,12:52,Pune,Known,1,Bills,507,0
TXN000184,5751.09,00:18,Jaipur,Known,4,Entertainment,10,0
TXN000185,2823.51,17:59,Mumbai,Known,6,Shopping,1044,0
TXN000186,9028.0,05:16,Jaipur,Known,4,Shopping,1633,0
TXN000187,2181.87,09:49,Jhansi,Known,2,Food,1078,0
TXN000188,497.63,04:06,Kanpur,Known,5,Entertainment,637,0
TXN000189,427.94,11:18,Noida,Known,5,Entertainment,765,0
TXN000190,10188.51,08:34,Mumbai,Known,6,Fuel,939,0
TXN000191,10997.14,04:58,Pune,Known,2,Food,168,0
TXN000192,1490.77,21:15,Jhansi,Known,2,Electronics,722,0
TXN000193,1203.75,18:25,Pune,Known,4,Bills,689,0
TXN000194,8350.35,09:50,Pune,Known,2,Food,604,0
TXN000195,562.92,01:28,Jhansi,Known,3,Electronics,520,0
TXN000196,703.51,20:40,Delhi,Known,6,Food,736,0
TXN000197,3537.0,16:25,Mumbai,Known,2,Bills,276,0
TXN000198,1189.4,13:00,Pune,Known,5,Fuel,382,0
TXN000199,1790.35,14:16,Jhansi,Known,4,Fuel,814,0
TXN000200,1516.15,00:33,Pune,Known,1,Shopping,680,0
TXN000201,2565.72,11:01,Lucknow,Known,4,Shopping,705,0
TXN000202,7890.37,04:13,Kanpur,Known,5,Bills,1106,0
TXN000203,1979.61,15:57,Pune,New,6,Food,655,0
TXN000204,3539.28,22:00,Noida,Known,3,Fuel,610,0
TXN000205,209.11,12:14,Lucknow,Known,3,Electronics,972,0
TXN000206,1710.24,14:37,Delhi,New,5,Shopping,1441,0
TXN000207,742.59,16:33,Pune,Known,5,Fuel,501,0
TXN000208,500.59,22:12,Pune,Known,2,Food,889,0
TXN000209,715.86,00:03,Lucknow,Known,5,Travel,590,0
TXN000210,1267.39,07:53,Kanpur,Known,3,Travel,301,0
TXN000211,4709.04,06:33,Mumbai,New,3,Food,689,0
TXN000212,447.12,17:34,Lucknow,New,2,Food,955,0
TXN000213,1858.83,10:03,Delhi,Known,5,Shopping,348,0
TXN000214,1082.65,18:12,Mumbai,New,3,Entertainment,1168,0
TXN000215,1276.0,11:04,Pune,Known,3,Travel,534,0
TXN000216,5158.69,23:58,Lucknow,Known,2,Travel,512,0
TXN000217,3167.07,18:46,Pune,Known,7,Entertainment,1014,0
TXN000218,7330.58,00:32,Kanpur,Known,3,Travel,812,0
TXN000219,1530.44,23:40,Delhi,Known,6,Food,391,0
TXN000220,866.79,22:09,Lucknow,Known,3,Bills,150,0
TXN000221,1422.95,01:59,Delhi,New,4,Entertainment,1419,0
TXN000222,2321.95,09:31,Noida,Known,3,Entertainment,773,0
TXN000223,2166.66,23:30,Jaipur,Known,3,Food,1486,0
TXN000224,576.48,20:57,Noida,Known,4,Travel,493,0
TXN000225,1979.41,11:05,Noida,Known,2,Shopping,839,0
TXN000226,2287.42,13:25,Pune,Known,3,Electronics,182,0
TXN000227,25308.35,00:05,Noida,Known,5,Shopping,277,0
TXN000228,12916.09,13:25,Kanpur,Known,4,Food,518,0
TXN000229,734.83,15:16,Noida,Known,3,Food,1398,0
TXN000230,1331.14,08:27,Lucknow,Known,2,Food,797,0
TXN000231,387.19,07:42,Delhi,Known,2,Electronics,1156,0
TXN000232,968.07,19:16,Noida,Known,1,Food,1551,0
TXN000233,2507.21,10:03,Noida,Known,5,Electronics,1099,0
TXN000234,6384.88,06:09,Mumbai,Known,4,Food,1081,0
TXN000235,837.15,08:42,Jaipur,Known,3,Fuel,755,0
TXN000236,905.68,11:34,Delhi,Known,3,Entertainment,1308,0
TXN000237,188.84,06:58,Noida,Known,5,Travel,853,0
TXN000238,1517.38,13:53,Jaipur,New,2,Food,1178,0
TXN000239,589.93,20:09,Mumbai,Known,2,Food,565,0
TXN000240,1032.39,17:44,Jaipur,Known,3,Bills,991,0
TXN000241,716.83,05:05,Pune,Known,3,Shopping,880,0
TXN000242,1630.38,11:05,Noida,Known,2,Fuel,565,0
TXN000243,284.27,13:47,Jaipur,Known,5,Fuel,109,0
TXN000244,385.73,16:24,Jhansi,Known,3,Food,835,0
TXN000245,16835.61,18:59,Kanpur,Known,3,Shopping,890,0
TXN000246,465.8,11:00,Noida,Known,2,Fuel,280,0
TXN000247,569.02,07:30,Lucknow,Known,5,Food,762,0
TXN000248,12385.74,15:18,Mumbai,Known,5,Electronics,825,0
TXN000249,38019.8,03:59,Delhi,Known,3,Food,1167,0
TXN000250,526.05,16:40,Lucknow,Known,3,Electronics,830,0
TXN000251,1222.78,21:46,Pune,Known,3,Electronics,995,0
TXN000252,2576.47,17:17,Jaipur,Known,7,Travel,638,0
TXN000253,11055.4,10:53,Jaipur,Known,3,Shopping,570,0
TXN000254,638.64,19:50,Mumbai,New,5,Shopping,643,0
TXN000255,1391.31,12:47,Kanpur,Known,3,Electronics,511,0
TXN000256,4071.42,12:28,Kanpur,Known,7,Electronics,600,0
TXN000257,2841.38,20:55,Delhi,Known,4,Electronics,918,0
TXN000258,1212.67,04:40,Jhansi,Known,5,Travel,929,0
TXN000259,1564.04,18:03,Lucknow,New,6,Electronics,887,0
TXN000260,424.92,16:53,Jaipur,New,4,Shopping,830,0
TXN000261,1401.73,12:01,Mumbai,Known,3,Shopping,1255,0
TXN000262,1360.81,01:40,Pune,Known,3,Fuel,1252,0
TXN000263,2296.91,18:14,Pune,Known,5,Travel,765,0
TXN000264,1004.7,05:53,Noida,Known,5,Food,1354,0
TXN000265,2953.24,21:43,Mumbai,Known,2,Food,1297,0
TXN000266,5212.91,19:48,Mumbai,Known,4,Electronics,764,0
TXN000267,2119.09,08:41,Jaipur,Known,6,Food,443,0
TXN000268,2604.21,10:34,Delhi,Known,2,Food,549,0
TXN000269,1903.32,00:51,Delhi,Known,3,Food,736,0
TXN000270,1800.16,11:17,Jaipur,Known,4,Bills,570,0
TXN000271,843.79,01:31,Noida,Known,3,Shopping,289,0
TXN000272,2509.56,23:17,Noida,Known,3,Bills,266,0
TXN000273,1625.21,15:06,Delhi,Known,5,Shopping,522,0
TXN000274,16209.76,05:52,Kanpur,Known,3,Fuel,455,0
TXN000275,9391.54,19:29,Pune,Known,4,Travel,10,0
TXN000276,2699.12,00:03,Mumbai,Known,2,Shopping,1053,0
TXN000277,807.81,13:49,Mumbai,Known,2,Entertainment,1135,0
TXN000278,559.76,02:56,Delhi,Known,9,Bills,949,0
TXN000279,6287.02,01:39,Jhansi,New,6,Fuel,10,0
TXN000280,2371.86,05:19,Mumbai,New,4,Fuel,620,0
TXN000281,2980.04,07:51,Pune,Known,8,Electronics,890,0
TXN000282,288.22,17:44,Mumbai,Known,1,Food,1223,0
TXN000283,4766.43,21:17,Delhi,Known,2,Electronics,1613,0
TXN000284,2900.63,18:19,Jaipur,Known,7,Fuel,705,0
TXN000285,560.93,17:59,Jaipur,Known,4,Electronics,765,0
TXN000286,1097.12,13:57,Noida,Known,5,Entertainment,905,0
TXN000287,2374.27,08:40,Jaipur,Known,4,Fuel,453,0
TXN000288,1901.94,06:02,Delhi,Known,3,Food,378,0
TXN000289,1324.46,22:13,Kanpur,Known,4,Food,1071,0
TXN000290,1614.66,12:21,Mumbai,New,3,Food,985,0
TXN000291,1381.56,13:32,Kanpur,Known,3,Travel,615,0
TXN000292,2112.72,00:52,Pune,Known,4,Entertainment,41,0
TXN000293,8438.91,10:50,Pune,Known,4,Entertainment,10,0
TXN000294,121.58,16:16,Delhi,Known,8,Bills,669,0
TXN000295,1403.68,11:06,Lucknow,Known,8,Shopping,683,0
TXN000296,2166.53,14:16,Jaipur,Known,5,Entertainment,596,0
TXN000297,2456.11,19:14,Jhansi,New,8,Entertainment,1077,0
TXN000298,1218.08,00:53,Mumbai,New,3,Fuel,790,0
TXN000299,284.57,21:00,Lucknow,New,8,Food,10,0
TXN000300,2540.05,19:49,Mumbai,Known,7,Shopping,1539,0
TXN000301,11039.77,10:39,Lucknow,Known,3,Electronics,10,0
TXN000302,359.6,18:06,Lucknow,Known,3,Shopping,469,0
TXN000303,4458.47,01:41,Kanpur,Known,4,Travel,280,0
TXN000304,1274.86,07:34,Kanpur,Known,2,Travel,904,0
TXN000305,1687.75,02:00,Kanpur,Known,3,Entertainment,160,0
TXN000306,595.86,15:13,Delhi,New,5,Electronics,977,0
TXN000307,1266.94,20:20,Delhi,Known,4,Food,568,0
TXN000308,7048.63,14:12,Lucknow,Known,4,Food,1003,0
TXN000309,3318.71,17:34,Pune,Known,6,Food,10,0
TXN000310,11097.43,03:36,Pune,Known,7,Shopping,616,0
TXN000311,6197.02,22:10,Delhi,Known,2,Fuel,993,0
TXN000312,2854.3,04:07,Kanpur,Known,7,Fuel,223,0
TXN000313,11233.7,12:39,Jhansi,Known,2,Bills,830,0
TXN000314,2854.02,16:28,Kanpur,Known,4,Food,816,0
TXN000315,4293.81,20:15,Noida,Known,2,Fuel,804,0
TXN000316,1318.36,22:15,Jaipur,Known,1,Travel,548,0
TXN000317,1930.27,14:02,Delhi,Known,6,Shopping,1006,0
TXN000318,865.45,13:51,Kanpur,Known,2,Travel,846,0
TXN000319,5087.82,10:50,Kanpur,New,2,Food,821,0
TXN000320,522.34,13:33,Kanpur,Known,2,Food,456,0
TXN000321,4092.9,16:20,Delhi,Known,7,Electronics,286,0
TXN000322,1473.44,15:12,Jhansi,Known,4,Fuel,900,0
TXN000323,6157.04,14:18,Delhi,Known,6,Travel,403,0
TXN000324,3959.82,10:55,Noida,Known,3,Bills,1305,0
TXN000325,12175.98,04:05,Noida,Known,4,Shopping,1555,0
TXN000326,3877.15,01:49,Mumbai,Known,5,Shopping,403,0
TXN000327,345.47,10:18,Jaipur,Known,2,Travel,354,0
TXN000328,1677.8,09:15,Pune,Known,5,Shopping,885,0
TXN000329,525.81,14:48,Kanpur,Known,4,Bills,827,0
TXN000330,1044.56,21:57,Jaipur,Known,2,Food,686,0
TXN000331,8798.46,16:59,Pune,Known,8,Bills,942,0
TXN000332,3515.55,19:16,Delhi,Known,5,Bills,996,0
TXN000333,864.08,13:35,Jhansi,New,3,Fuel,375,0
TXN000334,620.88,22:17,Jhansi,New,4,Travel,341,0
TXN000335,1863.04,22:11,Jhansi,Known,3,Shopping,10,0
TXN000336,501.78,03:23,Jaipur,Known,4,Food,10,0
TXN000337,889.66,15:03,Kanpur,New,2,Bills,299,0
TXN000338,2497.77,12:09,Delhi,Known,3,Entertainment,559,0
TXN000339,6054.88,23:35,Kanpur,Known,6,Food,1036,0
TXN000340,3410.93,14:41,Pune,Known,3,Shopping,957,0
TXN000341,162.34,00:16,Lucknow,Known,4,Shopping,897,0
TXN000342,2477.8,05:33,Delhi,Known,5,Food,617,0
TXN000343,1941.42,03:45,Mumbai,Known,4,Fuel,1638,0
TXN000344,2779.78,04:53,Noida,Known,3,Entertainment,200,0
TXN000345,9823.79,02:34,Delhi,Known,1,Shopping,594,0
TXN000346,206.26,18:14,Lucknow,Known,4,Bills,843,0
TXN000347,967.66,11:42,Delhi,Known,5,Bills,245,0
TXN000348,3347.58,16:10,Kanpur,Known,4,Fuel,573,0
TXN000349,342.02,23:08,Delhi,Known,6,Bills,94,0
TXN000350,8478.5,15:21,Delhi,Known,2,Food,558,0
TXN000351,2650.0,11:19,Noida,New,2,Bills,1320,0
TXN000352,4378.47,06:08,Delhi,Known,4,Food,770,0
TXN000353,988.36,18:03,Delhi,Known,7,Fuel,1511,0
TXN000354,4230.15,12:56,Jhansi,Known,6,Entertainment,1297,0
TXN000355,5527.2,18:40,Delhi,Known,2,Shopping,80,0
TXN000356,2298.62,00:43,Delhi,Known,4,Electronics,217,0
TXN000357,2302.3,03:03,Lucknow,New,2,Electronics,1302,0
TXN000358,2390.85,03:47,Lucknow,Known,3,Food,660,0
TXN000359,727.07,16:21,Kanpur,Known,1,Food,80,0
TXN000360,1541.69,12:44,Jaipur,Known,5,Bills,1101,0
TXN000361,1533.63,07:29,Lucknow,Known,6,Bills,1347,0
TXN000362,2692.18,07:14,Kanpur,Known,4,Shopping,1326,0
TXN000363,5142.82,14:15,Jaipur,Known,4,Fuel,910,0
TXN000364,592.34,23:08,Kanpur,Known,2,Travel,1200,0
TXN000365,1578.58,23:49,Pune,Known,5,Shopping,919,0
TXN000366,8527.66,11:25,Kanpur,New,3,Shopping,295,0
TXN000367,824.5,16:46,Jhansi,Known,4,Bills,1168,0
TXN000368,759.13,02:49,Jaipur,Known,5,Shopping,610,0
TXN000369,2226.0,22:10,Delhi,Known,5,Entertainment,1478,0
TXN000370,4368.38,00:19,Jaipur,Known,2,Bills,556,0
TXN000371,1821.73,08:07,Kanpur,New,8,Bills,602,0
TXN000372,7265.92,17:00,Jhansi,Known,5,Food,245,0
TXN000373,4425.66,23:59,Lucknow,Known,4,Shopping,1005,0
TXN000374,4356.63,04:39,Mumbai,Known,9,Food,1499,0
TXN000375,3220.73,15:27,Delhi,Known,3,Shopping,1037,0
TXN000376,20734.99,04:12,Jaipur,Known,4,Entertainment,735,0
TXN000377,1451.17,01:35,Jhansi,Known,4,Fuel,511,0
TXN000378,219.61,10:32,Pune,Known,7,Shopping,425,0
TXN000379,9701.24,13:13,Mumbai,New,2,Shopping,1215,0
TXN000380,1113.16,06:00,Mumbai,Known,5,Food,436,0
TXN000381,2015.89,23:28,Mumbai,Known,4,Food,10,0
TXN000382,7119.34,14:30,Mumbai,Known,6,Food,1963,0
TXN000383,334.68,10:47,Kanpur,New,3,Shopping,824,0
TXN000384,483.63,11:23,Jaipur,Known,2,Electronics,543,0
TXN000385,335.02,11:05,Pune,New,2,Shopping,421,0
TXN000386,781.88,02:52,Kanpur,Known,4,Food,932,0
TXN000387,2855.95,14:24,Lucknow,Known,4,Shopping,217,0
TXN000388,3121.09,18:43,Jhansi,Known,4,Electronics,440,0
TXN000389,2405.78,10:02,Jhansi,Known,3,Food,882,0
TXN000390,408.36,10:02,Noida,Known,5,Food,332,0
TXN000391,159.16,21:01,Kanpur,New,5,Bills,208,1
TXN000392,1905.72,14:47,Delhi,Known,1,Food,479,0
TXN000393,1096.83,07:14,Delhi,Known,3,Shopping,582,0
TXN000394,2915.79,00:47,Jaipur,Known,3,Food,599,0
TXN000395,3761.58,19:56,Noida,Known,5,Food,587,0
TXN000396,2081.19,15:39,Jaipur,Known,5,Bills,819,0
TXN000397,3998.53,15:59,Mumbai,Known,7,Entertainment,409,0
TXN000398,2289.79,06:55,Kanpur,New,5,Shopping,825,1
TXN000399,3140.41,04:43,Mumbai,Known,5,Food,456,0
TXN000400,858.88,11:48,Jaipur,Known,3,Fuel,650,0
TXN000401,1490.62,18:36,Mumbai,Known,3,Food,433,0
TXN000402,2213.12,07:13,Noida,Known,4,Fuel,10,0
TXN000403,4260.31,12:06,Delhi,Known,4,Fuel,828,0
TXN000404,1190.48,23:22,Delhi,Known,3,Bills,1149,0
TXN000405,3111.21,05:28,Delhi,Known,8,Shopping,808,0
TXN000406,1361.59,05:20,Kanpur,New,2,Shopping,182,0
TXN000407,1591.01,05:06,Pune,New,3,Shopping,143,0
TXN000408,4300.72,21:30,Jaipur,Known,2,Fuel,1056,0
TXN000409,222.03,12:29,Jhansi,New,3,Entertainment,875,0
TXN000410,461.39,22:57,Kanpur,Known,2,Shopping,766,0
TXN000411,379.65,22:57,Pune,Known,7,Shopping,1058,0
TXN000412,155.28,10:36,Delhi,New,4,Travel,982,0
TXN000413,883.03,01:51,Pune,New,3,Shopping,753,0
TXN000414,3953.86,07:18,Noida,Known,7,Food,1286,0
TXN000415,1334.64,13:58,Kanpur,Known,4,Electronics,1421,0
TXN000416,2215.47,09:56,Delhi,Known,6,Travel,1239,0
TXN000417,5648.92,00:07,Mumbai,Known,4,Electronics,1022,0
TXN000418,7256.21,23:42,Lucknow,Known,6,Bills,748,0
TXN000419,1673.96,07:27,Jaipur,Known,5,Fuel,720,0
TXN000420,7456.24,14:15,Jhansi,Known,3,Electronics,1014,0
TXN000421,1982.82,22:24,Kanpur,Known,2,Entertainment,464,0
TXN000422,747.16,13:54,Kanpur,Known,7,Travel,675,0
TXN000423,964.32,16:55,Noida,Known,3,Shopping,447,0
TXN000424,380.31,00:20,Mumbai,Known,4,Shopping,670,0
TXN000425,708.39,16:27,Delhi,Known,6,Food,355,0
TXN000426,1235.99,20:30,Noida,Known,3,Fuel,609,0
TXN000427,4185.19,22:44,Mumbai,Known,2,Fuel,535,0
TXN000428,10963.76,02:28,Mumbai,Known,5,Shopping,1150,0
TXN000429,421.68,05:23,Lucknow,New,5,Bills,1188,0
TXN000430,2718.98,01:55,Mumbai,Known,5,Fuel,941,0
TXN000431,603.64,22:22,Jaipur,Known,1,Food,79,0
TXN000432,2963.05,06:15,Pune,Known,6,Shopping,951,0
TXN000433,1568.54,12:19,Jaipur,Known,4,Entertainment,1068,0
TXN000434,263.25,11:19,Jaipur,Known,5,Food,562,0
TXN000435,4770.73,16:33,Mumbai,Known,5,Entertainment,1022,0
TXN000436,953.64,21:39,Lucknow,Known,8,Bills,1093,0
TXN000437,1027.56,07:08,Noida,New,3,Fuel,21,0
TXN000438,585.4,18:53,Delhi,Known,4,Travel,1104,0
TXN000439,905.55,06:15,Jaipur,Known,2,Shopping,610,0
TXN000440,2820.94,04:06,Delhi,Known,3,Food,124,1
TXN000441,1475.62,02:40,Kanpur,Known,4,Food,767,0
TXN000442,2541.82,08:12,Noida,Known,4,Travel,538,0
TXN000443,2632.16,13:45,Jaipur,Known,6,Bills,1058,0
TXN000444,7202.88,18:56,Jhansi,New,4,Food,957,0
TXN000445,1255.91,20:41,Jhansi,Known,9,Shopping,928,0
TXN000446,381.78,12:46,Mumbai,Known,2,Food,372,0
TXN000447,5519.96,09:29,Jhansi,Known,5,Fuel,536,0
TXN000448,1270.9,04:20,Noida,Known,4,Bills,571,0
TXN000449,5801.45,21:36,Kanpur,New,3,Bills,972,0
TXN000450,2692.13,09:21,Noida,Known,4,Shopping,1278,0
TXN000451,1568.46,18:52,Delhi,Known,3,Fuel,930,0
TXN000452,2596.08,15:28,Mumbai,Known,5,Electronics,351,0
TXN000453,13962.15,22:29,Jaipur,Known,7,Entertainment,520,0
TXN000454,15936.57,23:40,Mumbai,Known,1,Fuel,872,0
TXN000455,1936.02,16:11,Jhansi,Known,3,Food,1187,0
TXN000456,2129.71,15:33,Kanpur,New,5,Shopping,655,0
TXN000457,5572.47,03:45,Jaipur,Known,5,Fuel,983,0
TXN000458,740.7,00:46,Delhi,Known,6,Fuel,46,0
TXN000459,2553.62,13:13,Mumbai,Known,5,Shopping,470,0
TXN000460,1751.78,16:03,Pune,Known,3,Shopping,1004,0
TXN000461,2502.75,17:11,Noida,Known,7,Shopping,10,0
TXN000462,750.32,06:49,Kanpur,Known,5,Shopping,1157,0
TXN000463,339.17,12:15,Lucknow,New,6,Food,862,1
TXN000464,204.16,20:03,Lucknow,Known,1,Shopping,736,0
TXN000465,556.85,02:35,Jaipur,Known,5,Food,10,1
TXN000466,1112.02,09:52,Noida,Known,5,Shopping,1097,0
TXN000467,1323.04,22:13,Jaipur,Known,3,Shopping,1523,0
TXN000468,13761.56,04:02,Jaipur,Known,4,Food,595,0
TXN000469,5749.31,07:08,Kanpur,Known,3,Electronics,494,0
TXN000470,655.47,11:07,Jhansi,Known,4,Fuel,577,0
TXN000471,2593.17,16:12,Jhansi,Known,2,Bills,1014,0
TXN000472,1173.93,06:10,Pune,New,3,Travel,1125,0
TXN000473,1335.36,19:38,Jhansi,Known,3,Food,941,0
TXN000474,2186.67,05:13,Delhi,Known,4,Shopping,591,0
TXN000475,3448.42,08:32,Jaipur,New,4,Travel,1160,0
TXN000476,1260.57,13:24,Noida,Known,3,Fuel,220,0
TXN000477,5500.45,00:39,Pune,Known,3,Shopping,1196,0
TXN000478,542.67,18:39,Lucknow,Known,5,Bills,1253,0
TXN000479,1812.02,16:35,Kanpur,Known,2,Fuel,535,0
TXN000480,27531.87,20:53,Noida,Known,5,Fuel,1438,0
TXN000481,2275.09,06:11,Noida,Known,2,Fuel,1120,0
TXN000482,8106.47,09:31,Delhi,Known,3,Shopping,701,0
TXN000483,1981.56,21:23,Lucknow,Known,6,Travel,556,0
TXN000484,3312.17,01:31,Noida,Known,8,Shopping,1028,0
TXN000485,1695.82,11:08,Jaipur,Known,4,Entertainment,431,0
TXN000486,1505.1,11:19,Delhi,Known,5,Food,1309,0
TXN000487,794.0,10:56,Mumbai,Known,4,Fuel,464,0
TXN000488,2828.09,10:48,Kanpur,Known,5,Bills,1734,0
TXN000489,736.15,17:25,Mumbai,Known,3,Shopping,825,0
TXN000490,3620.64,04:06,Delhi,Known,5,Shopping,143,0
TXN000491,5625.66,21:38,Kanpur,Known,4,Food,1249,0
TXN000492,2644.93,21:18,Jhansi,Known,3,Electronics,538,0
TXN000493,1332.72,04:19,Lucknow,Known,4,Food,10,0
TXN000494,2899.25,23:05,Lucknow,Known,3,Travel,1495,0
TXN000495,1301.71,06:17,Jaipur,Known,4,Travel,1850,0
TXN000496,4807.18,01:12,Kanpur,Known,2,Food,922,0
TXN000497,263.11,09:02,Pune,Known,4,Fuel,972,0
TXN000498,1265.41,19:35,Mumbai,Known,5,Entertainment,896,0
TXN000499,222.56,20:58,Pune,Known,4,Entertainment,961,0
TXN000500,374.55,15:07,Pune,Known,4,Food,573,0
TXN000501,7537.13,19:03,Mumbai,Known,3,Bills,699,0
TXN000502,4607.71,06:06,Jhansi,Known,6,Fuel,620,0
TXN000503,845.63,21:32,Noida,Known,5,Entertainment,703,0
TXN000504,371.64,15:49,Lucknow,Known,4,Shopping,195,0
TXN000505,80.06,03:18,Noida,Known,5,Travel,1108,0
TXN000506,1017.26,03:07,Mumbai,Known,6,Travel,746,0
TXN000507,22856.2,06:05,Kanpur,Known,4,Bills,1002,0
TXN000508,2841.74,01:36,Jaipur,Known,5,Food,911,0
TXN000509,1000.24,06:21,Delhi,Known,1,Travel,10,0
TXN000510,2933.28,23:21,Delhi,Known,4,Electronics,892,0
TXN000511,349.51,05:14,Delhi,Known,5,Entertainment,1049,0
TXN000512,1317.32,15:53,Jaipur,Known,2,Bills,344,0
TXN000513,1998.18,23:22,Delhi,Known,5,Entertainment,703,0
TXN000514,1644.41,06:42,Mumbai,New,1,Fuel,559,0
TXN000515,4129.4,16:44,Noida,New,2,Shopping,869,0
TXN000516,2584.84,10:03,Noida,Known,3,Fuel,640,0
TXN000517,3631.08,06:14,Kanpur,Known,4,Bills,10,0
TXN000518,873.71,22:53,Jaipur,Known,2,Shopping,291,0
TXN000519,4620.45,15:52,Delhi,Known,3,Travel,963,0
TXN000520,9955.95,10:24,Jhansi,Known,2,Food,888,0
TXN000521,649.94,19:09,Jhansi,Known,3,Food,1705,0
TXN000522,708.72,21:17,Mumbai,Known,3,Shopping,713,0
TXN000523,7318.17,18:56,Pune,Known,4,Electronics,10,0
TXN000524,1472.37,20:40,Kanpur,Known,3,Electronics,1313,0
TXN000525,7860.1,07:04,Mumbai,Known,5,Food,1140,0
TXN000526,1131.02,08:43,Delhi,Known,6,Bills,380,0
TXN000527,8294.43,05:08,Delhi,Known,5,Shopping,1057,0
TXN000528,2066.48,16:18,Pune,Known,2,Entertainment,835,0
TXN000529,2360.63,19:28,Mumbai,Known,3,Shopping,344,0
TXN000530,9306.76,15:21,Jaipur,Known,1,Fuel,835,0
TXN000531,1231.12,14:41,Delhi,Known,4,Electronics,465,0
TXN000532,670.06,18:09,Jaipur,Known,4,Food,101,0
TXN000533,1123.89,04:52,Pune,New,4,Travel,638,0
TXN000534,2894.28,08:35,Delhi,New,6,Food,987,0
TXN000535,347.75,16:18,Delhi,Known,7,Food,690,0
TXN000536,3515.32,01:57,Pune,Known,6,Fuel,441,0
TXN000537,1022.32,21:28,Delhi,Known,7,Electronics,938,0
TXN000538,6007.39,04:24,Mumbai,New,3,Bills,621,0
TXN000539,145.7,18:01,Pune,Known,2,Electronics,334,0
TXN000540,788.12,14:59,Jaipur,Known,3,Entertainment,807,0
TXN000541,306.36,20:50,Noida,Known,5,Food,617,0
TXN000542,755.97,18:10,Pune,Known,6,Entertainment,1483,0
TXN000543,2334.59,12:56,Kanpur,Known,7,Food,1085,0
TXN000544,1491.23,18:47,Noida,Known,1,Food,1050,0
TXN000545,1379.53,08:25,Lucknow,Known,3,Electronics,10,0
TXN000546,1522.94,14:55,Pune,Known,1,Fuel,1020,0
TXN000547,2228.53,21:33,Noida,Known,2,Fuel,1086,0
TXN000548,624.27,02:41,Kanpur,Known,5,Shopping,22,0
TXN000549,3780.96,08:10,Jaipur,Known,2,Travel,350,0
TXN000550,3609.56,00:06,Kanpur,Known,8,Electronics,386,0
TXN000551,2696.83,12:31,Jhansi,Known,6,Food,1154,0
TXN000552,3228.92,18:19,Kanpur,New,5,Food,1213,1
TXN000553,2457.21,00:58,Mumbai,Known,2,Fuel,390,0
TXN000554,15250.52,13:05,Mumbai,Known,4,Travel,215,0
TXN000555,1642.69,09:45,Jaipur,New,4,Electronics,10,0
TXN000556,1303.89,18:36,Lucknow,Known,5,Electronics,14,1
TXN000557,815.94,05:52,Noida,New,1,Electronics,401,0
TXN000558,608.91,03:59,Kanpur,Known,2,Food,432,0
TXN000559,487.28,02:52,Pune,Known,2,Fuel,697,0
TXN000560,707.9,09:22,Noida,Known,3,Bills,950,0
TXN000561,1671.25,11:41,Delhi,Known,4,Food,797,0
TXN000562,2556.9,22:09,Lucknow,Known,5,Bills,421,0
TXN000563,1899.3,11:29,Noida,Known,4,Shopping,656,0
TXN000564,805.71,04:16,Delhi,New,2,Bills,353,0
TXN000565,4631.96,16:15,Kanpur,Known,9,Electronics,513,0
TXN000566,3912.47,01:34,Mumbai,Known,6,Shopping,593,0
TXN000567,1522.2,08:07,Delhi,Known,3,Shopping,1018,0
TXN000568,906.85,15:34,Jaipur,Known,6,Food,1082,0
TXN000569,3201.55,06:24,Jaipur,Known,7,Food,351,0
TXN000570,2192.76,14:13,Noida,Known,6,Food,707,0
TXN000571,393.47,10:33,Mumbai,Known,5,Entertainment,998,0
TXN000572,1676.0,22:45,Jaipur,Known,7,Entertainment,642,0
TXN000573,2370.08,06:36,Jhansi,Known,5,Food,549,0
TXN000574,699.85,21:05,Jaipur,Known,6,Food,1122,0
TXN000575,2197.06,15:33,Delhi,New,3,Electronics,970,0
TXN000576,390.71,17:37,Delhi,Known,4,Fuel,683,0
TXN000577,7321.26,04:41,Noida,Known,4,Food,312,0
TXN000578,6673.43,00:25,Jaipur,Known,2,Food,35,0
TXN000579,1380.77,17:05,Delhi,Known,3,Electronics,778,0
TXN000580,2636.4,11:07,Mumbai,Known,2,Food,956,0
TXN000581,143.33,07:19,Jhansi,New,5,Travel,257,0
TXN000582,534.52,21:38,Jaipur,Known,5,Bills,1115,0
TXN000583,1322.23,07:44,Pune,Known,3,Entertainment,558,0
TXN000584,583.94,10:40,Jaipur,Known,2,Travel,10,0
TXN000585,3811.04,17:18,Noida,Known,2,Shopping,905,0
TXN000586,14657.44,23:26,Pune,Known,4,Bills,659,0
TXN000587,523.27,21:02,Kanpur,New,2,Entertainment,638,0
TXN000588,747.1,15:47,Delhi,New,7,Electronics,1053,0
TXN000589,2304.83,02:21,Noida,Known,4,Bills,1333,0
TXN000590,9771.39,02:30,Jhansi,Known,4,Electronics,945,1
TXN000591,498.72,16:26,Kanpur,Known,6,Electronics,527,0
TXN000592,2337.95,12:17,Mumbai,Known,2,Travel,10,0
TXN000593,12184.33,03:10,Pune,Known,6,Electronics,961,0
TXN000594,317.73,16:57,Pune,Known,3,Shopping,722,0
TXN000595,468.91,22:07,Lucknow,Known,5,Bills,372,0
TXN000596,1153.73,01:56,Jaipur,New,7,Entertainment,482,0
TXN000597,1042.03,19:06,Lucknow,Known,7,Travel,1328,0
TXN000598,4224.99,08:05,Delhi,Known,3,Bills,1100,0
TXN000599,2319.91,09:54,Delhi,Known,3,Shopping,1175,0
TXN000600,279.17,17:56,Kanpur,Known,4,Fuel,1143,0
TXN000601,3092.46,05:53,Delhi,Known,3,Shopping,809,0
TXN000602,981.54,03:46,Noida,Known,1,Food,265,0
TXN000603,6861.71,23:29,Pune,Known,7,Electronics,745,0
TXN000604,931.29,08:06,Kanpur,Known,4,Food,975,0
TXN000605,922.51,04:35,Pune,Known,7,Shopping,652,0
TXN000606,3177.12,16:31,Jaipur,New,7,Shopping,812,0
TXN000607,4010.27,05:44,Lucknow,Known,5,Electronics,935,1
TXN000608,2881.44,18:02,Delhi,Known,2,Electronics,1107,0
TXN000609,306.64,01:04,Mumbai,Known,4,Fuel,1097,0
TXN000610,3166.8,12:35,Jhansi,Known,4,Food,546,0
TXN000611,607.6,09:51,Lucknow,New,3,Electronics,146,0
TXN000612,2304.41,22:55,Noida,Known,4,Food,1345,0
TXN000613,403.68,12:34,Noida,Known,4,Bills,836,0
TXN000614,2876.07,22:22,Jhansi,Known,3,Bills,577,0
TXN000615,771.71,05:28,Delhi,Known,2,Entertainment,10,0
TXN000616,468.14,11:30,Mumbai,Known,5,Electronics,1000,0
TXN000617,3808.74,19:37,Lucknow,Known,6,Bills,908,0
TXN000618,2319.88,03:13,Pune,Known,7,Electronics,583,0
TXN000619,944.7,22:23,Noida,Known,4,Food,861,0
TXN000620,8260.82,18:32,Jhansi,Known,7,Bills,1292,0
TXN000621,1133.26,16:51,Noida,Known,2,Food,168,0
TXN000622,1861.72,05:48,Kanpur,Known,4,Travel,1172,0
TXN000623,2387.26,19:45,Delhi,Known,2,Entertainment,308,0
TXN000624,939.07,20:12,Mumbai,Known,4,Shopping,204,0
TXN000625,2951.99,07:24,Delhi,Known,4,Shopping,587,0
TXN000626,1028.05,14:33,Delhi,Known,4,Food,1274,0
TXN000627,1168.32,01:58,Mumbai,Known,5,Electronics,373,0
TXN000628,7527.49,09:21,Pune,Known,2,Fuel,642,0
TXN000629,603.61,03:55,Delhi,Known,3,Electronics,79,0
TXN000630,142.9,13:44,Delhi,Known,3,Shopping,917,0
TXN000631,9769.55,13:38,Delhi,Known,3,Electronics,341,0
TXN000632,26169.14,12:42,Mumbai,Known,6,Bills,508,0
TXN000633,1176.16,16:47,Mumbai,Known,5,Entertainment,1078,0
TXN000634,235.54,22:41,Delhi,Known,4,Shopping,413,0
TXN000635,1299.24,04:40,Mumbai,Known,2,Fuel,878,0
TXN000636,1332.76,05:22,Jaipur,Known,2,Bills,831,0
TXN000637,1474.57,05:25,Mumbai,Known,3,Fuel,800,0
TXN000638,559.19,22:35,Mumbai,Known,5,Bills,270,0
TXN000639,3307.94,02:50,Kanpur,Known,3,Fuel,775,0
TXN000640,3122.14,00:39,Mumbai,Known,5,Shopping,624,0
TXN000641,374.81,03:59,Kanpur,Known,8,Travel,585,0
TXN000642,3750.7,18:40,Lucknow,Known,3,Travel,1001,0
TXN000643,15535.16,13:24,Pune,Known,4,Shopping,169,0
TXN000644,2156.19,22:34,Jaipur,Known,2,Food,424,0
TXN000645,1263.13,04:37,Noida,Known,2,Bills,694,0
TXN000646,1550.66,09:52,Mumbai,Known,1,Bills,1339,0
TXN000647,3434.28,13:15,Kanpur,Known,2,Food,10,0
TXN000648,292.46,01:14,Mumbai,Known,5,Fuel,782,0
TXN000649,2139.13,22:12,Pune,Known,5,Fuel,624,0
TXN000650,1194.59,19:03,Delhi,Known,4,Shopping,1018,0
TXN000651,12528.46,03:40,Noida,Known,3,Bills,398,0
TXN000652,1499.16,20:57,Mumbai,Known,5,Bills,613,0
TXN000653,10371.57,10:36,Kanpur,New,5,Bills,322,0
TXN000654,564.88,08:03,Mumbai,Known,5,Food,524,0
TXN000655,3334.79,22:21,Lucknow,Known,4,Shopping,965,0
TXN000656,2517.22,12:54,Noida,Known,4,Food,870,0
TXN000657,722.73,05:03,Jhansi,Known,3,Fuel,586,0
TXN000658,2168.54,19:36,Mumbai,Known,6,Electronics,1075,0
TXN000659,6429.72,17:26,Delhi,Known,5,Fuel,1721,0
TXN000660,1281.21,04:55,Pune,Known,3,Bills,367,0
TXN000661,304.59,16:30,Kanpur,Known,5,Food,920,0
TXN000662,1767.11,15:33,Jhansi,Known,3,Entertainment,721,0
TXN000663,697.85,06:43,Kanpur,Known,4,Electronics,1155,0
TXN000664,1256.5,10:49,Jhansi,Known,4,Entertainment,468,0
TXN000665,1652.22,20:30,Jhansi,Known,2,Food,1122,0
TXN000666,300.25,04:43,Delhi,Known,2,Shopping,656,0
TXN000667,330.0,17:48,Kanpur,Known,1,Electronics,603,0
TXN000668,2986.07,19:31,Kanpur,Known,3,Entertainment,767,0
TXN000669,1039.7,22:42,Delhi,New,2,Food,766,0
TXN000670,121.82,07:21,Noida,Known,3,Travel,321,0
TXN000671,4103.63,06:21,Mumbai,Known,5,Food,713,0
TXN000672,2395.94,22:00,Delhi,Known,3,Shopping,1262,0
TXN000673,850.63,11:40,Pune,Known,5,Travel,211,0
TXN000674,451.63,13:15,Pune,Known,4,Shopping,898,0
TXN000675,4329.21,12:48,Mumbai,Known,3,Shopping,1128,0
TXN000676,2597.64,12:57,Noida,Known,2,Fuel,687,0
TXN000677,21966.51,14:52,Delhi,Known,5,Bills,602,0
TXN000678,2798.22,10:16,Noida,Known,4,Food,704,0
TXN000679,2704.39,09:39,Kanpur,Known,4,Shopping,309,0
TXN000680,1510.61,09:45,Pune,Known,6,Travel,613,0
TXN000681,4243.55,15:30,Lucknow,New,10,Entertainment,1416,0
TXN000682,3469.9,19:30,Lucknow,Known,5,Shopping,646,0
TXN000683,6699.94,13:26,Pune,Known,2,Shopping,705,0
TXN000684,1041.22,16:18,Delhi,Known,4,Food,308,0
TXN000685,1139.52,09:34,Mumbai,New,5,Food,870,0
TXN000686,1088.42,18:59,Lucknow,New,5,Electronics,256,0
TXN000687,4129.38,09:13,Jhansi,Known,3,Shopping,617,0
TXN000688,8680.51,10:02,Delhi,Known,4,Travel,10,0
TXN000689,1111.83,01:03,Kanpur,New,1,Shopping,710,0
TXN000690,1152.32,06:34,Lucknow,Known,2,Shopping,767,0
TXN000691,2503.19,17:16,Jhansi,Known,5,Fuel,384,0
TXN000692,1390.6,02:27,Jaipur,Known,6,Fuel,474,0
TXN000693,4891.23,05:57,Lucknow,Known,3,Entertainment,412,0
TXN000694,169.22,18:04,Kanpur,Known,5,Travel,982,0
TXN000695,755.59,20:10,Kanpur,Known,3,Entertainment,471,0
TXN000696,791.56,09:12,Delhi,Known,4,Food,1279,0
TXN000697,157.46,09:27,Pune,Known,5,Travel,1300,0
TXN000698,654.4,12:41,Pune,Known,2,Electronics,723,0
TXN000699,688.58,18:10,Pune,Known,4,Fuel,1347,0
TXN000700,1457.36,11:06,Jaipur,Known,4,Shopping,1308,0
TXN000701,5791.56,04:05,Kanpur,New,2,Food,867,0
TXN000702,1391.63,10:48,Jhansi,Known,2,Electronics,327,0
TXN000703,609.83,06:01,Delhi,Known,4,Fuel,853,0
TXN000704,1695.51,16:37,Jaipur,Known,2,Fuel,794,0
TXN000705,5416.33,03:34,Jhansi,Known,3,Fuel,472,0
TXN000706,645.99,14:06,Mumbai,Known,7,Fuel,1544,0
TXN000707,691.9,03:33,Pune,Known,3,Food,970,0
TXN000708,3235.76,23:17,Jhansi,Known,4,Bills,199,0
TXN000709,1426.43,15:30,Jaipur,Known,2,Travel,872,0
TXN000710,3552.48,03:08,Noida,Known,4,Food,723,0
TXN000711,1774.39,23:40,Pune,Known,2,Shopping,886,0
TXN000712,3760.43,13:47,Kanpur,Known,4,Shopping,631,0
TXN000713,607.11,14:00,Kanpur,Known,2,Food,172,0
TXN000714,1777.3,01:31,Noida,Known,5,Food,1147,0
TXN000715,1442.77,04:38,Delhi,New,1,Bills,1456,0
TXN000716,502.13,19:00,Delhi,Known,4,Electronics,526,0
TXN000717,348.59,11:43,Jaipur,Known,3,Shopping,643,0
TXN000718,3698.11,14:32,Jaipur,Known,5,Bills,1174,0
TXN000719,1245.19,23:18,Jaipur,Known,6,Shopping,501,0
TXN000720,615.32,10:28,Delhi,Known,6,Shopping,1060,0
TXN000721,1627.1,09:40,Mumbai,Known,3,Food,672,0
TXN000722,5883.82,19:38,Jaipur,Known,5,Food,361,0
TXN000723,164.15,01:46,Delhi,Known,4,Food,457,0
TXN000724,373.93,10:02,Lucknow,Known,4,Bills,682,0
TXN000725,683.01,20:47,Lucknow,Known,4,Travel,714,0
TXN000726,8348.02,05:02,Pune,Known,2,Travel,218,0
TXN000727,2421.78,07:39,Kanpur,Known,2,Shopping,782,0
TXN000728,4028.8,11:20,Mumbai,Known,4,Electronics,10,0
TXN000729,543.69,01:03,Kanpur,Known,2,Fuel,982,0
TXN000730,555.59,01:41,Delhi,Known,2,Shopping,1024,0
TXN000731,2880.58,06:33,Noida,Known,4,Shopping,379,0
TXN000732,1913.58,21:39,Jhansi,Known,2,Shopping,724,0
TXN000733,3202.6,05:22,Jhansi,Known,3,Food,515,0
TXN000734,1478.06,17:16,Lucknow,Known,4,Travel,532,0
TXN000735,2410.51,10:37,Mumbai,Known,3,Food,591,0
TXN000736,2125.08,18:12,Delhi,Known,6,Food,641,0
TXN000737,4073.25,07:48,Jaipur,Known,4,Travel,481,0
TXN000738,4200.26,20:40,Lucknow,Known,1,Bills,807,0
TXN000739,328.55,08:59,Kanpur,Known,6,Shopping,1334,0
TXN000740,170.02,18:01,Lucknow,Known,8,Food,895,0
TXN000741,5153.21,19:35,Jaipur,Known,6,Fuel,620,0
TXN000742,6264.5,10:33,Pune,Known,3,Food,1213,0
TXN000743,616.39,16:51,Delhi,Known,3,Shopping,1182,0
TXN000744,255.37,02:25,Jhansi,Known,4,Electronics,1070,0
TXN000745,1997.25,11:56,Kanpur,Known,7,Bills,874,0
TXN000746,4783.47,08:14,Pune,Known,4,Bills,879,0
TXN000747,11884.81,22:51,Jaipur,Known,2,Shopping,979,0
TXN000748,3095.34,22:31,Noida,Known,2,Bills,1193,0
TXN000749,1218.33,18:56,Pune,Known,5,Shopping,413,0
TXN000750,704.69,22:13,Kanpur,Known,6,Electronics,640,0
TXN000751,1821.77,23:15,Lucknow,Known,5,Shopping,1081,0
TXN000752,1314.63,18:33,Jhansi,Known,6,Travel,745,0
TXN000753,620.0,14:33,Noida,Known,2,Shopping,739,0
TXN000754,15471.2,04:08,Mumbai,Known,6,Entertainment,1067,0
TXN000755,11730.75,19:39,Kanpur,Known,9,Bills,306,0
TXN000756,5933.64,04:24,Delhi,Known,2,Shopping,1098,0
TXN000757,684.47,04:09,Mumbai,Known,3,Food,317,0
TXN000758,4417.43,21:30,Pune,Known,3,Travel,547,0
TXN000759,3523.29,02:41,Delhi,Known,3,Shopping,41,0
TXN000760,2864.69,03:01,Pune,Known,3,Shopping,507,0
TXN000761,6685.46,12:55,Lucknow,Known,5,Electronics,940,0
TXN000762,3507.58,14:36,Noida,Known,3,Bills,780,0
TXN000763,3914.95,01:15,Jaipur,Known,2,Fuel,597,0
TXN000764,3513.24,09:45,Pune,Known,6,Travel,883,0
TXN000765,2574.4,05:50,Pune,Known,2,Fuel,889,0
TXN000766,276.65,07:57,Mumbai,Known,2,Shopping,249,0
TXN000767,1965.19,04:47,Lucknow,Known,3,Electronics,1159,0
TXN000768,1003.79,16:12,Noida,Known,5,Food,943,0
TXN000769,469.52,11:09,Noida,New,5,Food,92,0
TXN000770,10524.38,23:12,Pune,Known,4,Food,1381,0
TXN000771,11058.86,00:52,Noida,Known,4,Bills,583,0
TXN000772,7500.49,18:18,Mumbai,Known,5,Entertainment,254,0
TXN000773,2353.16,21:19,Mumbai,Known,4,Travel,163,0
TXN000774,7433.1,11:53,Jaipur,Known,5,Food,42,0
TXN000775,1822.93,16:12,Kanpur,New,4,Fuel,497,0
TXN000776,2227.15,10:24,Noida,Known,5,Shopping,387,0
TXN000777,571.0,14:17,Jhansi,New,3,Bills,229,0
TXN000778,2730.89,21:18,Jaipur,Known,1,Fuel,566,0
TXN000779,1917.83,12:35,Pune,Known,4,Shopping,1340,0
TXN000780,458.41,13:44,Mumbai,Known,5,Electronics,406,0
TXN000781,1705.79,23:15,Pune,Known,3,Fuel,562,0
TXN000782,1655.45,11:02,Mumbai,Known,4,Entertainment,938,0
TXN000783,11884.39,04:38,Lucknow,Known,4,Shopping,1457,0
TXN000784,4603.01,16:32,Pune,Known,1,Bills,778,0
TXN000785,1821.76,16:39,Mumbai,Known,2,Fuel,892,0
TXN000786,2337.34,05:27,Mumbai,Known,3,Shopping,1054,0
TXN000787,1885.53,17:46,Noida,Known,6,Shopping,904,0
TXN000788,1454.59,01:37,Jaipur,Known,7,Food,10,0
TXN000789,577.66,07:45,Delhi,Known,7,Food,377,0
TXN000790,1536.0,20:43,Noida,Known,3,Shopping,996,0
TXN000791,822.33,14:29,Kanpur,Known,1,Food,474,0
TXN000792,484.3,14:19,Lucknow,New,3,Shopping,153,0
TXN000793,3078.89,14:34,Noida,New,2,Shopping,585,0
TXN000794,2714.52,03:38,Kanpur,Known,3,Travel,931,0
TXN000795,275.75,23:34,Pune,Known,5,Electronics,913,0
TXN000796,1582.44,07:31,Noida,Known,3,Shopping,719,0
TXN000797,5120.61,18:20,Jaipur,Known,3,Food,10,0
TXN000798,5473.79,23:08,Pune,Known,3,Travel,786,0
TXN000799,5285.23,05:25,Delhi,New,3,Bills,156,0
TXN000800,1875.07,15:52,Noida,New,4,Travel,933,0
TXN000801,741.18,01:43,Jhansi,Known,3,Travel,856,0
TXN000802,576.89,15:45,Delhi,Known,4,Shopping,470,0
TXN000803,2584.73,10:44,Jhansi,Known,4,Travel,134,0
TXN000804,2680.57,01:55,Noida,Known,4,Fuel,1176,0
TXN000805,6955.16,16:13,Mumbai,Known,6,Shopping,823,0
TXN000806,5713.12,23:43,Lucknow,Known,4,Entertainment,308,0
TXN000807,1566.66,01:04,Kanpur,Known,4,Food,1319,0
TXN000808,487.42,21:14,Lucknow,Known,3,Shopping,718,0
TXN000809,1287.53,20:01,Pune,Known,5,Entertainment,428,0
TXN000810,2261.16,13:25,Delhi,Known,5,Bills,1145,0
TXN000811,1455.86,21:08,Noida,New,5,Food,1035,0
TXN000812,981.18,07:23,Noida,Known,3,Shopping,947,0
TXN000813,2347.42,17:08,Lucknow,Known,3,Fuel,804,0
TXN000814,1060.38,16:02,Kanpur,Known,6,Travel,230,0
TXN000815,930.83,13:28,Delhi,Known,3,Entertainment,251,0
TXN000816,2496.31,20:24,Mumbai,Known,3,Bills,531,0
TXN000817,1180.21,21:25,Kanpur,Known,3,Fuel,10,0
TXN000818,2325.87,18:20,Mumbai,Known,2,Travel,819,0
TXN000819,2398.04,14:24,Pune,Known,2,Entertainment,665,0
TXN000820,544.1,23:00,Jhansi,Known,3,Electronics,721,0
TXN000821,1085.98,13:28,Delhi,Known,8,Food,1357,0
TXN000822,8145.39,15:50,Lucknow,Known,4,Fuel,219,0
TXN000823,531.32,04:08,Pune,Known,3,Travel,756,1
TXN000824,195.01,07:08,Mumbai,New,6,Bills,222,0
TXN000825,254.83,21:46,Noida,Known,4,Electronics,1234,0
TXN000826,1855.87,11:30,Delhi,Known,6,Food,267,0
TXN000827,1859.39,12:15,Jaipur,Known,5,Fuel,1495,0
TXN000828,1590.89,19:47,Lucknow,Known,6,Entertainment,294,0
TXN000829,6441.01,07:19,Kanpur,Known,5,Food,830,0
TXN000830,108.75,06:36,Kanpur,Known,1,Food,914,0
TXN000831,2727.86,00:33,Lucknow,Known,4,Shopping,1062,0
TXN000832,9274.76,05:10,Noida,Known,4,Food,249,0
TXN000833,550.8,12:45,Delhi,New,3,Travel,201,0
TXN000834,1208.03,17:37,Delhi,New,3,Food,504,0
TXN000835,816.48,07:12,Mumbai,Known,6,Entertainment,991,0
TXN000836,703.79,10:45,Jhansi,Known,3,Food,702,0
TXN000837,1277.89,05:37,Pune,New,5,Food,1153,0
TXN000838,8057.85,19:51,Delhi,Known,3,Shopping,349,0
TXN000839,12391.9,12:49,Pune,Known,3,Electronics,593,0
TXN000840,1264.97,03:19,Pune,Known,4,Bills,667,0
TXN000841,13304.47,14:56,Delhi,Known,8,Travel,645,0
TXN000842,1868.51,08:02,Delhi,Known,3,Entertainment,947,0
TXN000843,11349.37,20:20,Lucknow,Known,3,Shopping,1220,0
TXN000844,1632.03,06:36,Delhi,Known,4,Food,453,0
TXN000845,2065.55,20:32,Noida,Known,4,Entertainment,505,0
TXN000846,2642.0,16:13,Kanpur,Known,4,Travel,825,0
TXN000847,50682.62,03:11,Lucknow,Known,1,Electronics,840,0
TXN000848,4400.14,18:46,Noida,Known,4,Electronics,1153,0
TXN000849,856.55,17:52,Mumbai,Known,2,Food,739,0
TXN000850,4979.03,10:40,Pune,Known,5,Shopping,614,0
TXN000851,1231.04,03:31,Jhansi,Known,2,Shopping,1434,0
TXN000852,1076.32,11:46,Lucknow,Known,6,Shopping,838,0
TXN000853,4673.08,14:14,Kanpur,Known,2,Shopping,1000,0
TXN000854,1859.72,03:58,Mumbai,Known,3,Electronics,37,0
TXN000855,2411.6,08:07,Jaipur,Known,3,Bills,642,0
TXN000856,1826.63,16:35,Lucknow,Known,1,Entertainment,1174,0
TXN000857,2563.05,13:20,Pune,Known,4,Food,748,0
TXN000858,2812.29,23:54,Jaipur,Known,3,Bills,671,0
TXN000859,235.5,05:14,Kanpur,Known,1,Shopping,10,0
TXN000860,3624.4,18:38,Noida,Known,4,Electronics,645,0
TXN000861,641.89,10:09,Kanpur,Known,6,Food,1226,0
TXN000862,395.89,05:10,Delhi,Known,6,Food,705,0
TXN000863,1692.92,22:24,Jaipur,Known,2,Bills,901,0
TXN000864,1965.93,14:47,Lucknow,Known,2,Electronics,566,0
TXN000865,869.02,12:16,Pune,Known,2,Shopping,562,0
TXN000866,4307.55,07:41,Jhansi,Known,6,Entertainment,726,0
TXN000867,439.77,21:34,Delhi,New,2,Bills,912,0
TXN000868,1174.09,00:58,Lucknow,Known,4,Shopping,1028,0
TXN000869,974.01,02:18,Mumbai,Known,3,Food,1000,0
TXN000870,1714.07,04:14,Delhi,Known,3,Shopping,562,0
TXN000871,2412.33,15:54,Noida,New,6,Fuel,790,0
TXN000872,624.69,02:19,Delhi,Known,6,Shopping,169,0
TXN000873,3850.81,19:12,Jaipur,Known,3,Electronics,809,0
TXN000874,1923.1,04:49,Lucknow,Known,4,Entertainment,10,0
TXN000875,246.9,16:48,Kanpur,Known,3,Entertainment,66,0
TXN000876,230.22,19:03,Mumbai,Known,6,Electronics,786,0
TXN000877,1776.87,21:51,Delhi,Known,4,Bills,927,0
TXN000878,1427.28,07:37,Jhansi,Known,1,Shopping,192,0
TXN000879,1614.77,01:16,Lucknow,New,2,Electronics,934,1
TXN000880,1747.88,18:32,Jhansi,Known,5,Food,631,0
TXN000881,2281.02,10:14,Kanpur,New,5,Shopping,1177,0
TXN000882,4868.66,22:10,Mumbai,Known,4,Fuel,1312,0
TXN000883,560.53,04:07,Kanpur,Known,7,Bills,10,0
TXN000884,525.83,13:09,Mumbai,Known,8,Travel,1508,0
TXN000885,571.09,02:34,Mumbai,Known,5,Fuel,1085,0
TXN000886,2437.93,11:48,Noida,Known,5,Shopping,955,0
TXN000887,6652.42,00:29,Delhi,Known,2,Entertainment,561,0
TXN000888,1144.4,18:00,Mumbai,New,2,Fuel,919,0
TXN000889,130.16,14:25,Kanpur,Known,2,Bills,856,0
TXN000890,300.77,02:44,Kanpur,Known,1,Bills,1062,0
TXN000891,750.59,11:50,Jaipur,Known,7,Electronics,855,1
TXN000892,1002.17,10:43,Pune,Known,5,Fuel,938,0
TXN000893,1172.31,16:22,Noida,Known,4,Food,1017,0
TXN000894,1874.42,11:38,Kanpur,New,4,Shopping,10,0
TXN000895,1297.52,11:04,Lucknow,Known,3,Travel,585,0
TXN000896,5417.28,19:24,Delhi,Known,2,Food,707,0
TXN000897,885.12,12:32,Pune,Known,3,Bills,545,0
TXN000898,727.86,19:01,Lucknow,Known,4,Shopping,1179,0
TXN000899,2976.08,21:00,Mumbai,Known,4,Entertainment,1385,0
TXN000900,358.93,20:48,Jhansi,Known,3,Bills,766,0
TXN000901,2710.04,22:13,Noida,Known,4,Shopping,764,0
TXN000902,2004.65,16:07,Kanpur,Known,3,Food,754,0
TXN000903,1541.83,13:35,Delhi,Known,5,Food,48,0
TXN000904,9539.84,12:16,Jaipur,New,2,Food,337,0
TXN000905,936.57,04:58,Delhi,Known,4,Shopping,341,0
TXN000906,15659.84,19:56,Jaipur,Known,1,Food,1044,0
TXN000907,1420.61,16:49,Lucknow,Known,1,Electronics,539,0
TXN000908,470.91,20:18,Jaipur,Known,3,Travel,673,0
TXN000909,1937.12,16:52,Jaipur,Known,6,Bills,633,0
TXN000910,581.43,11:15,Lucknow,Known,5,Bills,594,0
TXN000911,817.46,07:14,Pune,Known,6,Food,1582,0
TXN000912,2731.01,23:58,Delhi,Known,6,Entertainment,748,0
TXN000913,3225.69,17:40,Delhi,Known,3,Travel,1293,0
TXN000914,936.61,20:05,Lucknow,Known,4,Fuel,407,0
TXN000915,5076.2,14:53,Jhansi,Known,2,Shopping,236,0
TXN000916,6068.85,12:09,Delhi,Known,4,Electronics,1077,0
TXN000917,8132.79,00:40,Kanpur,Known,4,Shopping,768,0
TXN000918,3138.27,01:26,Jaipur,Known,3,Shopping,966,0
TXN000919,7533.7,16:01,Pune,Known,4,Shopping,1460,0
TXN000920,249.81,05:47,Mumbai,Known,3,Food,781,0
TXN000921,1289.15,01:41,Kanpur,Known,5,Shopping,867,0
TXN000922,724.29,18:53,Delhi,Known,3,Fuel,560,0
TXN000923,2040.05,14:36,Mumbai,Known,4,Shopping,758,0
TXN000924,987.84,02:45,Jaipur,Known,3,Fuel,813,0
TXN000925,1511.83,11:54,Jaipur,Known,4,Electronics,907,0
TXN000926,12988.58,11:58,Mumbai,Known,3,Entertainment,823,0
TXN000927,1506.19,00:33,Mumbai,Known,6,Shopping,50,0
TXN000928,2779.49,14:01,Lucknow,Known,1,Entertainment,1341,0
TXN000929,1410.44,09:20,Lucknow,New,4,Food,737,0
TXN000930,1948.94,21:37,Delhi,Known,6,Food,1366,0
TXN000931,1811.41,02:06,Delhi,Known,6,Shopping,353,0
TXN000932,2882.12,20:06,Lucknow,Known,3,Bills,490,0
TXN000933,6118.76,00:23,Mumbai,Known,3,Fuel,615,0
TXN000934,10150.78,18:54,Pune,Known,3,Shopping,527,0
TXN000935,2491.51,18:19,Noida,Known,7,Food,851,0
TXN000936,3342.81,09:56,Kanpur,Known,3,Bills,1158,0
TXN000937,537.61,06:48,Lucknow,Known,3,Bills,1277,0
TXN000938,1641.35,03:18,Pune,Known,4,Shopping,503,0
TXN000939,4831.18,08:13,Delhi,Known,8,Food,448,0
TXN000940,4468.5,16:49,Pune,Known,2,Entertainment,1022,0
TXN000941,2247.86,17:45,Delhi,Known,2,Shopping,256,0
TXN000942,4565.37,04:37,Jaipur,Known,6,Shopping,981,0
TXN000943,3013.47,00:58,Delhi,Known,3,Entertainment,600,0
TXN000944,6347.8,13:06,Pune,New,3,Fuel,514,0
TXN000945,2439.06,13:23,Delhi,New,1,Food,10,0
TXN000946,1239.0,23:36,Pune,Known,6,Electronics,811,0
TXN000947,2561.06,18:04,Jhansi,Known,6,Electronics,1190,0
TXN000948,82.96,13:58,Delhi,Known,4,Shopping,202,0
TXN000949,2690.74,14:34,Noida,Known,2,Fuel,818,0
TXN000950,50.0,15:18,Delhi,New,5,Food,909,0
TXN000951,294.68,10:14,Kanpur,Known,4,Electronics,478,0
TXN000952,2892.57,16:00,Mumbai,Known,3,Travel,881,0
TXN000953,2971.87,04:35,Noida,Known,4,Fuel,1076,0
TXN000954,531.12,19:58,Pune,Known,1,Food,776,0
TXN000955,852.21,20:02,Kanpur,Known,4,Bills,932,0
TXN000956,7590.18,10:24,Noida,Known,4,Travel,590,0
TXN000957,1082.81,10:39,Jaipur,Known,3,Entertainment,1041,0
TXN000958,18969.89,11:25,Noida,Known,5,Shopping,10,0
TXN000959,1796.38,19:39,Mumbai,Known,2,Entertainment,1023,0
TXN000960,2762.74,04:42,Kanpur,New,6,Food,1217,0
TXN000961,9830.65,08:57,Mumbai,Known,3,Entertainment,384,0
TXN000962,2065.49,14:36,Lucknow,Known,3,Bills,374,0
TXN000963,628.34,16:42,Mumbai,Known,2,Electronics,1379,0
TXN000964,1604.12,07:18,Pune,Known,7,Food,862,0
TXN000965,1733.94,02:09,Jhansi,Known,1,Bills,60,0
TXN000966,429.47,12:05,Jhansi,Known,5,Electronics,607,0
TXN000967,1375.98,15:06,Delhi,Known,2,Fuel,10,0
TXN000968,825.71,18:49,Delhi,Known,4,Electronics,605,0
TXN000969,4751.03,00:02,Pune,New,3,Shopping,687,0
TXN000970,1866.62,00:29,Kanpur,Known,4,Food,957,0
TXN000971,1337.57,09:36,Jaipur,Known,1,Entertainment,712,0
TXN000972,1610.1,13:40,Kanpur,Known,4,Shopping,1370,0
TXN000973,2275.19,00:03,Mumbai,Known,4,Electronics,747,0
TXN000974,3439.9,04:51,Noida,Known,3,Travel,10,0
TXN000975,630.08,10:26,Noida,Known,3,Bills,958,0
TXN000976,602.97,06:01,Delhi,Known,4,Shopping,745,0
TXN000977,5741.38,17:07,Noida,New,3,Bills,628,0
TXN000978,1167.46,00:51,Mumbai,Known,2,Food,1143,0
TXN000979,406.61,21:56,Mumbai,Known,5,Bills,1049,0
TXN000980,2868.5,04:45,Delhi,Known,2,Entertainment,337,0
TXN000981,2928.02,10:20,Jhansi,Known,6,Entertainment,813,0
TXN000982,360.79,23:56,Noida,New,7,Food,1338,1
TXN000983,2290.44,15:16,Mumbai,Known,5,Electronics,732,0
TXN000984,3896.77,23:14,Pune,Known,4,Bills,159,0
TXN000985,2666.84,00:45,Noida,New,1,Bills,866,1
TXN000986,3495.12,17:19,Lucknow,New,6,Bills,569,0
TXN000987,412.01,01:31,Delhi,Known,6,Fuel,713,0
TXN000988,2548.18,14:39,Mumbai,Known,3,Bills,297,0
TXN000989,1310.01,07:09,Delhi,Known,4,Food,841,0
TXN000990,1084.22,18:55,Jaipur,Known,3,Food,456,0
TXN000991,4490.08,02:09,Pune,Known,9,Fuel,1039,0
TXN000992,8508.15,21:59,Delhi,Known,3,Bills,1267,0
TXN000993,11844.64,11:16,Kanpur,Known,3,Food,778,0
TXN000994,7158.75,12:25,Mumbai,Known,7,Bills,300,0
TXN000995,1604.1,13:15,Delhi,Known,2,Shopping,383,0
TXN000996,2606.85,00:32,Mumbai,Known,3,Fuel,774,0
TXN000997,4026.71,07:00,Delhi,New,5,Electronics,834,0
TXN000998,2044.23,17:10,Mumbai,Known,5,Bills,478,0
TXN000999,2064.91,23:31,Mumbai,Known,3,Electronics,615,0
TXN001000,4274.76,23:41,Lucknow,New,5,Food,943,0
TXN001001,1691.37,12:57,Kanpur,Known,2,Bills,1149,0
TXN001002,836.97,06:50,Kanpur,Known,6,Entertainment,696,0
TXN001003,1164.85,11:55,Lucknow,Known,5,Fuel,956,0
TXN001004,3502.2,11:47,Kanpur,Known,5,Bills,698,0
TXN001005,1805.67,09:46,Lucknow,Known,6,Food,831,0
TXN001006,2572.83,08:20,Jaipur,Known,6,Travel,426,0
TXN001007,3637.77,20:54,Delhi,New,1,Shopping,864,0
TXN001008,1214.34,09:57,Jhansi,Known,3,Fuel,1274,0
TXN001009,3982.25,00:30,Mumbai,Known,4,Shopping,853,0
TXN001010,2679.34,17:07,Lucknow,Known,5,Food,876,0
TXN001011,492.25,15:02,Kanpur,Known,3,Electronics,325,0
TXN001012,8184.21,09:29,Noida,New,6,Travel,843,0
TXN001013,1063.97,15:38,Jaipur,Known,6,Fuel,10,0
TXN001014,316.62,22:33,Kanpur,Known,5,Bills,974,0
TXN001015,600.79,22:53,Mumbai,Known,3,Entertainment,1304,0
TXN001016,616.12,18:32,Pune,Known,8,Bills,477,0
TXN001017,1901.36,14:39,Mumbai,Known,2,Shopping,599,0
TXN001018,1350.19,00:45,Kanpur,Known,3,Entertainment,1101,0
TXN001019,1263.79,12:53,Pune,Known,3,Fuel,354,0
TXN001020,3450.34,19:36,Lucknow,Known,4,Bills,896,0
TXN001021,2571.93,20:33,Kanpur,Known,7,Shopping,384,0
TXN001022,2508.38,18:04,Delhi,Known,10,Food,940,0
TXN001023,2767.95,23:38,Delhi,Known,5,Fuel,598,0
TXN001024,3437.44,12:10,Jaipur,Known,3,Food,10,0
TXN001025,196.8,02:22,Delhi,Known,3,Bills,258,0
TXN001026,1227.68,11:31,Mumbai,Known,5,Fuel,660,0
TXN001027,182.42,07:04,Kanpur,Known,3,Electronics,1484,0
TXN001028,1869.46,20:41,Lucknow,Known,5,Food,597,0
TXN001029,1791.26,18:16,Delhi,Known,3,Shopping,399,0
TXN001030,5395.66,10:30,Mumbai,Known,3,Shopping,830,0
TXN001031,6263.9,09:21,Kanpur,Known,6,Food,10,0
TXN001032,2227.1,03:21,Lucknow,Known,3,Food,1235,0
TXN001033,1064.4,01:23,Pune,Known,6,Travel,958,0
TXN001034,2995.78,07:03,Mumbai,New,5,Food,487,0
TXN001035,1034.04,05:11,Jaipur,Known,4,Electronics,1003,0
TXN001036,1797.37,06:47,Mumbai,Known,3,Travel,826,0
TXN001037,5069.44,23:07,Mumbai,Known,3,Shopping,644,0
TXN001038,1002.13,16:29,Jaipur,Known,5,Entertainment,929,0
TXN001039,4194.4,13:08,Pune,New,3,Electronics,663,0
TXN001040,3665.84,04:32,Mumbai,Known,4,Bills,771,0
TXN001041,660.51,20:38,Lucknow,Known,4,Shopping,933,0
TXN001042,5004.69,15:28,Pune,Known,4,Food,541,0
TXN001043,3748.22,12:46,Delhi,Known,2,Food,646,0
TXN001044,2003.33,11:15,Mumbai,Known,4,Shopping,209,0
TXN001045,808.44,13:33,Kanpur,Known,2,Shopping,160,0
TXN001046,730.24,20:16,Pune,Known,4,Food,10,0
TXN001047,1023.51,17:30,Kanpur,Known,2,Shopping,853,0
TXN001048,3182.0,11:03,Kanpur,Known,7,Food,568,0
TXN001049,659.93,16:16,Jaipur,Known,3,Bills,205,0
TXN001050,2849.59,22:42,Delhi,Known,5,Shopping,538,0
TXN001051,488.68,07:46,Pune,New,1,Fuel,254,0
TXN001052,1452.83,21:16,Delhi,Known,2,Entertainment,777,0
TXN001053,2019.64,14:15,Noida,Known,4,Entertainment,1114,0
TXN001054,23457.1,04:17,Kanpur,Known,3,Travel,1257,0
TXN001055,423.84,23:16,Mumbai,Known,4,Shopping,635,0
TXN001056,8443.54,16:59,Kanpur,New,4,Entertainment,625,0
TXN001057,2106.7,09:39,Pune,Known,3,Entertainment,10,0
TXN001058,2771.86,05:23,Kanpur,Known,4,Bills,86,0
TXN001059,2038.17,21:27,Delhi,Known,4,Travel,1260,0
TXN001060,2871.26,19:30,Delhi,Known,6,Food,772,0
TXN001061,1531.76,01:33,Jhansi,Known,5,Fuel,1171,0
TXN001062,8285.77,15:23,Noida,Known,4,Shopping,10,0
TXN001063,1114.6,02:58,Lucknow,Known,4,Food,668,0
TXN001064,5909.92,07:17,Mumbai,Known,4,Shopping,10,0
TXN001065,915.03,13:25,Noida,Known,4,Shopping,10,0
TXN001066,1689.65,05:00,Mumbai,Known,5,Electronics,324,0
TXN001067,584.05,12:29,Delhi,Known,5,Shopping,1465,0
TXN001068,2902.47,10:51,Lucknow,Known,6,Food,361,0
TXN001069,8208.49,13:59,Kanpur,Known,3,Electronics,1225,0
TXN001070,1659.58,19:28,Jaipur,Known,5,Shopping,591,0
TXN001071,1463.83,03:08,Jhansi,New,4,Travel,1216,0
TXN001072,558.47,19:43,Mumbai,Known,3,Shopping,986,0
TXN001073,1414.86,05:38,Pune,Known,2,Shopping,1253,0
TXN001074,338.02,00:57,Mumbai,Known,3,Bills,499,0
TXN001075,690.23,10:30,Jaipur,Known,6,Fuel,812,0
TXN001076,2283.96,07:00,Mumbai,New,2,Bills,750,0
TXN001077,7190.43,04:54,Jaipur,Known,5,Fuel,1766,0
TXN001078,34379.42,10:40,Pune,Known,4,Bills,1077,0
TXN001079,972.26,20:48,Pune,Known,6,Fuel,639,0
TXN001080,8124.24,14:07,Delhi,Known,1,Food,1553,0
TXN001081,2325.02,17:27,Pune,Known,3,Electronics,1588,0
TXN001082,1535.69,03:27,Noida,Known,5,Travel,429,0
TXN001083,2834.91,01:16,Mumbai,Known,4,Bills,817,0
TXN001084,1920.91,08:50,Kanpur,Known,5,Electronics,539,0
TXN001085,2021.22,18:11,Jhansi,Known,4,Shopping,39,0
TXN001086,1172.38,21:04,Jaipur,Known,10,Electronics,776,0
TXN001087,414.69,02:14,Pune,Known,3,Electronics,10,0
TXN001088,355.93,11:59,Lucknow,Known,5,Travel,733,0
TXN001089,3574.03,09:06,Jhansi,Known,4,Shopping,678,0
TXN001090,1346.15,17:34,Mumbai,New,5,Shopping,673,0
TXN001091,962.61,04:10,Lucknow,Known,6,Entertainment,610,0
TXN001092,1816.15,11:23,Pune,Known,2,Electronics,518,0
TXN001093,4147.33,20:33,Jhansi,Known,1,Bills,10,0
TXN001094,2175.3,11:01,Pune,New,7,Entertainment,111,0
TXN001095,903.87,18:14,Kanpur,Known,2,Bills,675,0
TXN001096,6523.39,14:35,Lucknow,Known,4,Shopping,679,0
TXN001097,9449.21,14:00,Noida,Known,1,Food,1061,1
TXN001098,3025.48,06:29,Delhi,Known,5,Bills,500,0
TXN001099,5003.48,23:36,Jaipur,Known,3,Travel,248,0
TXN001100,6631.59,05:12,Jaipur,Known,5,Shopping,569,0
TXN001101,5896.69,22:09,Pune,Known,5,Bills,10,0
TXN001102,3430.1,23:29,Pune,Known,5,Travel,774,0
TXN001103,3373.84,12:43,Kanpur,Known,6,Bills,940,0
TXN001104,3106.29,20:00,Kanpur,Known,3,Electronics,1254,1
TXN001105,568.69,17:20,Pune,Known,4,Travel,815,0
TXN001106,3756.72,17:59,Mumbai,Known,5,Shopping,225,0
TXN001107,433.52,01:20,Pune,Known,4,Shopping,409,0
TXN001108,781.5,03:19,Mumbai,Known,5,Fuel,622,0
TXN001109,7074.73,01:44,Pune,Known,4,Shopping,404,0
TXN001110,4349.31,00:28,Kanpur,Known,4,Shopping,206,0
TXN001111,8581.04,20:23,Pune,Known,4,Shopping,444,0
TXN001112,1353.28,04:47,Kanpur,Known,4,Bills,1106,0
TXN001113,536.83,00:01,Jhansi,Known,3,Bills,856,0
TXN001114,1398.4,22:42,Jaipur,Known,2,Food,1057,0
TXN001115,2003.55,06:22,Lucknow,New,3,Fuel,368,0
TXN001116,1955.65,19:53,Mumbai,Known,2,Shopping,1275,0
TXN001117,5918.9,23:43,Delhi,Known,5,Shopping,845,0
TXN001118,1231.77,12:56,Jhansi,Known,6,Food,868,0
TXN001119,2604.97,22:07,Jhansi,Known,2,Shopping,675,0
TXN001120,637.45,23:11,Jhansi,Known,10,Shopping,10,0
TXN001121,2888.16,03:54,Delhi,New,5,Shopping,1278,1
TXN001122,1805.88,03:23,Delhi,Known,3,Food,827,0
TXN001123,819.13,08:48,Pune,Known,3,Fuel,271,0
TXN001124,1405.18,13:41,Noida,Known,3,Bills,1569,0
TXN001125,1483.5,18:29,Delhi,Known,5,Electronics,707,0
TXN001126,1355.44,04:02,Delhi,Known,8,Food,542,0
TXN001127,11561.67,04:04,Delhi,Known,4,Travel,289,0
TXN001128,1623.23,07:43,Pune,Known,4,Bills,434,0
TXN001129,1393.33,06:05,Noida,Known,2,Travel,23,0
TXN001130,198.98,22:00,Jhansi,Known,3,Bills,511,0
TXN001131,703.89,09:13,Jhansi,Known,2,Food,645,0
TXN001132,1365.55,20:54,Pune,Known,4,Shopping,932,0
TXN001133,876.03,01:37,Mumbai,Known,3,Fuel,10,0
TXN001134,7679.69,02:43,Mumbai,Known,5,Shopping,361,0
TXN001135,1513.77,19:39,Lucknow,Known,2,Food,180,0
TXN001136,6963.3,05:33,Jaipur,Known,5,Entertainment,1079,0
TXN001137,1920.48,01:15,Kanpur,Known,5,Shopping,982,0
TXN001138,1871.75,14:25,Kanpur,Known,4,Bills,10,0
TXN001139,1639.76,03:32,Pune,Known,5,Entertainment,583,0
TXN001140,1807.19,01:59,Delhi,Known,3,Food,1287,0
TXN001141,10941.05,09:53,Lucknow,Known,3,Entertainment,1009,0
TXN001142,157.58,13:44,Jhansi,Known,2,Fuel,553,0
TXN001143,220.06,12:48,Jaipur,New,5,Bills,879,0
TXN001144,1017.61,14:48,Delhi,Known,3,Food,1034,0
TXN001145,1827.67,00:40,Lucknow,Known,6,Food,1440,0
TXN001146,3715.07,06:49,Jaipur,Known,5,Electronics,517,0
TXN001147,2958.04,08:04,Noida,Known,7,Food,1271,0
TXN001148,1202.41,07:01,Jhansi,New,2,Fuel,468,0
TXN001149,5247.66,13:26,Mumbai,Known,3,Entertainment,448,0
TXN001150,5309.47,05:03,Mumbai,Known,5,Entertainment,622,0
TXN001151,2183.76,15:20,Lucknow,Known,5,Shopping,767,0
TXN001152,4945.99,22:11,Mumbai,Known,4,Electronics,1016,0
TXN001153,2396.63,15:57,Pune,Known,6,Food,659,0
TXN001154,998.23,09:39,Noida,Known,4,Shopping,486,0
TXN001155,3745.27,10:02,Pune,Known,6,Shopping,339,0
TXN001156,2021.68,14:37,Delhi,Known,2,Electronics,949,0
TXN001157,1802.53,17:43,Mumbai,Known,6,Shopping,716,0
TXN001158,8451.87,07:19,Noida,Known,3,Food,824,0
TXN001159,137.29,00:52,Delhi,Known,2,Shopping,865,0
TXN001160,406.25,16:58,Delhi,Known,7,Food,1285,0
TXN001161,517.56,15:58,Lucknow,Known,1,Food,1170,0
TXN001162,1229.2,02:05,Mumbai,Known,1,Electronics,1014,0
TXN001163,1377.74,15:26,Delhi,Known,8,Fuel,636,0
TXN001164,369.76,01:46,Mumbai,Known,3,Entertainment,162,0
TXN001165,639.78,15:26,Pune,Known,5,Food,498,0
TXN001166,728.99,17:28,Delhi,Known,7,Food,661,0
TXN001167,23761.86,00:19,Kanpur,Known,6,Fuel,412,0
TXN001168,11936.68,17:25,Kanpur,Known,3,Electronics,937,0
TXN001169,1168.18,02:41,Kanpur,Known,3,Entertainment,728,0
TXN001170,1228.78,06:01,Kanpur,Known,2,Electronics,322,0
TXN001171,538.55,16:47,Delhi,Known,3,Bills,1271,0
TXN001172,242.74,08:43,Delhi,Known,6,Food,885,0
TXN001173,1592.11,23:08,Kanpur,Known,6,Entertainment,742,0
TXN001174,631.31,22:46,Jaipur,Known,5,Shopping,1156,0
TXN001175,1646.57,23:31,Lucknow,Known,6,Bills,369,0
TXN001176,335.4,02:19,Kanpur,Known,3,Food,438,0
TXN001177,808.73,04:27,Jaipur,Known,3,Food,549,0
TXN001178,2104.01,04:31,Noida,Known,3,Travel,920,0
TXN001179,2644.04,14:12,Noida,Known,4,Food,838,0
TXN001180,2790.25,10:36,Kanpur,Known,3,Travel,2013,0
TXN001181,449.9,17:37,Pune,Known,3,Shopping,292,0
TXN001182,4415.88,06:22,Jhansi,Known,4,Travel,736,0
TXN001183,776.91,04:27,Jhansi,New,4,Fuel,588,0
TXN001184,3498.34,15:36,Pune,Known,2,Fuel,885,0
TXN001185,1780.0,14:30,Lucknow,Known,3,Fuel,1064,0
TXN001186,424.26,16:26,Jaipur,Known,3,Shopping,797,0
TXN001187,1291.47,07:57,Jaipur,Known,5,Fuel,854,0
TXN001188,2641.69,12:52,Jhansi,Known,5,Travel,549,0
TXN001189,3426.02,22:22,Mumbai,Known,5,Electronics,1386,0
TXN001190,1552.32,14:43,Noida,Known,4,Fuel,501,0
TXN001191,8990.37,22:48,Mumbai,Known,3,Electronics,10,0
TXN001192,5184.5,10:06,Kanpur,Known,2,Electronics,448,0
TXN001193,1374.79,01:35,Delhi,New,3,Shopping,1700,1
TXN001194,3956.72,18:47,Pune,Known,4,Travel,203,0
TXN001195,13711.98,11:03,Jaipur,Known,5,Shopping,902,0
TXN001196,14101.7,01:20,Delhi,Known,7,Food,364,0
TXN001197,495.78,03:47,Noida,Known,6,Food,895,0
TXN001198,680.4,07:56,Pune,Known,3,Bills,1164,0
TXN001199,8558.73,04:59,Delhi,New,5,Bills,507,0
TXN001200,592.5,16:36,Mumbai,Known,2,Entertainment,1237,0
TXN001201,448.93,14:02,Lucknow,Known,6,Electronics,1154,0
TXN001202,1080.35,07:01,Pune,Known,3,Shopping,833,0
TXN001203,2798.34,02:48,Kanpur,Known,5,Entertainment,669,0
TXN001204,1616.51,01:44,Delhi,Known,6,Travel,606,0
TXN001205,909.1,22:11,Mumbai,Known,4,Entertainment,358,0
TXN001206,886.8,08:07,Kanpur,New,4,Shopping,228,1
TXN001207,852.0,02:08,Delhi,Known,3,Bills,945,0
TXN001208,714.84,17:52,Jhansi,New,3,Bills,844,0
TXN001209,19756.87,20:45,Delhi,Known,5,Fuel,874,0
TXN001210,2460.03,02:56,Pune,Known,3,Shopping,1123,0
TXN001211,4567.12,22:06,Noida,Known,5,Bills,690,0
TXN001212,1077.08,17:41,Pune,Known,5,Electronics,1261,0
TXN001213,1480.73,06:55,Delhi,Known,3,Bills,15,0
TXN001214,850.91,18:31,Jhansi,Known,6,Travel,1454,0
TXN001215,111.19,10:46,Pune,Known,3,Food,686,0
TXN001216,423.53,15:36,Kanpur,Known,3,Electronics,404,0
TXN001217,268.91,03:00,Delhi,Known,3,Shopping,652,0
TXN001218,169.57,05:25,Delhi,Known,3,Entertainment,1364,0
TXN001219,513.07,18:15,Jhansi,Known,4,Bills,422,0
TXN001220,7235.43,19:05,Kanpur,New,5,Shopping,741,0
TXN001221,1717.94,00:35,Jaipur,Known,7,Travel,265,0
TXN001222,6978.81,05:55,Pune,New,5,Electronics,868,0
TXN001223,2771.31,14:03,Noida,New,4,Fuel,1226,0
TXN001224,4093.8,21:19,Jaipur,Known,4,Electronics,820,0
TXN001225,698.96,16:40,Noida,Known,6,Shopping,547,0
TXN001226,3120.32,16:18,Delhi,Known,6,Bills,528,0
TXN001227,3868.77,09:06,Delhi,Known,3,Entertainment,747,0
TXN001228,982.46,01:11,Pune,Known,4,Food,930,1
TXN001229,3239.13,18:01,Lucknow,Known,4,Food,1065,0
TXN001230,3261.82,19:59,Jaipur,Known,4,Travel,262,0
TXN001231,1010.81,10:29,Delhi,Known,3,Fuel,496,0
TXN001232,553.71,12:56,Mumbai,Known,5,Entertainment,1308,0
TXN001233,519.16,05:41,Noida,Known,2,Shopping,909,0
TXN001234,1971.15,10:20,Pune,New,5,Electronics,761,0
TXN001235,2537.42,05:56,Pune,Known,4,Bills,1029,0
TXN001236,783.2,10:15,Delhi,Known,5,Shopping,10,0
TXN001237,1850.95,03:10,Lucknow,Known,3,Food,982,0
TXN001238,3276.75,14:48,Jhansi,New,2,Bills,1760,0
TXN001239,3444.87,05:33,Jaipur,Known,1,Shopping,731,1
TXN001240,9182.14,17:25,Mumbai,Known,5,Entertainment,817,0
TXN001241,6879.99,12:35,Jhansi,Known,4,Shopping,563,0
TXN001242,629.03,21:58,Delhi,Known,4,Fuel,298,0
TXN001243,10543.95,05:16,Noida,Known,5,Entertainment,491,0
TXN001244,1030.72,06:54,Delhi,Known,3,Shopping,1076,0
TXN001245,5391.93,05:54,Jaipur,New,4,Electronics,937,0
TXN001246,1933.19,15:45,Delhi,Known,1,Electronics,334,0
TXN001247,1167.69,02:09,Noida,Known,6,Travel,434,0
TXN001248,269.74,16:05,Noida,Known,3,Shopping,442,0
TXN001249,1503.27,19:07,Mumbai,New,4,Travel,769,0
TXN001250,350.09,16:42,Mumbai,Known,6,Fuel,616,0
TXN001251,4970.15,03:23,Jhansi,New,3,Shopping,670,0
TXN001252,8850.01,11:59,Jhansi,Known,5,Fuel,248,0
TXN001253,779.6,12:00,Noida,Known,2,Food,1381,0
TXN001254,2471.58,09:22,Jhansi,Known,2,Shopping,825,0
TXN001255,840.4,11:15,Delhi,Known,4,Food,480,0
TXN001256,930.42,18:52,Jaipur,New,3,Bills,365,0
TXN001257,4059.28,20:07,Delhi,Known,5,Electronics,538,0
TXN001258,1728.62,07:24,Kanpur,Known,6,Shopping,1191,0
TXN001259,11183.25,07:52,Jaipur,New,4,Fuel,1333,0
TXN001260,1084.85,04:58,Jaipur,Known,3,Shopping,433,0
TXN001261,5140.19,09:54,Delhi,Known,4,Electronics,516,0
TXN001262,1993.86,13:39,Mumbai,Known,5,Shopping,10,0
TXN001263,4151.02,17:09,Jhansi,Known,4,Shopping,23,0
TXN001264,1125.55,06:05,Mumbai,Known,4,Entertainment,756,0
TXN001265,1708.73,05:24,Noida,Known,4,Food,567,0
TXN001266,1594.42,00:28,Kanpur,Known,3,Shopping,549,1
TXN001267,748.21,02:30,Mumbai,Known,2,Fuel,491,0
TXN001268,3607.35,01:02,Lucknow,Known,8,Electronics,834,0
TXN001269,3562.8,04:40,Noida,Known,8,Electronics,754,0
TXN001270,3356.9,16:23,Pune,Known,4,Travel,1137,0
TXN001271,9039.47,18:06,Lucknow,Known,4,Bills,1792,0
TXN001272,8244.93,23:54,Delhi,Known,6,Food,250,0
TXN001273,1214.21,13:21,Lucknow,Known,4,Food,181,0
TXN001274,2663.1,10:13,Jhansi,Known,2,Shopping,1378,0
TXN001275,935.2,21:29,Noida,Known,1,Electronics,675,0
TXN001276,1844.69,03:57,Pune,Known,6,Bills,1039,0
TXN001277,958.92,15:49,Jaipur,Known,4,Food,228,0
TXN001278,9863.69,19:05,Kanpur,Known,3,Fuel,254,0
TXN001279,2637.07,12:41,Pune,Known,7,Shopping,1064,0
TXN001280,1431.69,06:39,Mumbai,Known,6,Electronics,174,0
TXN001281,6303.38,14:53,Kanpur,Known,3,Travel,1303,0
TXN001282,184.27,23:57,Kanpur,Known,3,Food,1054,0
TXN001283,217.18,05:44,Noida,Known,4,Food,411,0
TXN001284,4151.28,13:39,Noida,Known,5,Bills,1354,0
TXN001285,1917.99,01:21,Mumbai,Known,3,Bills,928,0
TXN001286,2341.41,05:53,Pune,Known,4,Shopping,616,0
TXN001287,447.12,18:56,Pune,Known,5,Fuel,739,0
TXN001288,1756.62,11:59,Jaipur,Known,2,Electronics,10,0
TXN001289,14753.37,04:57,Lucknow,New,4,Travel,139,0
TXN001290,4276.76,08:38,Jaipur,Known,5,Bills,1025,0
TXN001291,2151.1,02:57,Pune,Known,4,Travel,792,0
TXN001292,1135.17,18:46,Jhansi,Known,3,Bills,1315,0
TXN001293,1189.44,22:14,Lucknow,Known,3,Electronics,867,0
TXN001294,192.46,02:01,Pune,Known,4,Food,197,0
TXN001295,2359.17,05:58,Noida,Known,6,Food,266,0
TXN001296,4373.41,20:25,Jhansi,New,1,Fuel,356,0
TXN001297,344.17,21:52,Jaipur,Known,3,Shopping,455,0
TXN001298,898.79,18:17,Mumbai,Known,1,Electronics,765,0
TXN001299,533.9,17:21,Jhansi,Known,6,Fuel,1199,0
TXN001300,653.23,20:49,Mumbai,Known,2,Fuel,963,0
TXN001301,1903.97,08:31,Lucknow,Known,1,Fuel,1230,0
TXN001302,201.73,21:40,Mumbai,Known,2,Food,870,0
TXN001303,3430.72,21:19,Mumbai,New,5,Entertainment,523,0
TXN001304,3972.26,05:36,Lucknow,Known,4,Shopping,117,0
TXN001305,1382.83,01:29,Delhi,Known,3,Fuel,965,0
TXN001306,133.06,12:55,Delhi,Known,4,Shopping,660,0
TXN001307,632.26,18:29,Noida,Known,3,Food,1032,0
TXN001308,6568.82,20:05,Mumbai,Known,6,Travel,446,0
TXN001309,97.38,03:44,Delhi,Known,4,Food,1386,0
TXN001310,1249.68,09:57,Delhi,New,5,Food,1388,1
TXN001311,521.41,18:52,Mumbai,Known,6,Shopping,333,0
TXN001312,4189.52,01:06,Delhi,Known,4,Electronics,838,0
TXN001313,885.96,17:59,Jaipur,Known,2,Shopping,40,0
TXN001314,2750.93,06:20,Kanpur,Known,7,Entertainment,355,0
TXN001315,3259.32,00:50,Lucknow,Known,7,Food,333,0
TXN001316,12376.8,05:37,Kanpur,Known,6,Bills,446,0
TXN001317,1454.55,17:58,Delhi,Known,2,Electronics,585,0
TXN001318,2671.48,20:20,Noida,Known,4,Bills,373,0
TXN001319,378.51,01:36,Jaipur,New,6,Entertainment,764,0
TXN001320,6282.2,11:40,Delhi,New,2,Travel,57,0
TXN001321,809.98,04:09,Delhi,Known,3,Electronics,1116,0
TXN001322,999.0,16:46,Jhansi,Known,2,Fuel,253,0
TXN001323,1758.44,18:08,Delhi,Known,1,Entertainment,634,0
TXN001324,348.81,23:49,Delhi,Known,3,Food,521,0
TXN001325,2288.73,08:07,Noida,Known,5,Travel,1132,0
TXN001326,4971.03,07:10,Jhansi,Known,4,Electronics,562,0
TXN001327,2448.23,07:29,Mumbai,Known,4,Bills,1312,0
TXN001328,339.41,18:10,Pune,Known,1,Food,850,0
TXN001329,1580.57,10:04,Delhi,Known,7,Fuel,307,0
TXN001330,3923.24,00:03,Mumbai,Known,6,Shopping,610,0
TXN001331,250.55,22:17,Noida,Known,1,Bills,681,0
TXN001332,582.33,02:29,Jhansi,New,6,Food,1008,0
TXN001333,4518.4,22:02,Jhansi,Known,6,Bills,770,0
TXN001334,2390.22,03:08,Noida,Known,3,Food,606,0
TXN001335,2774.18,12:36,Jhansi,Known,3,Bills,378,0
TXN001336,12682.92,07:19,Pune,New,4,Electronics,900,0
TXN001337,2943.99,16:45,Kanpur,Known,1,Entertainment,551,0
TXN001338,3591.5,09:50,Lucknow,Known,4,Food,397,0
TXN001339,31002.55,08:01,Noida,Known,3,Entertainment,268,0
TXN001340,1438.06,11:56,Mumbai,Known,4,Travel,1130,0
TXN001341,778.81,23:41,Noida,Known,4,Food,76,0
TXN001342,2820.67,05:49,Mumbai,Known,2,Entertainment,901,0
TXN001343,2854.02,05:28,Kanpur,Known,4,Shopping,708,0
TXN001344,1035.35,01:00,Noida,Known,3,Food,470,0
TXN001345,608.82,17:53,Jhansi,New,3,Food,398,0
TXN001346,20350.86,16:34,Delhi,Known,4,Electronics,707,0
TXN001347,2536.97,14:02,Lucknow,Known,4,Fuel,474,0
TXN001348,834.34,00:09,Pune,Known,3,Shopping,457,0
TXN001349,4709.18,18:12,Jaipur,Known,6,Fuel,1117,0
TXN001350,1605.1,19:22,Kanpur,Known,2,Bills,635,0
TXN001351,1380.25,22:26,Delhi,Known,4,Electronics,703,0
TXN001352,3248.43,22:25,Lucknow,Known,5,Entertainment,363,0
TXN001353,463.62,06:52,Kanpur,New,9,Food,1117,0
TXN001354,2606.6,17:56,Delhi,Known,2,Fuel,1213,0
TXN001355,13415.21,09:40,Pune,Known,4,Fuel,791,0
TXN001356,2936.66,14:38,Kanpur,Known,2,Travel,1299,0
TXN001357,1212.6,07:51,Lucknow,Known,5,Food,471,0
TXN001358,1056.89,15:16,Lucknow,Known,3,Travel,1086,0
TXN001359,1169.91,22:33,Delhi,Known,1,Food,540,0
TXN001360,1378.68,15:38,Kanpur,New,4,Food,497,0
TXN001361,1210.57,22:17,Kanpur,Known,5,Travel,1287,0
TXN001362,4711.06,22:57,Lucknow,Known,5,Travel,547,0
TXN001363,291.68,02:14,Jhansi,Known,4,Bills,298,0
TXN001364,4449.92,23:03,Lucknow,Known,4,Food,10,0
TXN001365,1208.18,19:19,Kanpur,Known,5,Entertainment,703,0
TXN001366,2674.02,10:48,Pune,New,4,Travel,269,0
TXN001367,551.26,14:22,Lucknow,Known,2,Fuel,1529,0
TXN001368,7263.41,14:13,Lucknow,Known,3,Food,1430,0
TXN001369,6657.23,18:52,Pune,Known,3,Bills,10,0
TXN001370,4930.09,19:09,Lucknow,Known,5,Fuel,1386,0
TXN001371,366.89,02:09,Lucknow,Known,9,Food,371,0
TXN001372,4298.92,00:53,Pune,Known,6,Electronics,1225,0
TXN001373,2753.53,05:19,Jhansi,Known,4,Shopping,1144,0
TXN001374,333.62,12:00,Jaipur,Known,4,Entertainment,1263,0
TXN001375,1754.66,20:26,Kanpur,Known,2,Entertainment,1455,0
TXN001376,2639.39,15:44,Kanpur,Known,1,Travel,213,0
TXN001377,3227.36,03:45,Delhi,Known,6,Shopping,260,0
TXN001378,2168.23,17:05,Mumbai,Known,3,Electronics,1040,0
TXN001379,2443.86,11:16,Kanpur,Known,5,Shopping,747,0
TXN001380,8457.71,08:37,Mumbai,Known,5,Bills,983,0
TXN001381,6521.62,18:39,Lucknow,Known,3,Electronics,553,0
TXN001382,88.69,07:37,Mumbai,Known,3,Travel,1071,0
TXN001383,1289.79,14:20,Delhi,Known,6,Food,155,0
TXN001384,1514.22,04:51,Kanpur,Known,3,Food,1523,0
TXN001385,285.96,09:04,Jhansi,Known,4,Food,1736,0
TXN001386,1987.11,13:49,Mumbai,Known,3,Electronics,10,0
TXN001387,6679.09,14:56,Noida,Known,1,Electronics,1356,0
TXN001388,575.16,22:41,Delhi,Known,4,Bills,10,0
TXN001389,2562.56,06:25,Delhi,Known,5,Bills,944,0
TXN001390,688.1,21:22,Jaipur,Known,2,Fuel,299,0
TXN001391,888.94,19:26,Jaipur,Known,4,Food,893,0
TXN001392,8491.37,08:09,Lucknow,Known,4,Travel,174,0
TXN001393,1018.27,03:13,Lucknow,New,4,Entertainment,871,0
TXN001394,2924.46,06:38,Pune,Known,5,Electronics,621,0
TXN001395,252.34,15:33,Kanpur,Known,6,Travel,588,0
TXN001396,12720.57,18:29,Delhi,Known,5,Food,850,0
TXN001397,3389.12,14:28,Delhi,Known,3,Shopping,10,0
TXN001398,1486.11,17:04,Delhi,Known,4,Travel,960,0
TXN001399,3294.03,02:52,Pune,Known,7,Bills,568,1
TXN001400,409.62,12:57,Jhansi,Known,5,Bills,49,0
TXN001401,6230.42,20:14,Mumbai,Known,3,Bills,985,0
TXN001402,1280.95,09:18,Delhi,Known,4,Bills,438,0
TXN001403,1452.83,21:37,Delhi,Known,5,Fuel,677,0
TXN001404,1074.17,02:00,Noida,New,5,Travel,837,0
TXN001405,978.34,23:06,Pune,Known,4,Shopping,671,0
TXN001406,3732.92,18:54,Kanpur,Known,3,Bills,686,0
TXN001407,2354.88,15:10,Noida,Known,7,Electronics,947,0
TXN001408,3568.42,14:34,Mumbai,Known,4,Travel,584,0
TXN001409,1783.45,22:52,Jhansi,Known,3,Entertainment,1129,0
TXN001410,3085.29,09:43,Lucknow,Known,3,Shopping,1181,0
TXN001411,1159.51,03:16,Delhi,Known,4,Electronics,454,0
TXN001412,18709.01,22:09,Kanpur,Known,2,Food,464,0
TXN001413,346.96,02:43,Pune,Known,5,Shopping,962,0
TXN001414,6765.06,15:24,Delhi,Known,4,Bills,1403,0
TXN001415,7569.22,06:58,Kanpur,Known,5,Shopping,1160,0
TXN001416,735.67,22:38,Pune,Known,4,Bills,322,0
TXN001417,18700.01,23:00,Pune,Known,5,Travel,577,0
TXN001418,5119.47,11:15,Kanpur,Known,6,Travel,356,0
TXN001419,4990.23,12:44,Delhi,Known,4,Entertainment,1317,0
TXN001420,1853.75,10:42,Pune,Known,8,Electronics,878,0
TXN001421,1432.9,10:44,Delhi,Known,6,Shopping,279,0
TXN001422,1444.71,22:14,Mumbai,Known,3,Fuel,516,0
TXN001423,2712.43,06:14,Delhi,Known,6,Electronics,303,0
TXN001424,7838.38,23:12,Lucknow,Known,3,Electronics,532,0
TXN001425,2177.48,15:41,Jhansi,Known,5,Bills,937,0
TXN001426,691.27,23:00,Pune,Known,5,Fuel,439,0
TXN001427,4277.78,14:48,Kanpur,Known,4,Shopping,739,0
TXN001428,4735.06,19:16,Jaipur,New,2,Food,830,0
TXN001429,3579.34,11:29,Jhansi,Known,4,Food,10,0
TXN001430,3937.56,11:14,Jhansi,Known,2,Shopping,10,0
TXN001431,1354.34,06:25,Delhi,Known,4,Entertainment,498,0
TXN001432,678.65,05:45,Mumbai,Known,6,Food,325,0
TXN001433,723.38,00:11,Kanpur,Known,6,Entertainment,872,0
TXN001434,323.21,09:34,Noida,New,3,Fuel,554,0
TXN001435,2308.46,23:03,Mumbai,Known,8,Electronics,1001,0
TXN001436,1648.99,22:10,Kanpur,New,4,Bills,910,0
TXN001437,1134.05,16:41,Lucknow,Known,7,Shopping,1061,0
TXN001438,80.81,08:34,Lucknow,Known,2,Food,478,0
TXN001439,485.83,12:36,Mumbai,Known,1,Food,607,0
TXN001440,5839.64,18:13,Delhi,Known,6,Bills,1543,0
TXN001441,895.77,00:12,Mumbai,Known,4,Travel,259,0
TXN001442,2628.49,22:25,Pune,Known,4,Electronics,980,0
TXN001443,417.93,20:07,Pune,Known,4,Bills,1124,0
TXN001444,8153.34,23:53,Delhi,Known,4,Electronics,899,0
TXN001445,1547.37,02:16,Delhi,Known,5,Electronics,1075,0
TXN001446,2440.81,22:43,Kanpur,Known,6,Entertainment,700,0
TXN001447,20694.24,14:09,Mumbai,New,11,Travel,902,0
TXN001448,8846.74,13:39,Pune,Known,3,Fuel,793,0
TXN001449,1304.6,04:12,Kanpur,Known,2,Fuel,108,0
TXN001450,965.51,11:16,Pune,Known,3,Shopping,608,0
TXN001451,1278.85,08:24,Delhi,Known,4,Entertainment,61,0
TXN001452,3074.62,23:07,Jaipur,Known,5,Food,965,1
TXN001453,1611.72,08:07,Noida,New,6,Shopping,793,0
TXN001454,1188.6,05:45,Noida,Known,4,Shopping,1100,0
TXN001455,8400.8,22:20,Jaipur,Known,8,Entertainment,222,0
TXN001456,1596.58,04:34,Kanpur,Known,1,Travel,741,0
TXN001457,20132.9,21:38,Delhi,Known,4,Shopping,755,0
TXN001458,1979.94,23:37,Kanpur,New,5,Shopping,1544,0
TXN001459,11732.6,07:37,Pune,Known,4,Food,618,0
TXN001460,2619.47,16:58,Pune,Known,3,Food,468,0
TXN001461,4947.56,19:37,Kanpur,New,5,Food,713,1
TXN001462,841.09,12:20,Noida,Known,3,Electronics,1393,0
TXN001463,734.43,16:17,Mumbai,Known,4,Shopping,1060,0
TXN001464,2916.77,03:48,Mumbai,Known,5,Entertainment,974,0
TXN001465,5082.32,12:25,Jhansi,Known,4,Shopping,602,0
TXN001466,1877.72,12:33,Lucknow,Known,8,Bills,607,0
TXN001467,466.3,13:48,Delhi,Known,7,Bills,1326,0
TXN001468,431.5,22:14,Noida,Known,5,Food,524,0
TXN001469,402.24,19:13,Kanpur,Known,3,Shopping,490,0
TXN001470,281.33,14:03,Kanpur,Known,3,Fuel,10,0
TXN001471,2019.29,09:04,Mumbai,Known,8,Entertainment,45,0
TXN001472,5865.47,09:36,Mumbai,Known,6,Travel,1177,0
TXN001473,1774.82,00:30,Noida,Known,6,Shopping,10,0
TXN001474,167.69,13:17,Pune,Known,3,Food,1376,0
TXN001475,1473.28,06:12,Delhi,Known,6,Bills,592,0
TXN001476,1517.17,21:41,Pune,Known,3,Shopping,854,0
TXN001477,16258.0,18:05,Pune,Known,1,Food,1146,0
TXN001478,389.77,21:42,Pune,Known,5,Food,446,0
TXN001479,1194.32,23:54,Jhansi,Known,2,Fuel,951,0
TXN001480,10793.37,09:27,Lucknow,Known,4,Shopping,270,0
TXN001481,2887.13,10:29,Noida,Known,2,Bills,430,0
TXN001482,3251.98,14:32,Kanpur,Known,1,Food,883,0
TXN001483,2030.13,10:05,Mumbai,Known,6,Fuel,874,0
TXN001484,2545.25,06:37,Lucknow,Known,9,Bills,851,0
TXN001485,4072.58,16:21,Lucknow,Known,3,Bills,1320,0
TXN001486,769.38,10:28,Kanpur,Known,5,Food,667,0
TXN001487,4525.59,22:01,Pune,Known,4,Travel,1375,0
TXN001488,425.77,05:52,Lucknow,Known,4,Entertainment,725,0
TXN001489,2541.04,10:20,Mumbai,New,2,Bills,953,0
TXN001490,2171.6,12:04,Jaipur,Known,5,Bills,1007,0
TXN001491,942.4,21:46,Mumbai,Known,4,Entertainment,487,0
TXN001492,1757.63,13:58,Delhi,Known,4,Food,788,0
TXN001493,936.24,01:31,Pune,Known,3,Food,89,0
TXN001494,584.21,08:02,Jaipur,Known,4,Bills,745,0
TXN001495,1241.71,21:59,Noida,Known,10,Bills,729,0
TXN001496,564.73,06:12,Lucknow,Known,7,Food,925,0
TXN001497,2526.22,08:14,Kanpur,Known,2,Bills,648,0
TXN001498,538.05,03:42,Pune,New,3,Shopping,1449,0
TXN001499,3801.37,17:19,Pune,Known,3,Entertainment,10,0
TXN001500,520.6,03:05,Delhi,Known,2,Food,206,0
TXN001501,993.2,08:40,Pune,Known,6,Travel,298,0
TXN001502,934.22,17:15,Jhansi,Known,4,Entertainment,683,0
TXN001503,7236.88,21:51,Delhi,Known,5,Travel,372,0
TXN001504,2546.17,05:09,Delhi,Known,2,Food,207,0
TXN001505,1441.19,07:54,Delhi,New,5,Food,488,0
TXN001506,3038.74,02:43,Jaipur,Known,2,Travel,81,1
TXN001507,196.96,10:14,Lucknow,Known,5,Fuel,852,0
TXN001508,1720.3,23:34,Noida,New,3,Bills,828,1
TXN001509,14660.79,07:56,Delhi,Known,4,Travel,167,0
TXN001510,2068.35,06:03,Pune,Known,7,Shopping,1065,0
TXN001511,1933.04,09:49,Kanpur,Known,7,Food,139,0
TXN001512,3200.55,21:27,Jaipur,Known,6,Fuel,473,0
TXN001513,4609.74,13:56,Kanpur,Known,3,Travel,794,0
TXN001514,221.01,14:12,Pune,Known,6,Shopping,727,0
TXN001515,307.69,18:43,Jhansi,Known,4,Entertainment,43,0
TXN001516,2244.75,17:58,Kanpur,Known,5,Travel,887,0
TXN001517,849.73,14:20,Jaipur,New,4,Bills,680,0
TXN001518,7137.86,13:06,Kanpur,Known,5,Travel,1495,0
TXN001519,1292.86,12:23,Pune,Known,3,Food,949,0
TXN001520,236.11,04:35,Delhi,Known,1,Entertainment,1317,0
TXN001521,475.39,09:37,Jhansi,Known,2,Travel,304,0
TXN001522,100.32,20:28,Jaipur,Known,6,Fuel,37,0
TXN001523,1407.7,00:55,Pune,Known,4,Electronics,1256,0
TXN001524,1476.96,19:34,Kanpur,Known,4,Bills,846,0
TXN001525,1152.69,13:38,Kanpur,Known,4,Entertainment,1467,0
TXN001526,5587.93,08:57,Pune,New,3,Shopping,1172,0
TXN001527,6335.9,02:56,Mumbai,Known,3,Bills,1148,0
TXN001528,1505.13,18:20,Jaipur,Known,6,Food,891,0
TXN001529,191.35,00:17,Mumbai,Known,4,Electronics,340,0
TXN001530,3441.59,13:44,Delhi,Known,4,Bills,275,0
TXN001531,3224.94,03:31,Noida,New,3,Travel,10,0
TXN001532,2490.91,21:26,Lucknow,Known,4,Food,480,0
TXN001533,5044.71,04:41,Lucknow,Known,3,Shopping,695,0
TXN001534,529.79,19:39,Mumbai,Known,7,Fuel,657,0
TXN001535,14834.86,13:54,Jaipur,Known,6,Shopping,706,0
TXN001536,657.3,00:21,Kanpur,Known,4,Shopping,10,0
TXN001537,3952.98,17:45,Jaipur,Known,3,Bills,783,0
TXN001538,306.07,21:13,Lucknow,Known,3,Shopping,1342,0
TXN001539,677.74,05:56,Lucknow,Known,4,Food,365,0
TXN001540,8846.07,23:05,Mumbai,Known,4,Fuel,97,0
TXN001541,1368.67,19:45,Lucknow,Known,3,Fuel,38,0
TXN001542,4347.95,17:06,Delhi,New,2,Food,434,0
TXN001543,2308.48,08:52,Delhi,Known,8,Travel,541,0
TXN001544,1612.17,02:57,Lucknow,Known,4,Food,778,0
TXN001545,7537.04,10:49,Noida,Known,5,Entertainment,1022,0
TXN001546,1403.96,19:47,Lucknow,Known,3,Fuel,293,0
TXN001547,277.49,14:28,Kanpur,Known,6,Fuel,480,0
TXN001548,774.44,15:14,Lucknow,Known,4,Fuel,10,0
TXN001549,3210.86,18:59,Kanpur,Known,7,Food,937,0
TXN001550,2726.64,08:31,Noida,Known,6,Food,533,0
TXN001551,347.28,00:48,Pune,Known,4,Electronics,596,0
TXN001552,841.33,21:42,Pune,Known,5,Fuel,1244,0
TXN001553,977.24,14:42,Mumbai,Known,5,Entertainment,739,0
TXN001554,1226.35,13:21,Lucknow,Known,4,Shopping,1406,0
TXN001555,424.47,13:25,Pune,Known,4,Entertainment,1008,0
TXN001556,930.53,20:26,Jaipur,Known,4,Food,514,0
TXN001557,837.57,18:36,Kanpur,Known,2,Shopping,226,0
TXN001558,4046.68,16:43,Kanpur,Known,3,Shopping,627,0
TXN001559,4209.58,18:11,Noida,Known,5,Shopping,1123,0
TXN001560,1544.48,06:13,Jaipur,Known,3,Bills,111,0
TXN001561,1192.61,17:02,Lucknow,Known,2,Electronics,440,0
TXN001562,2084.87,23:31,Delhi,New,3,Bills,346,0
TXN001563,763.67,05:40,Pune,Known,4,Bills,518,0
TXN001564,539.89,13:12,Noida,Known,5,Electronics,862,0
TXN001565,670.69,16:42,Delhi,Known,2,Shopping,779,0
TXN001566,924.26,12:00,Mumbai,Known,6,Food,770,0
TXN001567,530.54,23:51,Kanpur,Known,4,Fuel,111,0
TXN001568,2133.9,09:41,Noida,Known,4,Entertainment,995,0
TXN001569,3872.84,05:40,Pune,Known,4,Shopping,1116,0
TXN001570,340.05,03:42,Delhi,Known,4,Entertainment,597,0
TXN001571,1848.13,20:21,Mumbai,Known,2,Entertainment,321,0
TXN001572,1428.83,16:59,Noida,Known,7,Fuel,1040,0
TXN001573,2576.34,13:44,Delhi,New,6,Fuel,1260,0
TXN001574,1775.71,10:10,Kanpur,Known,3,Bills,857,0
TXN001575,391.22,09:55,Kanpur,Known,4,Entertainment,393,0
TXN001576,478.2,22:44,Mumbai,New,2,Fuel,253,0
TXN001577,1856.48,16:18,Pune,Known,2,Food,937,0
TXN001578,5301.59,23:56,Delhi,Known,3,Bills,42,0
TXN001579,176.03,19:14,Noida,Known,2,Shopping,113,0
TXN001580,2587.78,18:38,Jhansi,Known,4,Electronics,788,0
TXN001581,6276.99,13:40,Kanpur,Known,2,Fuel,1358,0
TXN001582,1532.82,05:57,Pune,Known,5,Shopping,1182,0
TXN001583,3207.52,15:34,Mumbai,Known,9,Food,859,0
TXN001584,860.33,17:59,Pune,Known,6,Travel,10,0
TXN001585,1587.96,12:17,Mumbai,Known,6,Electronics,10,0
TXN001586,328.19,00:48,Jaipur,Known,6,Entertainment,626,0
TXN001587,153.54,23:14,Delhi,Known,4,Food,1441,0
TXN001588,4843.76,19:59,Kanpur,Known,2,Bills,325,0
TXN001589,639.89,08:45,Delhi,Known,5,Electronics,1062,0
TXN001590,1115.7,11:37,Lucknow,Known,6,Food,829,0
TXN001591,419.8,02:03,Delhi,Known,2,Shopping,458,0
TXN001592,409.56,22:29,Mumbai,Known,1,Food,527,0
TXN001593,1499.69,05:08,Delhi,Known,4,Travel,10,0
TXN001594,836.72,09:55,Delhi,Known,5,Entertainment,884,0
TXN001595,2676.89,10:22,Noida,New,3,Bills,424,0
TXN001596,2894.9,06:49,Lucknow,Known,2,Shopping,1056,0
TXN001597,2521.06,15:54,Delhi,Known,6,Shopping,605,0
TXN001598,2312.47,23:06,Jaipur,New,8,Shopping,575,0
TXN001599,9435.16,20:45,Noida,Known,3,Food,10,0
TXN001600,586.73,12:18,Mumbai,Known,2,Food,821,0
TXN001601,1699.11,03:06,Lucknow,Known,2,Fuel,914,0
TXN001602,5912.75,20:15,Kanpur,Known,8,Travel,1228,0
TXN001603,6790.7,06:32,Kanpur,Known,4,Shopping,345,0
TXN001604,404.52,21:51,Pune,New,4,Shopping,811,0
TXN001605,1296.69,09:41,Jhansi,Known,2,Fuel,867,0
TXN001606,7491.84,12:13,Jaipur,Known,5,Food,163,0
TXN001607,3068.75,10:17,Noida,Known,4,Food,437,0
TXN001608,2209.6,10:18,Jaipur,Known,6,Shopping,201,0
TXN001609,1432.21,03:44,Kanpur,Known,3,Bills,236,0
TXN001610,1202.97,13:31,Noida,Known,3,Bills,533,0
TXN001611,2436.14,09:01,Noida,Known,2,Food,409,0
TXN001612,1380.98,20:04,Noida,Known,4,Travel,692,0
TXN001613,1721.3,11:04,Delhi,Known,5,Bills,963,0
TXN001614,1954.85,23:57,Delhi,Known,3,Travel,948,0
TXN001615,883.21,07:30,Mumbai,New,5,Electronics,1030,0
TXN001616,3147.23,07:29,Mumbai,Known,3,Bills,588,0
TXN001617,38387.95,00:45,Jaipur,Known,3,Fuel,483,0
TXN001618,278.58,17:11,Noida,Known,2,Electronics,182,0
TXN001619,2529.44,01:01,Delhi,Known,4,Food,993,0
TXN001620,810.25,06:16,Lucknow,Known,3,Food,1110,0
TXN001621,3300.45,21:12,Mumbai,Known,6,Shopping,1226,0
TXN001622,1890.18,14:47,Pune,Known,8,Travel,831,0
TXN001623,4005.76,13:49,Jaipur,Known,5,Travel,503,0
TXN001624,6184.64,19:38,Delhi,Known,1,Fuel,243,0
TXN001625,2203.02,18:54,Lucknow,Known,3,Food,137,0
TXN001626,5908.79,21:27,Jaipur,New,3,Electronics,10,0
TXN001627,153.55,15:14,Jhansi,Known,2,Travel,1131,0
TXN001628,9561.66,10:19,Pune,Known,6,Bills,860,0
TXN001629,2668.73,03:08,Lucknow,Known,9,Shopping,1681,0
TXN001630,5581.86,08:54,Mumbai,Known,9,Shopping,649,0
TXN001631,500.03,16:36,Noida,Known,3,Entertainment,724,0
TXN001632,752.37,06:46,Delhi,Known,4,Food,851,0
TXN001633,2098.08,16:16,Pune,Known,2,Electronics,951,0
TXN001634,1768.08,03:43,Noida,Known,2,Entertainment,416,0
TXN001635,2423.01,01:19,Mumbai,Known,8,Travel,682,0
TXN001636,5621.1,08:26,Kanpur,Known,7,Travel,1023,0
TXN001637,282.04,05:39,Pune,Known,5,Shopping,1367,0
TXN001638,5004.3,20:58,Jaipur,Known,1,Fuel,315,0
TXN001639,1815.72,09:33,Lucknow,Known,4,Entertainment,781,0
TXN001640,1453.27,10:42,Pune,Known,3,Electronics,738,0
TXN001641,384.09,09:35,Mumbai,Known,5,Bills,583,0
TXN001642,3052.58,07:25,Jaipur,Known,3,Food,1124,0
TXN001643,142.7,22:55,Noida,New,3,Bills,1657,0
TXN001644,3555.87,17:57,Delhi,New,6,Entertainment,853,0
TXN001645,375.71,03:18,Noida,Known,6,Bills,371,0
TXN001646,1903.92,05:53,Noida,Known,3,Food,101,0
TXN001647,1588.29,01:27,Noida,Known,5,Fuel,669,0
TXN001648,6146.0,06:44,Lucknow,Known,4,Food,1096,0
TXN001649,1492.12,15:31,Noida,Known,3,Food,612,0
TXN001650,868.44,22:46,Pune,Known,3,Food,808,0
TXN001651,1057.44,11:52,Lucknow,New,8,Food,1520,0
TXN001652,6850.44,01:25,Mumbai,Known,4,Travel,972,0
TXN001653,3161.03,01:42,Pune,Known,2,Fuel,723,0
TXN001654,1200.66,09:30,Jhansi,Known,7,Food,135,0
TXN001655,1404.27,06:47,Kanpur,Known,4,Food,1037,0
TXN001656,347.24,13:11,Pune,New,4,Electronics,934,0
TXN001657,2706.58,02:43,Delhi,Known,3,Electronics,1046,0
TXN001658,283.65,05:35,Pune,Known,4,Electronics,173,0
TXN001659,3963.68,13:27,Kanpur,Known,3,Travel,686,0
TXN001660,2060.27,06:22,Delhi,Known,2,Entertainment,943,0
TXN001661,22067.06,08:42,Jaipur,Known,5,Shopping,83,0
TXN001662,567.02,05:20,Noida,Known,2,Travel,755,0
TXN001663,1616.06,01:01,Mumbai,Known,4,Bills,1156,0
TXN001664,11893.46,08:56,Jaipur,Known,1,Electronics,430,0
TXN001665,6288.65,07:26,Jaipur,Known,4,Food,1144,0
TXN001666,866.55,21:09,Pune,Known,7,Shopping,711,0
TXN001667,2277.21,21:13,Delhi,Known,2,Fuel,740,0
TXN001668,1803.78,10:49,Mumbai,Known,1,Food,1113,0
TXN001669,2420.18,06:19,Noida,Known,12,Fuel,413,0
TXN001670,864.31,10:16,Jaipur,Known,4,Food,156,0
TXN001671,1638.86,14:29,Mumbai,Known,1,Fuel,588,0
TXN001672,336.16,09:01,Kanpur,Known,3,Electronics,837,0
TXN001673,2074.39,18:33,Delhi,Known,3,Fuel,846,0
TXN001674,2887.26,23:02,Kanpur,New,3,Food,832,0
TXN001675,1417.64,09:50,Jhansi,Known,4,Entertainment,387,0
TXN001676,330.21,02:25,Delhi,Known,5,Travel,899,0
TXN001677,5082.2,02:13,Jhansi,Known,3,Fuel,655,0
TXN001678,2639.36,20:27,Jhansi,Known,4,Bills,1341,0
TXN001679,839.85,09:10,Lucknow,Known,5,Food,1073,0
TXN001680,1340.65,07:19,Pune,Known,4,Food,918,0
TXN001681,372.35,14:07,Delhi,Known,3,Food,623,0
TXN001682,613.3,22:40,Delhi,Known,3,Food,550,0
TXN001683,1023.35,10:58,Kanpur,Known,6,Food,604,0
TXN001684,6537.98,07:29,Kanpur,New,5,Entertainment,815,0
TXN001685,919.71,20:05,Mumbai,Known,2,Shopping,1110,0
TXN001686,3525.46,01:04,Jaipur,Known,3,Food,84,0
TXN001687,1022.81,20:49,Mumbai,Known,3,Fuel,489,0
TXN001688,2335.28,12:20,Mumbai,Known,6,Shopping,1223,0
TXN001689,1551.65,00:17,Pune,New,5,Food,460,0
TXN001690,4501.88,05:06,Jaipur,Known,5,Entertainment,344,0
TXN001691,1026.58,16:39,Kanpur,Known,1,Bills,1148,0
TXN001692,345.29,18:03,Delhi,Known,3,Travel,910,0
TXN001693,421.78,04:54,Lucknow,Known,4,Electronics,792,0
TXN001694,1029.75,15:12,Mumbai,Known,7,Food,956,0
TXN001695,484.94,23:04,Kanpur,Known,1,Electronics,580,0
TXN001696,2769.06,16:42,Noida,New,4,Shopping,714,0
TXN001697,1103.77,16:21,Lucknow,Known,5,Electronics,739,0
TXN001698,21782.86,04:41,Kanpur,Known,3,Shopping,563,0
TXN001699,290.31,15:02,Noida,Known,4,Travel,560,0
TXN001700,2229.11,17:51,Mumbai,Known,3,Travel,331,0
TXN001701,550.7,02:18,Mumbai,Known,5,Food,489,0
TXN001702,1072.2,07:45,Pune,Known,4,Food,515,0
TXN001703,2088.15,21:56,Delhi,Known,4,Electronics,10,0
TXN001704,156.63,23:32,Delhi,Known,5,Entertainment,952,0
TXN001705,2308.17,04:20,Delhi,New,4,Entertainment,812,0
TXN001706,13274.43,17:18,Kanpur,Known,4,Travel,1322,0
TXN001707,1118.15,12:41,Jhansi,Known,4,Travel,146,0
TXN001708,2364.54,14:00,Kanpur,Known,4,Travel,274,0
TXN001709,5280.15,12:08,Lucknow,Known,4,Shopping,1092,0
TXN001710,1515.33,20:38,Kanpur,Known,4,Electronics,191,0
TXN001711,978.02,10:01,Mumbai,Known,10,Travel,679,0
TXN001712,165.01,14:17,Pune,Known,5,Bills,596,0
TXN001713,3528.34,16:38,Jaipur,Known,5,Shopping,1342,0
TXN001714,1598.33,13:15,Kanpur,Known,3,Food,677,0
TXN001715,621.55,21:55,Lucknow,Known,4,Food,675,0
TXN001716,2055.9,05:58,Pune,New,4,Shopping,791,0
TXN001717,975.23,22:02,Mumbai,Known,2,Electronics,337,0
TXN001718,1033.49,16:10,Mumbai,Known,3,Entertainment,485,0
TXN001719,3402.1,23:54,Jaipur,Known,6,Food,237,0
TXN001720,441.53,08:01,Mumbai,Known,4,Food,971,0
TXN001721,5405.77,11:29,Delhi,New,5,Shopping,989,0
TXN001722,414.87,01:56,Kanpur,Known,8,Travel,344,0
TXN001723,897.58,22:35,Jhansi,Known,5,Entertainment,591,0
TXN001724,13556.69,19:18,Jhansi,Known,3,Fuel,766,0
TXN001725,5879.72,07:00,Delhi,Known,5,Bills,117,0
TXN001726,1994.26,01:23,Noida,Known,6,Travel,923,0
TXN001727,670.47,16:32,Mumbai,New,1,Entertainment,250,0
TXN001728,1032.57,16:04,Jaipur,Known,3,Travel,10,0
TXN001729,1943.96,12:31,Mumbai,Known,3,Fuel,724,0
TXN001730,1872.33,03:24,Delhi,Known,5,Entertainment,953,0
TXN001731,1636.19,22:19,Kanpur,Known,1,Travel,1077,0
TXN001732,1742.66,10:58,Mumbai,Known,5,Shopping,893,0
TXN001733,1437.19,17:53,Jhansi,Known,1,Entertainment,413,0
TXN001734,396.02,20:41,Mumbai,Known,5,Travel,1476,0
TXN001735,1046.5,13:35,Lucknow,Known,3,Bills,726,0
TXN001736,4702.72,02:28,Delhi,Known,3,Shopping,310,0
TXN001737,427.86,21:04,Lucknow,Known,2,Entertainment,1106,0
TXN001738,1475.14,16:18,Delhi,Known,5,Bills,821,0
TXN001739,761.13,21:00,Mumbai,Known,4,Fuel,1553,0
TXN001740,2023.25,14:21,Mumbai,Known,8,Bills,1349,0
TXN001741,1196.88,21:28,Pune,Known,4,Bills,533,0
TXN001742,8491.37,20:36,Noida,Known,2,Bills,187,0
TXN001743,3063.93,05:21,Delhi,Known,6,Travel,490,0
TXN001744,454.02,04:15,Delhi,New,4,Fuel,10,1
TXN001745,3642.16,03:42,Delhi,Known,6,Entertainment,714,0
TXN001746,798.04,19:09,Mumbai,Known,4,Travel,1112,0
TXN001747,982.1,05:07,Kanpur,Known,4,Food,710,0
TXN001748,2502.52,10:41,Lucknow,Known,3,Food,901,0
TXN001749,1074.07,18:35,Jaipur,Known,4,Bills,1024,0
TXN001750,4596.45,10:52,Pune,Known,1,Food,1327,0
TXN001751,798.16,01:44,Delhi,Known,7,Fuel,769,0
TXN001752,939.78,08:54,Delhi,Known,4,Bills,608,0
TXN001753,903.57,02:39,Delhi,Known,5,Travel,460,0
TXN001754,993.88,09:50,Delhi,Known,4,Shopping,1373,0
TXN001755,5708.39,17:10,Kanpur,Known,4,Entertainment,451,0
TXN001756,3483.45,12:31,Delhi,Known,4,Electronics,1477,0
TXN001757,10839.84,16:56,Delhi,New,4,Food,561,0
TXN001758,19468.8,02:47,Delhi,Known,5,Shopping,348,0
TXN001759,609.9,18:24,Noida,Known,5,Bills,879,0
TXN001760,1938.14,10:55,Delhi,Known,5,Travel,803,0
TXN001761,523.5,06:18,Jaipur,Known,4,Travel,10,0
TXN001762,795.57,15:01,Lucknow,Known,6,Food,993,0
TXN001763,928.86,03:47,Mumbai,New,2,Shopping,10,0
TXN001764,593.2,11:24,Kanpur,New,3,Fuel,1461,0
TXN001765,596.49,10:02,Kanpur,Known,2,Food,103,0
TXN001766,1546.95,03:12,Lucknow,Known,4,Entertainment,823,0
TXN001767,501.69,22:04,Kanpur,Known,1,Food,927,0
TXN001768,4358.03,08:59,Mumbai,Known,4,Shopping,1104,0
TXN001769,686.7,00:50,Mumbai,Known,1,Food,97,0
TXN001770,34392.35,10:55,Delhi,New,7,Shopping,919,0
TXN001771,1120.56,23:10,Noida,Known,2,Shopping,250,0
TXN001772,1941.39,16:48,Jhansi,Known,5,Electronics,805,0
TXN001773,461.94,15:33,Noida,New,4,Bills,10,0
TXN001774,10796.08,21:17,Jaipur,Known,5,Shopping,920,0
TXN001775,5831.43,02:40,Kanpur,Known,3,Food,1249,0
TXN001776,2458.49,13:57,Pune,Known,8,Food,580,0
TXN001777,437.64,07:27,Lucknow,Known,5,Food,738,0
TXN001778,2245.63,16:01,Kanpur,Known,2,Food,959,0
TXN001779,554.48,20:50,Jhansi,Known,3,Shopping,842,0
TXN001780,8358.34,01:11,Mumbai,Known,4,Shopping,28,0
TXN001781,4209.91,03:10,Mumbai,Known,5,Food,187,0
TXN001782,1989.73,22:37,Kanpur,Known,4,Entertainment,530,0
TXN001783,139.4,11:47,Delhi,Known,4,Food,747,0
TXN001784,640.95,07:47,Mumbai,Known,4,Fuel,500,0
TXN001785,3705.94,03:52,Pune,New,4,Shopping,740,0
TXN001786,6432.19,08:53,Kanpur,New,2,Travel,1123,0
TXN001787,5768.52,00:07,Delhi,Known,2,Food,548,0
TXN001788,338.3,05:18,Delhi,Known,3,Food,236,0
TXN001789,2470.49,04:43,Jaipur,New,4,Shopping,909,0
TXN001790,5228.26,02:23,Jaipur,Known,7,Fuel,1214,0
TXN001791,315.54,23:42,Jhansi,Known,2,Entertainment,820,0
TXN001792,1785.12,18:27,Mumbai,Known,2,Electronics,503,0
TXN001793,2399.65,22:27,Lucknow,Known,4,Fuel,626,0
TXN001794,1312.57,05:01,Mumbai,Known,1,Travel,498,1
TXN001795,257.44,06:36,Pune,Known,6,Entertainment,821,0
TXN001796,1278.65,06:51,Kanpur,Known,5,Travel,10,0
TXN001797,1276.49,13:49,Noida,Known,3,Shopping,740,0
TXN001798,1540.81,04:20,Lucknow,Known,1,Fuel,626,0
TXN001799,996.15,05:40,Pune,Known,2,Bills,1078,0
TXN001800,1130.46,23:11,Lucknow,Known,6,Bills,103,0
TXN001801,1726.5,08:38,Lucknow,Known,2,Bills,217,0
TXN001802,2864.41,18:24,Kanpur,Known,5,Food,848,0
TXN001803,1307.53,05:55,Jhansi,Known,3,Electronics,1246,0
TXN001804,1170.76,22:42,Pune,Known,3,Electronics,639,0
TXN001805,1983.29,16:04,Lucknow,Known,4,Entertainment,602,0
TXN001806,239.51,20:52,Jaipur,Known,4,Food,371,0
TXN001807,2970.33,12:43,Lucknow,Known,3,Electronics,716,0
TXN001808,1798.94,21:12,Mumbai,Known,3,Fuel,294,0
TXN001809,1876.61,08:16,Mumbai,Known,4,Food,142,0
TXN001810,4936.01,11:10,Delhi,New,4,Bills,927,0
TXN001811,231.62,01:18,Pune,Known,6,Fuel,334,0
TXN001812,226.56,04:56,Delhi,Known,5,Food,980,0
TXN001813,2399.55,18:54,Mumbai,Known,3,Fuel,673,0
TXN001814,1786.6,07:33,Mumbai,Known,5,Fuel,1110,0
TXN001815,2152.16,02:21,Noida,Known,1,Food,244,0
TXN001816,1108.0,07:21,Jaipur,Known,4,Entertainment,1034,0
TXN001817,3615.96,08:57,Pune,New,4,Electronics,703,0
TXN001818,4792.53,17:11,Mumbai,Known,2,Travel,78,0
TXN001819,2992.08,02:45,Lucknow,Known,4,Fuel,397,0
TXN001820,1368.78,00:59,Mumbai,New,1,Food,410,0
TXN001821,196.86,17:51,Jaipur,Known,2,Travel,865,0
TXN001822,4036.93,03:43,Delhi,Known,9,Shopping,299,0
TXN001823,6492.2,10:53,Jaipur,Known,4,Bills,182,0
TXN001824,3541.58,16:13,Pune,Known,2,Bills,530,0
TXN001825,714.74,12:59,Noida,Known,6,Bills,1087,0
TXN001826,3651.98,02:05,Noida,Known,1,Food,752,0
TXN001827,4443.06,17:00,Mumbai,Known,5,Electronics,578,0
TXN001828,9249.26,01:11,Mumbai,Known,3,Entertainment,945,0
TXN001829,717.39,05:36,Lucknow,Known,10,Shopping,291,0
TXN001830,1419.08,02:14,Mumbai,Known,4,Shopping,1451,0
TXN001831,3944.89,12:38,Noida,Known,6,Food,1397,0
TXN001832,1911.84,16:06,Kanpur,Known,2,Food,501,0
TXN001833,556.88,15:41,Pune,Known,4,Food,735,0
TXN001834,2781.9,03:13,Pune,Known,3,Food,649,0
TXN001835,3304.82,08:31,Delhi,Known,6,Shopping,474,0
TXN001836,1974.17,03:07,Mumbai,Known,4,Travel,1079,0
TXN001837,2266.76,08:58,Lucknow,Known,4,Travel,79,0
TXN001838,1371.83,05:22,Delhi,Known,5,Electronics,537,0
TXN001839,8499.26,17:36,Noida,New,4,Bills,907,0
TXN001840,699.11,18:29,Noida,Known,1,Bills,1346,0
TXN001841,971.51,19:35,Noida,Known,4,Shopping,1264,0
TXN001842,1820.88,04:27,Kanpur,Known,3,Electronics,403,0
TXN001843,4529.85,00:04,Pune,Known,3,Bills,362,0
TXN001844,373.64,00:49,Jhansi,Known,5,Food,515,0
TXN001845,454.74,20:38,Jaipur,Known,2,Shopping,1292,0
TXN001846,211.86,21:15,Pune,Known,4,Travel,860,0
TXN001847,1862.87,05:05,Noida,Known,5,Electronics,1886,0
TXN001848,556.31,21:53,Delhi,Known,5,Travel,955,0
TXN001849,1202.03,12:19,Pune,Known,3,Food,1398,0
TXN001850,3604.68,04:54,Mumbai,New,3,Electronics,651,1
TXN001851,917.75,07:45,Lucknow,Known,4,Entertainment,345,0
TXN001852,2294.77,06:57,Kanpur,Known,4,Entertainment,1699,0
TXN001853,1314.53,18:39,Mumbai,Known,2,Fuel,135,0
TXN001854,3645.55,04:10,Delhi,Known,2,Entertainment,806,0
TXN001855,2964.39,04:02,Mumbai,Known,5,Bills,741,0
TXN001856,870.45,17:14,Pune,Known,2,Food,442,0
TXN001857,1507.88,07:26,Jhansi,New,4,Fuel,842,0
TXN001858,5385.54,06:37,Jaipur,Known,1,Entertainment,627,0
TXN001859,2720.55,19:53,Pune,New,4,Fuel,325,0
TXN001860,415.19,22:08,Lucknow,Known,3,Bills,149,0
TXN001861,3582.95,13:38,Pune,Known,5,Fuel,875,0
TXN001862,576.34,19:05,Kanpur,Known,7,Food,361,0
TXN001863,7932.16,20:28,Mumbai,Known,4,Food,471,0
TXN001864,5275.59,14:04,Jaipur,Known,6,Fuel,343,0
TXN001865,2440.41,19:22,Jaipur,Known,2,Shopping,355,0
TXN001866,2123.11,00:36,Delhi,Known,5,Electronics,627,0
TXN001867,1445.28,00:44,Pune,Known,4,Shopping,167,0
TXN001868,3670.17,21:48,Delhi,Known,4,Food,557,0
TXN001869,1219.53,03:31,Jaipur,Known,3,Shopping,930,0
TXN001870,2305.13,17:15,Jhansi,Known,4,Electronics,944,0
TXN001871,4496.58,10:54,Delhi,Known,2,Shopping,478,0
TXN001872,997.89,18:56,Pune,Known,6,Entertainment,381,0
TXN001873,942.5,15:58,Kanpur,Known,6,Entertainment,1188,0
TXN001874,513.61,01:47,Delhi,Known,5,Food,859,0
TXN001875,588.66,08:46,Pune,Known,3,Shopping,905,0
TXN001876,263.94,17:04,Pune,Known,2,Food,1216,0
TXN001877,3873.3,22:34,Kanpur,Known,6,Travel,1129,0
TXN001878,12026.91,19:24,Noida,New,1,Travel,1060,0
TXN001879,8039.62,21:15,Delhi,Known,1,Food,10,0
TXN001880,326.41,22:04,Mumbai,Known,4,Fuel,449,0
TXN001881,3853.12,21:12,Noida,Known,2,Shopping,120,0
TXN001882,8012.46,13:54,Mumbai,New,4,Electronics,1256,0
TXN001883,1114.2,08:54,Lucknow,Known,3,Fuel,541,0
TXN001884,2002.32,12:44,Jaipur,New,3,Food,369,0
TXN001885,218.6,19:06,Pune,Known,8,Bills,820,0
TXN001886,2381.81,10:41,Kanpur,Known,6,Food,954,0
TXN001887,589.22,19:07,Kanpur,Known,2,Travel,890,0
TXN001888,2219.77,16:40,Pune,Known,1,Entertainment,698,0
TXN001889,349.42,05:02,Pune,Known,2,Entertainment,1193,0
TXN001890,3182.88,22:17,Delhi,New,1,Fuel,550,0
TXN001891,5277.88,20:07,Kanpur,Known,5,Fuel,59,0
TXN001892,790.92,14:56,Mumbai,New,6,Electronics,525,0
TXN001893,545.54,04:34,Delhi,Known,4,Food,509,0
TXN001894,187.11,05:55,Mumbai,Known,3,Electronics,960,0
TXN001895,1360.77,20:01,Jhansi,Known,3,Shopping,1083,0
TXN001896,977.37,00:44,Pune,Known,2,Entertainment,374,0
TXN001897,353.18,11:28,Jaipur,Known,4,Food,10,0
TXN001898,2896.36,14:28,Lucknow,Known,4,Travel,1520,0
TXN001899,1122.23,05:52,Lucknow,Known,3,Bills,777,0
TXN001900,581.74,20:02,Delhi,Known,4,Food,10,0
TXN001901,1005.5,12:56,Mumbai,Known,2,Travel,10,0
TXN001902,5543.67,01:01,Delhi,Known,3,Travel,791,0
TXN001903,3390.14,07:21,Jaipur,Known,5,Food,479,0
TXN001904,1570.29,09:08,Delhi,Known,3,Fuel,1217,0
TXN001905,3448.18,05:31,Noida,Known,4,Shopping,481,0
TXN001906,531.97,22:35,Mumbai,Known,2,Electronics,665,0
TXN001907,1862.23,08:38,Kanpur,Known,4,Food,444,0
TXN001908,2101.13,12:47,Pune,Known,3,Shopping,639,0
TXN001909,1099.06,12:45,Jaipur,Known,4,Food,723,0
TXN001910,2843.45,05:56,Mumbai,Known,4,Fuel,1260,0
TXN001911,793.21,13:26,Jaipur,Known,3,Bills,824,0
TXN001912,3074.37,08:10,Mumbai,Known,4,Food,734,0
TXN001913,3213.11,00:09,Pune,Known,4,Food,1011,0
TXN001914,84.14,09:16,Delhi,Known,2,Entertainment,1249,0
TXN001915,6281.49,14:36,Kanpur,Known,5,Electronics,139,0
TXN001916,73.37,02:03,Noida,Known,8,Fuel,420,0
TXN001917,942.65,18:57,Pune,Known,4,Shopping,785,0
TXN001918,5282.51,15:59,Pune,Known,4,Food,698,0
TXN001919,1289.99,07:09,Mumbai,Known,6,Shopping,441,0
TXN001920,386.08,14:46,Pune,Known,4,Fuel,10,0
TXN001921,570.85,07:35,Mumbai,Known,4,Travel,580,0
TXN001922,5291.16,15:28,Mumbai,Known,2,Bills,857,0
TXN001923,239.36,03:44,Delhi,Known,4,Food,1304,0
TXN001924,5889.83,14:34,Mumbai,Known,5,Travel,711,0
TXN001925,1698.81,01:19,Delhi,New,3,Electronics,702,0
TXN001926,514.67,00:33,Noida,Known,3,Food,370,0
TXN001927,975.81,06:08,Delhi,New,4,Shopping,700,0
TXN001928,618.6,04:15,Jhansi,Known,5,Electronics,490,0
TXN001929,4469.71,11:58,Delhi,Known,3,Shopping,937,0
TXN001930,3883.88,03:11,Noida,Known,3,Entertainment,891,0
TXN001931,296.02,05:35,Mumbai,Known,2,Shopping,1293,0
TXN001932,1178.23,02:17,Mumbai,Known,5,Bills,818,0
TXN001933,727.2,21:27,Jhansi,Known,5,Travel,926,0
TXN001934,7000.43,17:14,Jaipur,Known,5,Bills,124,0
TXN001935,436.13,05:34,Jaipur,Known,3,Travel,842,0
TXN001936,9700.98,02:33,Lucknow,Known,5,Bills,1010,0
TXN001937,1738.16,20:37,Jaipur,Known,8,Food,748,0
TXN001938,531.4,16:18,Jhansi,Known,1,Food,681,0
TXN001939,883.95,21:34,Jaipur,Known,3,Travel,625,0
TXN001940,775.76,04:43,Delhi,Known,4,Shopping,1391,0
TXN001941,472.1,08:43,Delhi,Known,6,Electronics,16,0
TXN001942,1988.45,02:34,Delhi,Known,2,Shopping,1227,0
TXN001943,495.83,10:17,Pune,New,6,Fuel,869,0
TXN001944,182.39,03:31,Delhi,Known,2,Fuel,494,0
TXN001945,1208.19,00:32,Delhi,Known,3,Electronics,926,0
TXN001946,271.11,12:57,Jhansi,New,2,Shopping,873,0
TXN001947,817.11,23:22,Jaipur,Known,4,Travel,284,0
TXN001948,692.97,15:19,Kanpur,Known,5,Bills,1145,0
TXN001949,721.09,18:44,Noida,Known,2,Shopping,787,0
TXN001950,14713.98,19:38,Mumbai,Known,4,Food,372,0
TXN001951,1909.84,23:25,Jaipur,Known,6,Travel,1348,0
TXN001952,2328.97,03:00,Delhi,New,3,Electronics,956,0
TXN001953,278.75,06:42,Mumbai,Known,5,Travel,865,0
TXN001954,905.86,14:44,Lucknow,Known,3,Electronics,1138,0
TXN001955,2256.59,19:55,Mumbai,Known,2,Travel,713,0
TXN001956,613.87,18:30,Noida,Known,2,Entertainment,1064,0
TXN001957,4670.44,17:30,Noida,New,3,Food,1038,0
TXN001958,509.13,07:12,Mumbai,New,2,Shopping,473,0
TXN001959,1332.56,08:27,Delhi,Known,5,Entertainment,634,0
TXN001960,972.81,01:00,Delhi,Known,5,Entertainment,508,0
TXN001961,2138.97,07:30,Delhi,Known,7,Electronics,1287,0
TXN001962,918.76,03:42,Jaipur,Known,6,Electronics,80,0
TXN001963,1354.39,22:47,Jhansi,Known,6,Travel,849,0
TXN001964,1404.74,02:39,Delhi,Known,4,Travel,1276,0
TXN001965,832.5,08:48,Delhi,Known,7,Fuel,190,0
TXN001966,2995.57,21:39,Pune,Known,3,Travel,728,0
TXN001967,2311.96,22:46,Pune,Known,3,Fuel,1209,0
TXN001968,1640.08,09:26,Jaipur,New,5,Bills,550,0
TXN001969,1145.46,11:36,Delhi,Known,6,Shopping,762,0
TXN001970,4154.36,12:38,Kanpur,Known,5,Fuel,608,0
TXN001971,1405.17,19:34,Delhi,Known,4,Travel,302,0
TXN001972,1304.41,18:34,Pune,Known,6,Entertainment,542,0
TXN001973,2009.15,12:46,Lucknow,Known,3,Travel,430,0
TXN001974,10688.87,08:14,Noida,Known,2,Bills,54,0
TXN001975,440.61,08:19,Delhi,Known,5,Food,1307,0
TXN001976,4039.56,15:31,Noida,Known,3,Fuel,887,0
TXN001977,246.59,20:38,Mumbai,New,5,Food,539,0
TXN001978,2261.26,01:30,Pune,Known,3,Fuel,500,0
TXN001979,9408.6,18:11,Mumbai,Known,2,Shopping,522,0
TXN001980,3006.84,11:49,Pune,Known,4,Fuel,384,0
TXN001981,2153.17,03:32,Delhi,Known,3,Electronics,537,0
TXN001982,999.31,02:26,Noida,Known,2,Bills,318,0
TXN001983,1859.65,08:52,Noida,Known,3,Food,994,0
TXN001984,1381.43,05:26,Lucknow,Known,4,Shopping,10,0
TXN001985,788.61,02:09,Mumbai,Known,5,Electronics,784,0
TXN001986,1327.66,07:59,Lucknow,Known,4,Shopping,328,0
TXN001987,2216.85,20:22,Mumbai,Known,4,Food,1082,0
TXN001988,804.29,17:53,Jhansi,Known,6,Electronics,627,0
TXN001989,771.97,05:31,Delhi,Known,4,Travel,848,0
TXN001990,431.51,16:14,Delhi,New,4,Fuel,438,0
TXN001991,2712.98,10:22,Mumbai,Known,1,Food,1245,0
TXN001992,3191.13,17:54,Mumbai,Known,3,Shopping,177,0
TXN001993,2295.68,05:56,Delhi,Known,5,Electronics,420,0
TXN001994,4959.06,01:08,Noida,Known,7,Bills,287,0
TXN001995,1973.97,07:59,Delhi,Known,7,Shopping,671,0
TXN001996,2716.65,23:51,Jaipur,Known,6,Fuel,737,0
TXN001997,2476.42,13:38,Noida,Known,4,Bills,169,0
TXN001998,1635.04,01:10,Lucknow,Known,4,Food,256,0
TXN001999,1030.89,23:35,Pune,Known,3,Fuel,233,0
TXN002000,18405.45,19:25,Jhansi,Known,4,Food,84,0
TXN002001,1119.9,13:07,Kanpur,Known,6,Bills,411,0
TXN002002,894.59,17:59,Mumbai,Known,3,Shopping,1429,0
TXN002003,2839.13,04:36,Noida,Known,1,Fuel,758,0
TXN002004,2344.88,14:05,Delhi,New,5,Entertainment,421,0
TXN002005,411.79,21:20,Kanpur,Known,4,Shopping,587,0
TXN002006,5850.92,10:50,Delhi,Known,4,Fuel,45,0
TXN002007,1630.49,00:26,Lucknow,Known,3,Travel,70,0
TXN002008,560.63,18:29,Jhansi,Known,3,Fuel,340,0
TXN002009,6271.47,17:08,Delhi,Known,3,Food,166,0
TXN002010,3472.05,17:06,Mumbai,Known,4,Food,1059,0
TXN002011,477.12,15:58,Pune,Known,5,Bills,1494,0
TXN002012,11632.8,03:57,Mumbai,New,5,Shopping,1062,1
TXN002013,3594.93,02:05,Delhi,Known,6,Fuel,367,0
TXN002014,1780.83,19:32,Mumbai,Known,9,Fuel,703,0
TXN002015,9559.32,20:40,Jaipur,Known,1,Food,915,0
TXN002016,2127.72,01:52,Noida,Known,6,Shopping,867,0
TXN002017,1747.7,13:33,Kanpur,Known,4,Food,1326,0
TXN002018,899.85,12:52,Pune,Known,3,Food,196,0
TXN002019,3315.9,08:07,Noida,Known,5,Bills,762,0
TXN002020,2968.98,15:00,Pune,Known,9,Fuel,677,0
TXN002021,1827.96,21:27,Jhansi,Known,5,Shopping,557,0
TXN002022,785.29,19:15,Pune,Known,2,Travel,45,0
TXN002023,2063.11,03:45,Jhansi,Known,3,Travel,87,1
TXN002024,1672.8,11:20,Mumbai,Known,3,Food,1241,0
TXN002025,443.81,22:24,Delhi,Known,6,Shopping,1058,0
TXN002026,383.81,05:32,Delhi,New,3,Travel,220,0
TXN002027,3258.27,20:57,Kanpur,Known,5,Shopping,10,0
TXN002028,117.16,11:04,Jaipur,Known,4,Shopping,711,0
TXN002029,2233.27,12:33,Noida,Known,1,Electronics,666,0
TXN002030,1089.59,06:23,Noida,Known,5,Fuel,21,0
TXN002031,7109.6,22:02,Noida,Known,3,Fuel,1563,0
TXN002032,1072.13,12:48,Jaipur,Known,6,Travel,1220,0
TXN002033,3597.52,13:54,Noida,Known,4,Bills,246,0
TXN002034,1186.52,11:10,Mumbai,Known,2,Food,1250,0
TXN002035,2028.35,02:45,Kanpur,Known,5,Food,796,0
TXN002036,3901.91,18:42,Lucknow,Known,4,Bills,1004,0
TXN002037,1107.5,07:42,Delhi,New,7,Shopping,346,0
TXN002038,5125.2,05:27,Mumbai,Known,9,Food,960,0
TXN002039,634.07,18:19,Mumbai,Known,2,Food,1633,0
TXN002040,2452.5,04:04,Delhi,New,3,Electronics,1195,0
TXN002041,4742.47,16:02,Mumbai,Known,4,Travel,1010,0
TXN002042,3599.61,11:10,Jaipur,Known,2,Shopping,10,0
TXN002043,13464.46,19:31,Lucknow,Known,5,Shopping,1058,0
TXN002044,807.49,01:08,Pune,Known,2,Entertainment,892,0
TXN002045,423.03,18:41,Delhi,Known,4,Shopping,357,0
TXN002046,633.65,05:37,Jaipur,Known,4,Shopping,563,0
TXN002047,3601.14,20:20,Noida,Known,8,Shopping,662,0
TXN002048,3036.2,08:05,Jaipur,Known,4,Travel,925,0
TXN002049,2004.02,00:31,Kanpur,Known,2,Bills,93,0
TXN002050,553.6,11:49,Jhansi,Known,9,Entertainment,722,0
TXN002051,4026.9,01:23,Lucknow,Known,5,Shopping,1350,0
TXN002052,497.5,06:48,Lucknow,Known,3,Shopping,924,0
TXN002053,6078.05,17:17,Noida,Known,6,Travel,248,0
TXN002054,36165.19,13:04,Delhi,Known,4,Bills,813,0
TXN002055,2644.71,17:38,Delhi,Known,2,Food,902,0
TXN002056,3320.28,21:53,Pune,New,5,Entertainment,10,0
TXN002057,1072.81,11:53,Delhi,Known,3,Bills,828,0
TXN002058,269.03,13:57,Noida,Known,3,Electronics,706,0
TXN002059,955.93,01:06,Mumbai,Known,4,Travel,40,0
TXN002060,571.35,06:02,Lucknow,Known,2,Entertainment,1503,0
TXN002061,393.94,17:34,Mumbai,Known,11,Food,830,0
TXN002062,10982.08,01:57,Kanpur,Known,3,Entertainment,613,0
TXN002063,2397.18,08:59,Pune,Known,4,Food,338,0
TXN002064,2681.72,03:16,Pune,Known,5,Entertainment,746,1
TXN002065,1301.23,20:22,Mumbai,Known,4,Food,875,0
TXN002066,1501.21,13:39,Mumbai,Known,3,Fuel,1258,0
TXN002067,4955.83,15:54,Pune,Known,2,Food,651,0
TXN002068,1739.91,16:10,Delhi,Known,4,Electronics,132,0
TXN002069,3142.49,05:58,Delhi,Known,2,Food,666,0
TXN002070,1465.19,01:49,Kanpur,Known,4,Food,663,0
TXN002071,1256.75,09:04,Pune,Known,5,Bills,1389,0
TXN002072,410.87,04:50,Mumbai,Known,3,Entertainment,821,0
TXN002073,225.63,07:38,Delhi,Known,2,Fuel,860,0
TXN002074,1367.72,07:58,Jaipur,Known,7,Bills,469,0
TXN002075,1910.01,18:12,Jaipur,Known,1,Food,848,0
TXN002076,466.43,07:59,Jhansi,Known,4,Travel,347,0
TXN002077,1736.01,03:02,Noida,Known,5,Electronics,768,0
TXN002078,1904.51,23:04,Jaipur,Known,1,Bills,1033,0
TXN002079,187.12,01:26,Jhansi,Known,6,Travel,694,0
TXN002080,688.6,04:39,Pune,Known,3,Entertainment,1163,0
TXN002081,2760.51,08:10,Kanpur,Known,8,Entertainment,1284,0
TXN002082,2702.56,01:16,Mumbai,Known,5,Shopping,1177,0
TXN002083,536.03,21:23,Pune,Known,2,Fuel,725,0
TXN002084,2125.82,08:07,Noida,Known,2,Bills,308,0
TXN002085,5266.23,18:10,Mumbai,New,3,Shopping,281,0
TXN002086,4070.29,03:08,Jhansi,Known,4,Bills,928,0
TXN002087,1628.63,12:57,Pune,Known,7,Food,812,0
TXN002088,1101.21,03:56,Mumbai,Known,6,Electronics,675,1
TXN002089,929.58,05:37,Noida,Known,5,Fuel,477,0
TXN002090,2941.73,09:41,Delhi,Known,6,Shopping,705,0
TXN002091,2209.23,20:08,Jhansi,Known,3,Bills,121,0
TXN002092,3485.67,07:03,Jaipur,New,4,Fuel,429,0
TXN002093,2067.32,18:22,Pune,Known,5,Travel,614,0
TXN002094,4252.42,02:59,Pune,Known,7,Bills,994,0
TXN002095,1987.96,06:28,Noida,Known,5,Fuel,1109,0
TXN002096,4102.96,14:48,Kanpur,Known,5,Shopping,10,0
TXN002097,4491.34,11:22,Noida,Known,7,Bills,32,0
TXN002098,773.39,12:18,Mumbai,Known,5,Electronics,1000,0
TXN002099,269.61,16:48,Kanpur,Known,3,Food,743,0
TXN002100,9101.64,01:28,Kanpur,Known,3,Entertainment,963,0
TXN002101,2356.74,16:43,Kanpur,Known,6,Shopping,438,0
TXN002102,297.48,20:43,Lucknow,Known,5,Food,462,0
TXN002103,850.68,18:43,Lucknow,Known,3,Entertainment,390,0
TXN002104,4048.13,06:40,Mumbai,Known,2,Food,10,0
TXN002105,1341.95,08:48,Mumbai,Known,2,Electronics,229,0
TXN002106,1051.4,23:27,Lucknow,Known,3,Electronics,251,0
TXN002107,7835.88,18:18,Delhi,Known,3,Bills,310,0
TXN002108,599.38,22:30,Jaipur,Known,2,Food,291,0
TXN002109,778.59,21:19,Delhi,Known,2,Fuel,314,0
TXN002110,2247.33,10:02,Pune,New,3,Fuel,600,0
TXN002111,2712.21,03:21,Mumbai,Known,5,Shopping,931,0
TXN002112,3031.16,05:30,Pune,Known,5,Bills,10,0
TXN002113,4686.03,07:31,Noida,Known,7,Food,305,0
TXN002114,2217.31,20:20,Jaipur,Known,4,Entertainment,320,0
TXN002115,3009.1,06:43,Pune,Known,4,Entertainment,56,0
TXN002116,1371.1,08:17,Noida,Known,5,Fuel,1165,0
TXN002117,1922.49,20:38,Delhi,Known,2,Shopping,233,0
TXN002118,2015.16,03:16,Kanpur,Known,5,Electronics,873,0
TXN002119,2256.1,15:59,Mumbai,New,3,Bills,367,0
TXN002120,4050.96,13:38,Pune,Known,4,Food,1231,0
TXN002121,3224.22,23:33,Pune,Known,5,Shopping,343,0
TXN002122,1885.54,11:25,Mumbai,New,3,Electronics,313,0
TXN002123,769.67,12:45,Noida,Known,5,Bills,621,0
TXN002124,1932.55,20:25,Mumbai,Known,4,Food,1328,0
TXN002125,1747.82,23:48,Noida,Known,2,Food,905,0
TXN002126,2204.78,17:09,Jhansi,Known,5,Entertainment,419,0
TXN002127,18258.64,16:49,Kanpur,New,4,Entertainment,772,0
TXN002128,1038.55,21:57,Pune,Known,4,Travel,456,0
TXN002129,2804.4,23:14,Mumbai,Known,8,Fuel,1321,0
TXN002130,5527.15,17:13,Pune,New,3,Food,1025,0
TXN002131,1995.09,07:57,Noida,Known,3,Bills,682,0
TXN002132,20958.08,15:24,Mumbai,Known,5,Bills,778,0
TXN002133,1210.27,05:41,Lucknow,Known,2,Food,431,0
TXN002134,2529.65,12:11,Delhi,Known,1,Fuel,699,0
TXN002135,778.05,10:25,Jhansi,Known,8,Food,941,0
TXN002136,1244.44,23:42,Pune,Known,6,Electronics,1071,0
TXN002137,2337.7,13:53,Delhi,Known,2,Shopping,519,0
TXN002138,4377.19,23:26,Delhi,Known,6,Bills,10,0
TXN002139,2516.42,19:04,Kanpur,Known,4,Electronics,990,0
TXN002140,6752.12,20:24,Mumbai,Known,5,Bills,435,0
TXN002141,1629.17,04:38,Mumbai,Known,3,Travel,1052,0
TXN002142,1269.99,18:52,Jhansi,Known,4,Electronics,59,0
TXN002143,30783.26,06:50,Lucknow,Known,5,Fuel,835,0
TXN002144,2723.01,13:45,Pune,Known,4,Food,612,0
TXN002145,845.63,11:09,Lucknow,Known,7,Travel,511,0
TXN002146,868.32,06:31,Jhansi,Known,3,Food,1309,0
TXN002147,668.96,23:34,Lucknow,Known,4,Bills,393,0
TXN002148,4812.34,21:28,Mumbai,Known,4,Bills,1270,0
TXN002149,1227.76,13:55,Kanpur,Known,6,Fuel,1612,0
TXN002150,2057.55,00:57,Noida,Known,3,Entertainment,169,0
TXN002151,1683.88,04:12,Jaipur,New,5,Food,316,0
TXN002152,3880.07,05:57,Delhi,Known,3,Food,631,0
TXN002153,739.86,23:50,Kanpur,Known,3,Fuel,604,0
TXN002154,581.84,09:42,Jhansi,Known,4,Food,1163,0
TXN002155,2278.0,01:22,Delhi,Known,2,Electronics,1162,0
TXN002156,3383.1,14:45,Pune,Known,4,Fuel,493,0
TXN002157,2552.17,22:35,Mumbai,Known,3,Food,370,0
TXN002158,769.4,13:53,Pune,Known,7,Shopping,560,0
TXN002159,3666.16,10:42,Kanpur,Known,5,Bills,791,0
TXN002160,824.26,04:57,Delhi,Known,5,Shopping,217,0
TXN002161,1040.99,21:25,Noida,New,6,Fuel,171,0
TXN002162,668.07,02:04,Delhi,Known,1,Entertainment,383,0
TXN002163,7056.88,22:29,Noida,Known,5,Bills,508,0
TXN002164,3500.41,05:59,Pune,Known,3,Bills,542,0
TXN002165,3397.47,03:39,Kanpur,New,4,Shopping,10,1
TXN002166,6668.26,08:42,Mumbai,Known,5,Food,520,0
TXN002167,34503.76,00:37,Lucknow,Known,2,Fuel,150,0
TXN002168,299.12,00:35,Kanpur,Known,2,Electronics,727,0
TXN002169,829.02,04:03,Noida,New,3,Fuel,168,0
TXN002170,942.52,16:24,Jhansi,Known,3,Shopping,835,0
TXN002171,736.7,19:05,Lucknow,Known,5,Food,626,0
TXN002172,580.61,05:20,Noida,New,5,Electronics,1296,0
TXN002173,1314.1,15:43,Noida,Known,4,Food,819,0
TXN002174,501.75,08:48,Noida,Known,1,Travel,617,0
TXN002175,2558.91,10:13,Mumbai,Known,4,Shopping,676,0
TXN002176,1900.41,08:39,Kanpur,Known,8,Food,720,0
TXN002177,2982.81,21:13,Lucknow,New,2,Electronics,449,0
TXN002178,3067.62,12:12,Pune,Known,2,Travel,591,0
TXN002179,3390.39,12:57,Pune,Known,4,Bills,485,0
TXN002180,1216.17,20:36,Pune,Known,1,Shopping,548,0
TXN002181,16692.96,15:11,Mumbai,New,2,Travel,506,0
TXN002182,2302.37,03:08,Noida,Known,1,Travel,542,0
TXN002183,254.66,04:02,Pune,Known,5,Food,679,0
TXN002184,628.32,08:29,Delhi,Known,6,Food,931,0
TXN002185,289.46,02:06,Delhi,New,4,Travel,1083,0
TXN002186,1833.06,16:35,Delhi,New,8,Travel,434,0
TXN002187,1583.9,11:26,Jhansi,Known,1,Entertainment,104,0
TXN002188,1100.69,01:38,Lucknow,Known,4,Travel,1026,0
TXN002189,14868.71,09:12,Mumbai,Known,1,Food,1604,0
TXN002190,3203.42,19:08,Kanpur,Known,4,Fuel,919,0
TXN002191,3858.16,21:06,Pune,Known,6,Food,556,0
TXN002192,677.16,23:05,Pune,Known,1,Fuel,790,0
TXN002193,630.45,22:04,Noida,Known,2,Bills,762,0
TXN002194,1870.92,14:15,Pune,Known,5,Food,681,0
TXN002195,2158.57,22:48,Jhansi,Known,2,Shopping,319,0
TXN002196,256.32,22:36,Pune,New,2,Food,1112,0
TXN002197,1489.54,15:15,Lucknow,Known,2,Food,364,0
TXN002198,1826.79,09:55,Pune,Known,5,Shopping,1101,0
TXN002199,1436.03,23:45,Pune,Known,4,Shopping,924,0
TXN002200,766.23,09:46,Noida,Known,5,Electronics,1292,0
TXN002201,1021.5,03:53,Lucknow,Known,3,Entertainment,999,0
TXN002202,1494.94,02:44,Mumbai,New,2,Food,10,1
TXN002203,1980.06,13:57,Mumbai,Known,2,Shopping,105,0
TXN002204,3396.75,00:19,Delhi,New,3,Food,724,0
TXN002205,5599.55,02:51,Delhi,Known,2,Bills,1401,0
TXN002206,1321.44,05:06,Lucknow,Known,4,Entertainment,530,0
TXN002207,1114.96,12:18,Delhi,New,6,Electronics,119,0
TXN002208,2850.02,11:53,Pune,Known,7,Entertainment,1031,0
TXN002209,3418.4,12:08,Jhansi,Known,1,Bills,1383,0
TXN002210,1140.97,12:30,Pune,Known,2,Shopping,363,0
TXN002211,4127.62,23:20,Lucknow,Known,2,Food,474,0
TXN002212,5034.69,05:06,Mumbai,Known,5,Entertainment,1384,0
TXN002213,6987.04,11:14,Mumbai,Known,3,Bills,160,0
TXN002214,11646.71,14:32,Pune,Known,3,Fuel,249,0
TXN002215,724.73,06:37,Delhi,Known,5,Electronics,242,0
TXN002216,1826.46,04:40,Noida,Known,5,Food,768,0
TXN002217,1821.44,01:07,Mumbai,Known,3,Shopping,578,0
TXN002218,1623.87,07:19,Lucknow,Known,2,Electronics,444,0
TXN002219,910.34,06:06,Delhi,Known,6,Fuel,1065,0
TXN002220,378.31,04:00,Kanpur,Known,4,Food,1042,0
TXN002221,1983.97,06:23,Delhi,Known,8,Fuel,1305,0
TXN002222,803.33,16:37,Pune,Known,6,Fuel,722,0
TXN002223,1970.09,19:22,Delhi,Known,5,Entertainment,1022,0
TXN002224,781.95,12:02,Mumbai,Known,2,Bills,217,0
TXN002225,567.31,01:13,Delhi,Known,6,Entertainment,1000,0
TXN002226,2302.05,17:25,Jaipur,Known,3,Food,1021,0
TXN002227,2109.09,03:21,Jhansi,Known,1,Entertainment,365,0
TXN002228,3306.97,01:49,Jhansi,Known,1,Bills,951,0
TXN002229,17866.79,13:35,Kanpur,Known,8,Travel,800,0
TXN002230,2408.35,10:59,Pune,Known,7,Shopping,892,0
TXN002231,2995.53,07:10,Delhi,Known,5,Food,1096,0
TXN002232,580.62,23:22,Pune,Known,3,Food,772,0
TXN002233,466.05,02:05,Pune,Known,4,Shopping,1185,0
TXN002234,9485.44,01:01,Delhi,Known,4,Shopping,230,0
TXN002235,682.59,14:55,Delhi,Known,7,Bills,336,0
TXN002236,601.48,10:29,Kanpur,Known,3,Shopping,631,0
TXN002237,1727.6,19:39,Delhi,Known,2,Shopping,375,0
TXN002238,1637.36,00:16,Mumbai,Known,1,Food,807,0
TXN002239,697.78,10:03,Lucknow,New,4,Entertainment,557,0
TXN002240,1306.78,03:53,Delhi,Known,4,Food,573,0
TXN002241,6544.54,00:39,Noida,Known,6,Travel,561,0
TXN002242,772.2,11:42,Kanpur,Known,4,Shopping,799,0
TXN002243,416.62,17:32,Jhansi,Known,4,Travel,696,0
TXN002244,4842.88,03:24,Kanpur,Known,3,Food,853,0
TXN002245,3018.31,20:25,Lucknow,Known,2,Bills,535,0
TXN002246,938.23,12:45,Kanpur,Known,3,Shopping,10,0
TXN002247,341.81,11:13,Pune,Known,7,Shopping,1010,0
TXN002248,823.6,22:20,Lucknow,Known,3,Shopping,371,0
TXN002249,1699.52,07:18,Jhansi,Known,2,Entertainment,817,0
TXN002250,6121.1,04:31,Pune,Known,3,Shopping,698,0
TXN002251,606.15,18:58,Jhansi,Known,3,Electronics,1628,0
TXN002252,1647.14,02:55,Mumbai,Known,5,Bills,10,0
TXN002253,3657.17,20:32,Delhi,Known,4,Entertainment,423,0
TXN002254,147.7,19:12,Jhansi,New,3,Entertainment,856,0
TXN002255,5329.53,23:56,Noida,Known,3,Food,25,0
TXN002256,520.07,11:18,Noida,Known,4,Travel,680,0
TXN002257,2550.74,14:21,Noida,Known,3,Travel,10,0
TXN002258,2332.18,21:53,Delhi,Known,5,Bills,694,0
TXN002259,5621.52,03:15,Noida,Known,2,Electronics,714,0
TXN002260,3209.96,07:27,Jhansi,Known,3,Electronics,997,0
TXN002261,148.32,11:55,Jaipur,Known,3,Shopping,812,0
TXN002262,789.6,15:19,Noida,Known,3,Fuel,291,0
TXN002263,2081.11,16:37,Lucknow,Known,2,Fuel,722,0
TXN002264,1466.76,22:02,Noida,Known,6,Entertainment,831,0
TXN002265,2972.13,11:59,Jhansi,Known,2,Travel,316,0
TXN002266,4123.17,04:25,Mumbai,Known,5,Entertainment,1106,0
TXN002267,3409.83,04:40,Kanpur,Known,4,Entertainment,934,0
TXN002268,1437.35,19:30,Mumbai,New,8,Food,13,0
TXN002269,259.02,11:26,Delhi,Known,3,Food,706,0
TXN002270,1115.76,15:24,Noida,Known,4,Entertainment,264,0
TXN002271,2787.02,13:01,Lucknow,Known,4,Travel,10,0
TXN002272,572.82,19:16,Noida,Known,2,Shopping,456,0
TXN002273,3492.53,05:22,Kanpur,New,5,Electronics,538,0
TXN002274,4672.06,04:22,Pune,Known,5,Electronics,1590,0
TXN002275,2056.48,17:16,Noida,Known,4,Food,467,0
TXN002276,72.14,10:38,Noida,Known,3,Entertainment,713,0
TXN002277,470.38,19:49,Lucknow,Known,2,Shopping,823,0
TXN002278,13043.44,03:53,Jaipur,New,4,Travel,542,0
TXN002279,1014.02,06:58,Lucknow,Known,3,Bills,809,0
TXN002280,224.12,23:38,Pune,New,4,Bills,393,0
TXN002281,6585.01,20:24,Kanpur,Known,6,Food,232,0
TXN002282,1825.42,01:38,Mumbai,Known,5,Food,447,0
TXN002283,5742.96,19:07,Jhansi,New,5,Food,154,0
TXN002284,2407.51,01:49,Kanpur,New,7,Shopping,943,0
TXN002285,2913.26,02:32,Mumbai,Known,5,Shopping,659,0
TXN002286,2635.17,21:09,Lucknow,New,11,Fuel,482,0
TXN002287,3743.98,03:25,Delhi,Known,4,Food,931,0
TXN002288,19669.88,07:18,Jaipur,Known,4,Food,436,0
TXN002289,4989.54,03:20,Jhansi,Known,4,Shopping,10,0
TXN002290,342.47,14:03,Delhi,Known,3,Food,460,0
TXN002291,2877.1,01:00,Noida,Known,3,Shopping,1004,1
TXN002292,5967.58,06:20,Jhansi,Known,5,Electronics,1105,0
TXN002293,6363.78,07:18,Noida,Known,2,Travel,169,0
TXN002294,1150.1,15:59,Jhansi,Known,2,Fuel,436,0
TXN002295,6116.43,11:15,Delhi,Known,5,Shopping,989,0
TXN002296,4767.95,04:19,Mumbai,Known,3,Travel,57,0
TXN002297,26814.16,11:54,Noida,Known,5,Bills,553,0
TXN002298,818.96,11:51,Noida,Known,6,Fuel,813,0
TXN002299,1056.56,08:03,Noida,Known,5,Travel,1271,0
TXN002300,1305.21,12:05,Delhi,Known,5,Bills,488,0
TXN002301,1075.79,07:05,Pune,Known,6,Shopping,91,0
TXN002302,706.99,08:27,Lucknow,Known,9,Entertainment,353,0
TXN002303,98.96,18:34,Noida,New,2,Fuel,1686,0
TXN002304,1140.37,06:21,Mumbai,Known,6,Fuel,812,0
TXN002305,2652.79,07:00,Noida,Known,3,Bills,1193,0
TXN002306,1072.4,03:12,Jaipur,New,2,Food,676,0
TXN002307,13734.86,16:36,Mumbai,Known,8,Food,347,0
TXN002308,1825.46,16:22,Pune,Known,3,Travel,232,0
TXN002309,6982.22,16:07,Jhansi,Known,1,Travel,486,0
TXN002310,2368.55,04:39,Mumbai,Known,4,Bills,984,0
TXN002311,4286.69,10:36,Mumbai,Known,4,Travel,131,0
TXN002312,2413.29,07:29,Noida,Known,3,Shopping,985,0
TXN002313,7576.19,18:56,Mumbai,Known,5,Electronics,194,0
TXN002314,1908.89,08:50,Delhi,New,4,Shopping,553,0
TXN002315,3030.46,09:02,Pune,Known,6,Fuel,656,0
TXN002316,2644.38,10:54,Jhansi,New,2,Travel,934,0
TXN002317,1329.88,18:02,Noida,Known,3,Food,557,0
TXN002318,2753.9,16:28,Jhansi,Known,5,Shopping,901,0
TXN002319,18800.66,19:54,Kanpur,Known,6,Fuel,548,0
TXN002320,1355.09,10:58,Noida,Known,5,Entertainment,843,0
TXN002321,2796.1,19:01,Delhi,Known,3,Shopping,670,0
TXN002322,6742.66,20:04,Mumbai,New,3,Fuel,762,0
TXN002323,5959.89,12:14,Jhansi,Known,3,Electronics,756,0
TXN002324,1822.28,16:16,Jaipur,Known,10,Shopping,637,0
TXN002325,147.38,21:16,Lucknow,Known,4,Fuel,1169,0
TXN002326,3096.66,20:25,Jaipur,Known,5,Entertainment,929,0
TXN002327,175.05,06:19,Noida,Known,7,Shopping,752,0
TXN002328,8425.15,17:34,Kanpur,Known,2,Electronics,451,0
TXN002329,2150.57,10:51,Lucknow,Known,6,Food,1695,0
TXN002330,5142.01,03:32,Delhi,Known,5,Fuel,1326,0
TXN002331,698.07,08:19,Jhansi,New,7,Shopping,261,0
TXN002332,352.63,23:34,Delhi,Known,3,Food,935,0
TXN002333,2366.89,22:37,Lucknow,Known,3,Travel,1205,0
TXN002334,1737.6,18:53,Mumbai,Known,4,Fuel,890,0
TXN002335,1074.3,23:56,Jaipur,Known,4,Food,679,0
TXN002336,1967.34,13:16,Lucknow,Known,5,Travel,425,0
TXN002337,32904.0,18:55,Kanpur,Known,6,Bills,881,0
TXN002338,4323.38,03:49,Lucknow,Known,5,Travel,302,0
TXN002339,5418.18,07:07,Delhi,Known,5,Bills,524,0
TXN002340,4366.32,04:33,Lucknow,New,3,Electronics,464,0
TXN002341,8509.83,22:09,Noida,Known,5,Shopping,898,0
TXN002342,1474.34,14:29,Jhansi,Known,6,Food,1256,0
TXN002343,208.1,22:02,Lucknow,Known,7,Shopping,481,0
TXN002344,1476.64,09:17,Pune,Known,5,Fuel,522,0
TXN002345,4221.16,09:35,Delhi,Known,2,Shopping,1226,0
TXN002346,650.18,16:18,Pune,Known,6,Travel,459,0
TXN002347,1495.71,13:00,Delhi,Known,1,Bills,10,0
TXN002348,870.6,08:23,Pune,Known,4,Food,1463,0
TXN002349,8713.88,07:32,Jaipur,New,4,Food,1106,0
TXN002350,3953.96,12:45,Pune,Known,4,Fuel,1021,0
TXN002351,3567.64,01:08,Delhi,Known,4,Food,841,0
TXN002352,3457.23,04:28,Kanpur,Known,6,Food,650,0
TXN002353,1730.96,01:11,Pune,Known,2,Electronics,10,0
TXN002354,2214.93,03:09,Kanpur,Known,2,Entertainment,592,0
TXN002355,518.58,04:07,Lucknow,Known,7,Travel,583,0
TXN002356,181.23,01:45,Kanpur,Known,1,Food,628,0
TXN002357,2107.22,01:55,Delhi,Known,4,Travel,925,0
TXN002358,2529.39,19:39,Kanpur,Known,2,Shopping,1316,0
TXN002359,6407.79,04:22,Delhi,Known,6,Food,651,0
TXN002360,9371.65,13:56,Jhansi,Known,9,Electronics,596,0
TXN002361,9358.5,02:29,Lucknow,New,7,Fuel,1314,0
TXN002362,631.2,22:31,Mumbai,Known,5,Entertainment,349,0
TXN002363,1243.47,05:38,Delhi,Known,5,Fuel,669,0
TXN002364,2980.64,17:39,Jaipur,Known,7,Bills,694,0
TXN002365,25694.75,15:29,Kanpur,Known,4,Entertainment,349,0
TXN002366,8515.52,18:28,Jhansi,New,4,Shopping,539,0
TXN002367,5830.8,15:19,Noida,Known,3,Travel,544,0
TXN002368,1197.95,12:40,Jhansi,Known,5,Entertainment,1008,0
TXN002369,712.07,18:40,Lucknow,Known,2,Travel,560,0
TXN002370,4121.18,19:26,Jhansi,Known,3,Food,572,0
TXN002371,566.71,09:42,Mumbai,New,5,Entertainment,881,0
TXN002372,1401.34,22:08,Kanpur,Known,3,Shopping,478,0
TXN002373,1595.63,23:24,Mumbai,Known,3,Shopping,301,1
TXN002374,9586.39,17:59,Jaipur,New,3,Fuel,1797,0
TXN002375,1240.3,22:44,Kanpur,Known,2,Shopping,660,0
TXN002376,138.98,02:43,Mumbai,Known,9,Shopping,778,0
TXN002377,3057.06,12:51,Jhansi,Known,2,Food,570,0
TXN002378,864.0,15:36,Delhi,Known,6,Food,52,0
TXN002379,1882.4,22:39,Lucknow,Known,3,Food,466,0
TXN002380,1643.37,02:28,Pune,Known,4,Shopping,215,0
TXN002381,1350.4,19:49,Noida,Known,5,Electronics,912,0
TXN002382,4127.39,01:42,Noida,Known,3,Bills,858,1
TXN002383,359.97,08:31,Kanpur,Known,5,Food,927,0
TXN002384,1045.95,16:07,Lucknow,Known,4,Fuel,270,0
TXN002385,3691.48,06:48,Delhi,Known,4,Entertainment,10,0
TXN002386,944.59,20:19,Jhansi,Known,3,Shopping,10,0
TXN002387,332.39,22:21,Kanpur,Known,3,Entertainment,851,0
TXN002388,3631.95,03:07,Delhi,Known,6,Fuel,517,0
TXN002389,5853.48,06:13,Delhi,Known,6,Entertainment,146,0
TXN002390,1716.94,01:07,Delhi,Known,4,Shopping,914,0
TXN002391,229.67,17:05,Mumbai,New,5,Fuel,1048,1
TXN002392,3777.47,21:01,Delhi,Known,1,Food,658,0
TXN002393,315.03,14:17,Lucknow,Known,6,Entertainment,438,0
TXN002394,2489.36,03:45,Kanpur,Known,6,Shopping,588,0
TXN002395,708.89,04:51,Lucknow,Known,4,Food,1174,0
TXN002396,532.57,00:13,Mumbai,New,2,Travel,1126,0
TXN002397,1131.77,11:25,Kanpur,Known,3,Food,587,0
TXN002398,1484.87,17:49,Pune,Known,4,Shopping,739,0
TXN002399,915.18,03:42,Mumbai,Known,4,Shopping,2500,0
TXN002400,3339.85,20:54,Mumbai,Known,4,Food,1570,0
TXN002401,1126.84,06:25,Kanpur,Known,5,Food,702,0
TXN002402,5037.89,12:10,Mumbai,Known,4,Shopping,1283,0
TXN002403,2418.19,16:08,Mumbai,Known,9,Food,844,0
TXN002404,865.33,12:42,Lucknow,Known,3,Fuel,1306,0
TXN002405,725.1,11:01,Lucknow,Known,4,Food,383,0
TXN002406,319.15,08:27,Pune,New,4,Fuel,995,0
TXN002407,2442.58,10:21,Pune,Known,1,Travel,1113,0
TXN002408,1240.44,05:55,Lucknow,New,3,Travel,676,0
TXN002409,149.12,07:59,Lucknow,Known,4,Electronics,506,0
TXN002410,1025.61,18:29,Jaipur,Known,2,Travel,780,0
TXN002411,698.86,21:34,Kanpur,Known,5,Electronics,116,0
TXN002412,9414.47,20:22,Jaipur,New,4,Electronics,520,1
TXN002413,301.15,07:46,Noida,Known,2,Shopping,455,0
TXN002414,396.28,07:17,Mumbai,New,3,Shopping,1045,0
TXN002415,5773.36,01:44,Mumbai,Known,3,Food,902,0
TXN002416,7481.16,06:54,Delhi,Known,4,Shopping,957,0
TXN002417,823.29,14:10,Pune,Known,5,Electronics,1181,0
TXN002418,926.91,06:13,Mumbai,Known,1,Bills,217,0
TXN002419,3437.81,17:22,Noida,Known,4,Electronics,1366,0
TXN002420,156.35,01:49,Kanpur,Known,3,Bills,1071,0
TXN002421,255.01,09:38,Pune,Known,5,Bills,109,0
TXN002422,1340.47,06:11,Noida,Known,3,Shopping,1013,0
TXN002423,9162.98,11:22,Delhi,Known,5,Electronics,925,0
TXN002424,1139.14,00:38,Mumbai,Known,4,Shopping,859,0
TXN002425,2001.25,10:57,Kanpur,Known,3,Food,296,0
TXN002426,5919.58,18:27,Pune,Known,5,Bills,682,0
TXN002427,16444.9,20:04,Noida,Known,7,Bills,966,0
TXN002428,982.26,06:06,Kanpur,Known,4,Food,705,0
TXN002429,1768.46,10:01,Pune,New,5,Fuel,134,0
TXN002430,12194.01,16:07,Lucknow,Known,7,Bills,538,0
TXN002431,364.03,11:24,Delhi,New,4,Food,839,1
TXN002432,5294.91,13:16,Pune,Known,2,Shopping,613,0
TXN002433,617.89,08:18,Kanpur,Known,6,Shopping,1480,0
TXN002434,2004.48,20:45,Pune,Known,4,Electronics,1006,0
TXN002435,1395.2,15:28,Lucknow,Known,2,Food,990,0
TXN002436,658.28,23:43,Jhansi,Known,5,Food,767,0
TXN002437,641.16,18:32,Mumbai,Known,3,Food,508,0
TXN002438,2406.14,08:12,Lucknow,Known,4,Entertainment,1405,0
TXN002439,5119.74,07:56,Delhi,Known,3,Food,538,0
TXN002440,1570.77,02:28,Noida,Known,5,Food,725,0
TXN002441,1937.51,14:50,Mumbai,Known,4,Fuel,660,0
TXN002442,3278.94,17:05,Mumbai,Known,1,Fuel,115,0
TXN002443,648.94,08:50,Lucknow,Known,1,Food,882,0
TXN002444,3913.62,00:42,Lucknow,Known,4,Travel,1106,0
TXN002445,4255.01,19:14,Kanpur,Known,2,Electronics,455,0
TXN002446,27704.48,05:47,Noida,Known,1,Shopping,572,0
TXN002447,1212.73,13:44,Noida,Known,4,Bills,352,0
TXN002448,1112.71,01:53,Lucknow,New,5,Entertainment,1450,0
TXN002449,4035.78,01:12,Kanpur,Known,4,Shopping,878,0
TXN002450,4253.94,21:53,Delhi,Known,6,Food,1250,0
TXN002451,1026.28,16:45,Kanpur,Known,6,Shopping,524,0
TXN002452,1178.76,00:20,Pune,Known,5,Bills,931,0
TXN002453,3177.12,02:21,Kanpur,Known,4,Bills,40,0
TXN002454,754.89,11:15,Jaipur,Known,6,Bills,446,0
TXN002455,1169.68,16:28,Delhi,Known,4,Entertainment,1551,0
TXN002456,1977.55,10:53,Noida,Known,5,Shopping,870,0
TXN002457,5121.88,20:50,Noida,Known,3,Bills,561,0
TXN002458,954.05,15:08,Noida,Known,8,Entertainment,10,0
TXN002459,260.09,14:07,Noida,Known,5,Fuel,775,0
TXN002460,240.59,06:03,Delhi,Known,5,Shopping,523,0
TXN002461,479.7,16:36,Noida,Known,8,Entertainment,1055,0
TXN002462,453.37,20:18,Kanpur,Known,3,Food,89,0
TXN002463,1530.27,01:45,Kanpur,Known,5,Shopping,1073,0
TXN002464,516.57,17:45,Delhi,Known,3,Food,509,0
TXN002465,860.62,21:11,Mumbai,Known,4,Shopping,264,0
TXN002466,798.51,10:41,Jaipur,Known,2,Fuel,777,0
TXN002467,1133.44,18:45,Mumbai,Known,2,Shopping,1463,0
TXN002468,7216.83,08:59,Lucknow,Known,3,Travel,1003,0
TXN002469,3606.84,04:43,Mumbai,Known,4,Shopping,829,0
TXN002470,1830.74,19:21,Jhansi,Known,5,Food,474,0
TXN002471,1109.28,07:59,Noida,Known,2,Food,1295,0
TXN002472,1142.13,18:16,Jaipur,Known,2,Food,845,0
TXN002473,2539.38,07:48,Kanpur,Known,2,Bills,10,0
TXN002474,3323.98,09:22,Mumbai,Known,3,Food,1019,0
TXN002475,694.05,16:56,Delhi,New,4,Shopping,800,0
TXN002476,1870.29,08:46,Mumbai,Known,3,Travel,648,0
TXN002477,213.22,19:35,Jhansi,Known,5,Travel,1220,0
TXN002478,2248.1,00:12,Jaipur,Known,3,Travel,388,1
TXN002479,4007.0,00:11,Delhi,Known,5,Travel,476,0
TXN002480,1341.4,01:56,Lucknow,Known,4,Electronics,623,0
TXN002481,12123.43,06:48,Noida,Known,8,Fuel,870,0
TXN002482,713.54,01:30,Kanpur,Known,4,Shopping,441,0
TXN002483,2261.66,09:52,Jhansi,New,2,Electronics,279,0
TXN002484,1733.55,00:46,Kanpur,Known,4,Electronics,611,0
TXN002485,1620.08,18:23,Mumbai,Known,4,Shopping,484,0
TXN002486,1596.4,03:49,Kanpur,New,4,Entertainment,1388,0
TXN002487,2014.25,23:47,Lucknow,Known,5,Entertainment,10,0
TXN002488,4384.8,20:28,Noida,Known,5,Fuel,1065,0
TXN002489,7647.74,16:01,Delhi,Known,5,Fuel,10,0
TXN002490,1795.75,19:44,Kanpur,Known,6,Bills,659,0
TXN002491,4237.06,18:20,Jaipur,Known,3,Shopping,237,0
TXN002492,861.51,20:21,Kanpur,Known,6,Travel,40,0
TXN002493,4023.05,13:42,Mumbai,Known,6,Shopping,1246,0
TXN002494,808.72,14:48,Jaipur,Known,3,Bills,997,0
TXN002495,5657.49,11:05,Mumbai,Known,3,Travel,717,0
TXN002496,18337.71,14:49,Noida,New,1,Travel,745,1
TXN002497,1583.44,09:17,Delhi,Known,3,Electronics,369,0
TXN002498,180.07,02:33,Pune,Known,3,Travel,497,0
TXN002499,1012.39,22:52,Mumbai,Known,3,Shopping,401,0
TXN002500,6561.74,16:13,Lucknow,Known,4,Electronics,470,0
TXN002501,3217.22,16:13,Jaipur,Known,4,Food,601,0
TXN002502,2337.65,06:58,Kanpur,Known,2,Shopping,1249,0
TXN002503,5190.8,18:22,Mumbai,Known,4,Food,939,0
TXN002504,2993.56,12:56,Delhi,Known,3,Food,821,0
TXN002505,6464.97,01:21,Delhi,New,5,Electronics,273,0
TXN002506,4726.48,22:37,Mumbai,Known,3,Food,878,0
TXN002507,8895.74,23:30,Kanpur,Known,6,Shopping,10,1
TXN002508,2623.53,20:59,Kanpur,New,3,Electronics,399,0
TXN002509,4656.71,11:33,Jaipur,Known,5,Food,172,0
TXN002510,1303.83,05:30,Noida,New,3,Shopping,534,0
TXN002511,957.2,00:27,Jaipur,Known,2,Travel,569,0
TXN002512,10803.74,17:22,Kanpur,Known,5,Entertainment,508,0
TXN002513,2258.73,21:26,Lucknow,Known,6,Shopping,682,0
TXN002514,4190.88,02:27,Kanpur,Known,3,Food,753,0
TXN002515,2049.74,16:45,Lucknow,Known,3,Fuel,1252,0
TXN002516,972.34,00:02,Mumbai,Known,2,Entertainment,350,0
TXN002517,1820.88,18:30,Pune,Known,4,Entertainment,340,0
TXN002518,8130.16,00:32,Noida,Known,3,Electronics,644,0
TXN002519,3224.53,23:45,Mumbai,Known,3,Food,817,1
TXN002520,298.42,04:39,Lucknow,Known,6,Fuel,706,0
TXN002521,1435.88,09:25,Mumbai,Known,3,Bills,1457,0
TXN002522,11695.39,16:06,Kanpur,Known,4,Travel,1045,0
TXN002523,1438.07,20:22,Lucknow,Known,5,Shopping,1267,0
TXN002524,271.79,08:15,Pune,Known,6,Shopping,880,0
TXN002525,13137.73,23:12,Kanpur,Known,6,Electronics,725,0
TXN002526,3685.1,00:43,Lucknow,Known,3,Food,10,0
TXN002527,1672.42,11:28,Noida,Known,5,Electronics,709,0
TXN002528,1218.72,23:47,Jaipur,Known,5,Bills,551,0
TXN002529,5608.35,06:08,Pune,Known,5,Travel,562,0
TXN002530,1018.88,12:59,Kanpur,Known,5,Shopping,1102,0
TXN002531,6010.19,10:28,Lucknow,Known,1,Fuel,129,0
TXN002532,3180.67,09:15,Noida,Known,2,Shopping,1142,0
TXN002533,2327.29,18:21,Pune,Known,4,Food,949,0
TXN002534,2097.15,12:50,Jaipur,Known,3,Food,777,0
TXN002535,1497.91,17:42,Lucknow,New,2,Bills,1024,0
TXN002536,5396.27,12:10,Noida,Known,4,Travel,10,0
TXN002537,725.55,23:59,Mumbai,Known,6,Food,840,0
TXN002538,327.84,11:07,Delhi,Known,4,Electronics,55,0
TXN002539,3431.33,19:16,Mumbai,Known,3,Shopping,827,0
TXN002540,3492.39,14:43,Delhi,Known,3,Shopping,172,0
TXN002541,2980.35,19:31,Kanpur,Known,6,Entertainment,341,0
TXN002542,2761.85,21:26,Lucknow,Known,3,Entertainment,484,0
TXN002543,1285.59,05:55,Noida,Known,5,Fuel,555,0
TXN002544,4115.02,07:47,Jhansi,Known,6,Shopping,754,0
TXN002545,1715.92,07:57,Delhi,New,2,Food,971,0
TXN002546,1079.31,11:16,Noida,New,4,Food,1681,0
TXN002547,1297.32,11:51,Mumbai,Known,6,Food,388,0
TXN002548,15021.14,00:12,Delhi,Known,3,Entertainment,725,0
TXN002549,291.14,21:48,Jaipur,Known,2,Food,633,0
TXN002550,3042.15,20:32,Delhi,New,8,Fuel,222,0
TXN002551,308.73,14:35,Lucknow,Known,4,Shopping,10,0
TXN002552,1606.63,07:06,Jhansi,Known,5,Bills,268,0
TXN002553,1141.65,19:52,Lucknow,Known,4,Bills,433,0
TXN002554,201.6,06:16,Lucknow,Known,7,Shopping,507,0
TXN002555,2708.18,07:35,Noida,Known,3,Shopping,67,0
TXN002556,1207.73,23:09,Jhansi,Known,3,Electronics,539,0
TXN002557,198.62,22:55,Kanpur,Known,3,Food,592,0
TXN002558,4346.34,14:19,Pune,Known,3,Food,288,0
TXN002559,8121.73,04:45,Delhi,Known,4,Bills,984,0
TXN002560,8605.64,02:45,Kanpur,Known,4,Electronics,10,0
TXN002561,2623.98,23:33,Mumbai,Known,1,Electronics,784,0
TXN002562,1889.19,06:07,Delhi,Known,6,Travel,571,0
TXN002563,7259.79,16:16,Jaipur,Known,4,Shopping,703,0
TXN002564,10530.64,08:36,Noida,Known,5,Bills,842,0
TXN002565,5918.21,11:32,Mumbai,Known,4,Food,791,0
TXN002566,669.77,23:35,Lucknow,Known,4,Food,10,0
TXN002567,2223.76,14:14,Mumbai,Known,5,Entertainment,560,0
TXN002568,2855.59,10:32,Noida,Known,4,Bills,863,0
TXN002569,269.2,09:05,Lucknow,Known,1,Food,878,0
TXN002570,2946.49,05:29,Jaipur,Known,2,Travel,333,0
TXN002571,19578.42,13:05,Mumbai,Known,2,Fuel,213,0
TXN002572,3524.43,13:39,Lucknow,Known,4,Shopping,907,0
TXN002573,8455.95,02:34,Jaipur,New,5,Food,873,0
TXN002574,2181.14,09:51,Pune,Known,6,Fuel,214,0
TXN002575,1666.8,15:27,Mumbai,Known,1,Bills,128,0
TXN002576,2686.18,01:09,Kanpur,Known,4,Fuel,495,0
TXN002577,764.27,23:14,Pune,Known,1,Food,334,0
TXN002578,654.31,20:48,Noida,Known,2,Travel,712,0
TXN002579,6803.29,15:57,Jhansi,Known,3,Shopping,1224,0
TXN002580,7604.55,00:03,Noida,Known,4,Travel,131,0
TXN002581,635.8,12:40,Jaipur,Known,4,Electronics,596,0
TXN002582,4973.81,21:28,Kanpur,Known,2,Travel,327,0
TXN002583,1642.93,00:15,Mumbai,Known,4,Shopping,968,0
TXN002584,2571.75,19:30,Kanpur,Known,3,Travel,995,0
TXN002585,2918.34,20:56,Noida,Known,3,Electronics,268,0
TXN002586,5113.35,01:11,Kanpur,Known,2,Food,1108,0
TXN002587,1963.33,05:50,Mumbai,Known,4,Food,996,0
TXN002588,7912.6,17:05,Noida,Known,3,Fuel,576,0
TXN002589,2490.96,21:43,Lucknow,Known,2,Shopping,959,0
TXN002590,3466.62,18:04,Jaipur,Known,4,Travel,71,0
TXN002591,750.41,12:03,Lucknow,Known,3,Food,1446,0
TXN002592,17363.64,14:02,Noida,Known,2,Shopping,668,0
TXN002593,2947.93,12:48,Kanpur,Known,2,Food,1173,0
TXN002594,3805.45,13:34,Delhi,Known,5,Shopping,392,0
TXN002595,332.6,18:41,Kanpur,Known,1,Fuel,10,0
TXN002596,758.77,01:09,Delhi,Known,6,Fuel,840,0
TXN002597,6603.27,05:55,Pune,Known,3,Food,332,0
TXN002598,2432.75,01:48,Noida,New,3,Food,377,1
TXN002599,241.31,19:29,Delhi,Known,3,Food,743,0
TXN002600,5354.79,17:53,Kanpur,Known,7,Bills,993,0
TXN002601,1016.96,01:08,Jaipur,Known,6,Shopping,793,0
TXN002602,7922.2,02:17,Mumbai,New,4,Entertainment,1086,1
TXN002603,1641.42,06:02,Jaipur,Known,4,Travel,558,0
TXN002604,2231.62,05:09,Delhi,Known,3,Entertainment,1214,0
TXN002605,6207.07,12:50,Delhi,Known,3,Shopping,988,0
TXN002606,701.47,11:24,Kanpur,Known,6,Entertainment,186,0
TXN002607,634.64,08:38,Mumbai,Known,5,Entertainment,909,0
TXN002608,1464.43,03:52,Pune,Known,4,Food,653,0
TXN002609,4290.13,15:45,Noida,Known,4,Entertainment,307,0
TXN002610,445.02,18:23,Noida,Known,7,Shopping,882,0
TXN002611,312.34,15:20,Noida,Known,7,Food,819,0
TXN002612,4274.61,19:06,Noida,Known,2,Shopping,920,0
TXN002613,955.67,21:49,Noida,Known,3,Food,178,0
TXN002614,1192.38,20:59,Noida,Known,2,Travel,10,0
TXN002615,256.18,15:30,Pune,Known,5,Travel,494,0
TXN002616,882.37,01:29,Kanpur,Known,9,Shopping,521,0
TXN002617,1785.75,08:50,Lucknow,Known,3,Shopping,838,0
TXN002618,4781.16,10:20,Kanpur,Known,5,Food,10,0
TXN002619,800.91,17:24,Lucknow,Known,3,Fuel,903,0
TXN002620,10257.73,20:53,Mumbai,Known,4,Shopping,981,0
TXN002621,877.22,15:22,Lucknow,Known,2,Electronics,1008,0
TXN002622,878.57,08:55,Lucknow,New,5,Electronics,990,0
TXN002623,9043.19,18:09,Delhi,Known,7,Bills,178,0
TXN002624,2247.5,16:29,Pune,Known,6,Fuel,271,0
TXN002625,1008.19,19:29,Noida,Known,4,Entertainment,554,0
TXN002626,1529.43,14:18,Mumbai,New,6,Fuel,574,0
TXN002627,7452.23,15:57,Jaipur,Known,5,Shopping,241,0
TXN002628,8392.17,08:28,Jaipur,Known,5,Bills,714,0
TXN002629,763.5,09:52,Pune,Known,2,Electronics,836,0
TXN002630,1721.56,06:13,Delhi,Known,4,Food,787,0
TXN002631,1978.72,06:20,Lucknow,Known,3,Travel,708,0
TXN002632,639.05,15:28,Lucknow,Known,4,Food,815,0
TXN002633,1697.77,09:33,Noida,Known,3,Shopping,548,0
TXN002634,1810.09,03:13,Jhansi,Known,4,Food,878,0
TXN002635,5959.62,00:18,Noida,Known,7,Food,828,0
TXN002636,6395.43,20:37,Noida,Known,5,Food,327,0
TXN002637,1273.94,10:16,Jaipur,Known,2,Fuel,1433,0
TXN002638,1437.83,13:45,Kanpur,Known,3,Electronics,1299,0
TXN002639,3615.73,21:28,Jaipur,New,3,Electronics,952,0
TXN002640,973.69,02:58,Pune,Known,6,Travel,1139,0
TXN002641,3339.63,22:14,Mumbai,Known,4,Food,795,0
TXN002642,1641.29,16:50,Pune,Known,3,Fuel,520,0
TXN002643,650.46,15:29,Delhi,Known,3,Travel,1138,0
TXN002644,659.09,10:05,Delhi,Known,3,Food,789,0
TXN002645,8225.16,16:42,Jaipur,Known,6,Travel,970,0
TXN002646,1527.37,04:12,Lucknow,Known,3,Food,1320,0
TXN002647,10076.02,07:08,Kanpur,Known,3,Fuel,23,0
TXN002648,1049.66,23:31,Jaipur,Known,9,Shopping,868,0
TXN002649,2443.79,06:47,Lucknow,Known,5,Food,297,0
TXN002650,22200.11,17:15,Mumbai,Known,3,Food,607,0
TXN002651,593.05,22:37,Delhi,Known,6,Electronics,355,0
TXN002652,245.39,14:00,Kanpur,Known,7,Fuel,1168,0
TXN002653,6949.75,07:11,Mumbai,Known,2,Shopping,875,0
TXN002654,755.51,20:45,Delhi,Known,5,Shopping,704,0
TXN002655,1761.29,19:00,Pune,Known,3,Electronics,29,0
TXN002656,972.95,13:21,Mumbai,New,2,Bills,455,0
TXN002657,2385.38,02:30,Kanpur,Known,4,Bills,480,0
TXN002658,663.47,10:03,Delhi,New,3,Entertainment,807,0
TXN002659,1490.11,10:58,Kanpur,Known,7,Bills,498,0
TXN002660,2886.64,04:30,Jhansi,Known,3,Electronics,545,0
TXN002661,624.42,09:20,Lucknow,Known,1,Travel,10,0
TXN002662,863.03,03:58,Mumbai,Known,4,Travel,1069,0
TXN002663,1249.86,16:33,Mumbai,Known,2,Entertainment,182,0
TXN002664,401.53,10:40,Delhi,Known,8,Fuel,385,0
TXN002665,1155.0,17:05,Delhi,Known,3,Travel,897,0
TXN002666,2039.13,10:09,Kanpur,Known,4,Fuel,1044,0
TXN002667,1183.24,17:02,Delhi,Known,2,Entertainment,683,0
TXN002668,1353.7,17:30,Mumbai,Known,3,Food,829,0
TXN002669,1762.78,03:50,Delhi,Known,1,Entertainment,1076,0
TXN002670,904.16,10:54,Pune,Known,7,Shopping,10,0
TXN002671,3718.8,17:34,Lucknow,Known,6,Shopping,1045,0
TXN002672,8130.02,14:03,Kanpur,Known,2,Shopping,10,0
TXN002673,1105.38,05:37,Jhansi,Known,1,Shopping,539,0
TXN002674,2995.9,19:38,Lucknow,Known,3,Electronics,850,0
TXN002675,1399.6,04:35,Mumbai,Known,6,Food,265,0
TXN002676,2642.03,23:43,Lucknow,New,2,Food,589,0
TXN002677,9317.13,16:33,Kanpur,Known,3,Shopping,10,0
TXN002678,3070.62,07:42,Lucknow,Known,5,Food,126,0
TXN002679,279.63,04:29,Delhi,Known,2,Fuel,334,0
TXN002680,2899.34,21:09,Jaipur,New,6,Food,254,1
TXN002681,6568.55,12:04,Noida,Known,6,Bills,607,0
TXN002682,1426.34,19:54,Delhi,Known,1,Shopping,1393,0
TXN002683,5120.25,19:26,Jaipur,Known,4,Electronics,1028,0
TXN002684,872.11,01:19,Delhi,Known,4,Entertainment,1044,0
TXN002685,378.31,16:17,Delhi,Known,3,Food,863,0
TXN002686,2087.6,08:03,Delhi,Known,4,Fuel,71,0
TXN002687,284.64,21:56,Jaipur,Known,3,Electronics,1168,0
TXN002688,1399.38,05:04,Mumbai,Known,3,Fuel,829,0
TXN002689,6951.59,00:13,Pune,Known,4,Entertainment,890,0
TXN002690,242.33,15:27,Jhansi,Known,6,Food,1010,0
TXN002691,469.69,13:21,Kanpur,New,2,Fuel,885,0
TXN002692,609.05,13:02,Lucknow,Known,4,Fuel,825,0
TXN002693,1684.22,06:19,Delhi,Known,7,Electronics,327,0
TXN002694,1226.03,11:46,Noida,Known,5,Food,242,0
TXN002695,7821.53,23:15,Lucknow,Known,3,Food,245,0
TXN002696,4903.03,18:51,Kanpur,Known,4,Electronics,10,0
TXN002697,3027.76,23:21,Delhi,Known,3,Fuel,457,0
TXN002698,2097.4,07:00,Noida,Known,3,Travel,898,0
TXN002699,2720.13,20:06,Noida,Known,4,Food,1142,0
TXN002700,728.12,09:48,Kanpur,New,1,Food,366,0
TXN002701,4427.6,22:24,Kanpur,Known,4,Shopping,628,0
TXN002702,559.98,20:58,Mumbai,New,6,Food,458,0
TXN002703,4327.25,03:47,Lucknow,Known,1,Food,767,0
TXN002704,6254.09,23:01,Delhi,Known,1,Fuel,98,0
TXN002705,2246.1,14:18,Noida,Known,3,Electronics,451,0
TXN002706,1495.95,18:43,Delhi,Known,3,Fuel,337,0
TXN002707,2740.42,13:03,Delhi,New,6,Shopping,941,0
TXN002708,89.21,05:59,Delhi,New,5,Food,10,0
TXN002709,2472.32,23:09,Mumbai,Known,2,Food,832,0
TXN002710,1598.02,02:47,Kanpur,Known,3,Food,1064,0
TXN002711,1706.81,19:50,Noida,Known,4,Bills,67,0
TXN002712,3779.7,05:30,Lucknow,Known,2,Entertainment,413,0
TXN002713,1664.09,18:48,Lucknow,New,4,Food,323,0
TXN002714,543.66,10:53,Kanpur,Known,3,Entertainment,1355,0
TXN002715,1551.64,05:44,Jhansi,Known,4,Shopping,1261,0
TXN002716,1932.32,05:42,Pune,New,7,Fuel,1079,0
TXN002717,2030.88,07:23,Pune,Known,5,Shopping,865,0
TXN002718,2133.58,21:17,Pune,Known,5,Travel,1066,0
TXN002719,5360.86,18:52,Pune,Known,4,Bills,946,0
TXN002720,575.48,16:13,Pune,Known,3,Bills,1368,0
TXN002721,2164.68,15:24,Kanpur,Known,7,Bills,717,0
TXN002722,6974.17,10:30,Jhansi,Known,4,Shopping,10,1
TXN002723,291.26,21:23,Noida,Known,1,Bills,492,0
TXN002724,2173.67,06:22,Mumbai,Known,9,Shopping,928,0
TXN002725,973.5,22:35,Lucknow,Known,5,Food,563,0
TXN002726,1219.62,09:19,Jaipur,New,1,Shopping,1200,0
TXN002727,696.1,08:59,Kanpur,Known,2,Shopping,348,0
TXN002728,1506.45,11:10,Delhi,Known,6,Travel,1078,0
TXN002729,12442.34,17:23,Lucknow,Known,7,Travel,85,0
TXN002730,477.18,17:50,Delhi,Known,2,Shopping,841,0
TXN002731,527.13,18:28,Lucknow,Known,5,Bills,359,0
TXN002732,458.75,02:42,Kanpur,Known,1,Food,138,0
TXN002733,11040.56,03:38,Kanpur,Known,3,Bills,675,0
TXN002734,1107.75,20:19,Kanpur,Known,5,Fuel,189,0
TXN002735,1752.19,23:44,Delhi,Known,3,Shopping,1023,0
TXN002736,1179.23,03:14,Lucknow,Known,4,Travel,548,0
TXN002737,667.74,21:44,Delhi,Known,6,Electronics,739,0
TXN002738,1406.18,06:07,Lucknow,Known,3,Food,677,0
TXN002739,23782.32,23:41,Jhansi,Known,4,Entertainment,936,0
TXN002740,7763.72,23:06,Delhi,Known,4,Shopping,408,0
TXN002741,735.06,15:52,Jaipur,Known,3,Bills,1170,0
TXN002742,3552.81,04:37,Jhansi,Known,4,Bills,1558,0
TXN002743,751.78,18:02,Mumbai,Known,8,Bills,234,0
TXN002744,278.76,02:06,Lucknow,Known,1,Food,1369,0
TXN002745,5250.24,08:11,Delhi,Known,6,Bills,468,0
TXN002746,6085.35,15:57,Delhi,Known,3,Electronics,487,0
TXN002747,5398.61,01:35,Jaipur,Known,2,Bills,1055,0
TXN002748,1099.03,09:16,Noida,Known,6,Shopping,235,0
TXN002749,1510.85,19:16,Noida,Known,8,Fuel,951,0
TXN002750,3955.24,02:01,Jhansi,Known,5,Shopping,931,0
TXN002751,2715.18,08:12,Jaipur,Known,6,Fuel,669,0
TXN002752,1190.61,00:51,Pune,Known,4,Entertainment,653,0
TXN002753,328.82,15:35,Delhi,New,3,Shopping,474,1
TXN002754,2028.62,01:22,Mumbai,Known,3,Shopping,1003,0
TXN002755,5588.7,06:01,Lucknow,Known,6,Fuel,536,0
TXN002756,511.87,12:20,Lucknow,Known,4,Electronics,1167,0
TXN002757,3520.08,05:22,Kanpur,Known,7,Shopping,1180,0
TXN002758,2549.52,05:07,Mumbai,Known,2,Entertainment,88,0
TXN002759,3956.83,20:36,Pune,Known,3,Food,144,0
TXN002760,4496.78,18:39,Delhi,Known,5,Bills,621,0
TXN002761,868.14,01:59,Pune,Known,2,Food,304,0
TXN002762,329.55,20:21,Lucknow,Known,5,Fuel,410,0
TXN002763,1027.98,11:16,Delhi,Known,7,Shopping,356,0
TXN002764,4578.5,03:49,Pune,Known,5,Fuel,1509,0
TXN002765,1018.86,21:21,Lucknow,Known,1,Fuel,1180,0
TXN002766,868.53,08:37,Noida,New,3,Shopping,346,0
TXN002767,265.9,07:44,Pune,Known,5,Shopping,10,0
TXN002768,11336.94,03:52,Delhi,Known,3,Fuel,460,0
TXN002769,4283.57,21:19,Mumbai,Known,5,Food,161,0
TXN002770,4039.73,06:37,Delhi,Known,2,Shopping,997,0
TXN002771,4972.38,14:07,Delhi,New,5,Food,724,0
TXN002772,3298.05,05:46,Jaipur,Known,5,Electronics,457,0
TXN002773,1392.7,21:02,Pune,Known,3,Food,663,0
TXN002774,1515.63,18:41,Lucknow,Known,5,Fuel,214,0
TXN002775,1148.94,12:12,Noida,Known,3,Bills,601,0
TXN002776,28624.54,08:27,Jaipur,Known,4,Shopping,1385,0
TXN002777,3226.81,15:04,Mumbai,Known,3,Travel,411,0
TXN002778,1106.05,11:41,Delhi,Known,3,Electronics,741,0
TXN002779,2934.56,22:28,Pune,Known,2,Shopping,370,0
TXN002780,622.74,16:39,Noida,Known,2,Fuel,363,0
TXN002781,8736.58,00:20,Delhi,Known,5,Shopping,1047,0
TXN002782,899.12,19:00,Kanpur,Known,4,Travel,179,0
TXN002783,3046.3,04:34,Delhi,New,6,Bills,622,0
TXN002784,5512.75,07:41,Jhansi,Known,6,Fuel,330,0
TXN002785,2696.07,10:39,Jhansi,Known,3,Shopping,1276,0
TXN002786,1987.7,05:15,Mumbai,Known,3,Travel,408,0
TXN002787,1820.53,22:42,Pune,Known,2,Bills,165,0
TXN002788,1696.43,23:32,Kanpur,Known,6,Fuel,631,0
TXN002789,982.41,03:12,Noida,Known,5,Travel,633,0
TXN002790,1122.8,07:06,Jhansi,Known,2,Shopping,1159,0
TXN002791,8510.98,08:19,Lucknow,Known,8,Bills,469,0
TXN002792,1606.12,16:01,Mumbai,Known,5,Food,877,0
TXN002793,788.76,14:42,Mumbai,Known,4,Fuel,279,0
TXN002794,1046.73,16:00,Noida,Known,6,Travel,1156,0
TXN002795,5715.47,00:02,Jhansi,New,2,Food,1070,0
TXN002796,3658.94,12:09,Mumbai,New,3,Bills,932,0
TXN002797,3241.81,05:19,Jaipur,Known,8,Travel,1049,0
TXN002798,1373.54,05:01,Pune,Known,4,Travel,808,0
TXN002799,3286.48,18:37,Delhi,Known,4,Travel,747,0
TXN002800,915.8,03:07,Delhi,Known,3,Entertainment,217,0
TXN002801,1370.52,00:48,Kanpur,Known,2,Travel,417,0
TXN002802,4983.25,11:33,Delhi,Known,4,Bills,1054,0
TXN002803,4507.66,17:05,Jaipur,New,3,Travel,1038,0
TXN002804,641.97,12:24,Jhansi,Known,3,Bills,1072,0
TXN002805,733.07,03:08,Delhi,Known,2,Bills,519,0
TXN002806,2017.63,18:58,Lucknow,Known,4,Entertainment,1404,0
TXN002807,11025.66,09:35,Mumbai,Known,4,Travel,627,0
TXN002808,240.86,17:48,Kanpur,Known,6,Shopping,892,0
TXN002809,2410.99,04:22,Mumbai,Known,3,Entertainment,1866,0
TXN002810,424.41,21:08,Pune,Known,5,Fuel,484,0
TXN002811,924.72,06:14,Noida,Known,2,Travel,1001,0
TXN002812,1227.69,23:25,Jaipur,Known,6,Fuel,64,0
TXN002813,1157.49,09:46,Mumbai,Known,2,Electronics,544,0
TXN002814,1027.68,17:25,Lucknow,Known,6,Fuel,949,0
TXN002815,1813.67,12:55,Pune,Known,5,Entertainment,440,0
TXN002816,1026.1,01:21,Lucknow,Known,2,Fuel,716,0
TXN002817,387.6,02:13,Lucknow,Known,3,Bills,795,0
TXN002818,4082.26,09:29,Jaipur,Known,4,Fuel,767,0
TXN002819,3968.16,04:06,Noida,Known,5,Fuel,10,1
TXN002820,4362.82,14:40,Pune,Known,4,Fuel,1641,0
TXN002821,357.01,03:06,Lucknow,Known,3,Entertainment,234,0
TXN002822,2463.67,14:38,Jhansi,Known,6,Fuel,361,0
TXN002823,3660.37,04:22,Lucknow,New,3,Food,18,1
TXN002824,609.59,04:21,Lucknow,Known,4,Food,267,0
TXN002825,1817.42,08:36,Delhi,Known,3,Shopping,670,0
TXN002826,1593.14,13:42,Pune,New,2,Fuel,1113,0
TXN002827,12454.04,09:55,Lucknow,Known,3,Food,429,0
TXN002828,13578.77,08:17,Jhansi,Known,2,Bills,742,0
TXN002829,313.55,08:48,Pune,Known,3,Food,819,0
TXN002830,24690.29,08:50,Noida,Known,2,Bills,210,0
TXN002831,688.53,09:59,Mumbai,Known,3,Entertainment,10,0
TXN002832,5040.44,20:57,Jhansi,Known,3,Entertainment,277,0
TXN002833,4986.88,13:47,Kanpur,Known,3,Food,1240,0
TXN002834,632.74,10:17,Mumbai,Known,4,Electronics,341,0
TXN002835,3021.39,17:41,Delhi,Known,4,Bills,367,0
TXN002836,1607.82,12:47,Jhansi,Known,4,Entertainment,817,0
TXN002837,3221.46,22:17,Noida,Known,5,Electronics,939,0
TXN002838,2293.3,13:48,Jaipur,Known,3,Shopping,190,0
TXN002839,6321.42,05:42,Lucknow,Known,3,Shopping,979,0
TXN002840,1948.3,13:29,Lucknow,New,4,Shopping,875,0
TXN002841,1509.11,18:51,Delhi,New,4,Bills,425,0
TXN002842,5689.68,05:05,Jaipur,Known,5,Entertainment,10,0
TXN002843,3310.84,04:41,Pune,Known,4,Electronics,1001,0
TXN002844,3881.38,14:47,Jaipur,Known,4,Entertainment,813,0
TXN002845,895.81,21:02,Kanpur,Known,4,Fuel,742,0
TXN002846,600.65,08:24,Mumbai,Known,8,Electronics,82,0
TXN002847,991.71,12:31,Kanpur,Known,2,Food,1618,0
TXN002848,937.93,15:12,Lucknow,Known,5,Electronics,238,0
TXN002849,4109.48,15:52,Lucknow,Known,6,Shopping,433,0
TXN002850,5015.68,03:37,Delhi,Known,1,Food,1072,0
TXN002851,1529.44,09:16,Delhi,Known,3,Bills,705,0
TXN002852,8086.95,23:26,Lucknow,Known,3,Food,748,0
TXN002853,7573.68,21:06,Jaipur,Known,3,Entertainment,160,0
TXN002854,2324.15,18:05,Noida,New,8,Food,128,0
TXN002855,759.42,00:44,Noida,New,3,Food,829,0
TXN002856,9411.5,10:59,Mumbai,Known,7,Fuel,497,0
TXN002857,1688.29,01:16,Noida,Known,2,Entertainment,1468,0
TXN002858,2054.97,07:14,Lucknow,Known,4,Food,179,0
TXN002859,1260.11,20:41,Delhi,Known,2,Shopping,503,0
TXN002860,707.16,09:30,Lucknow,New,4,Travel,754,0
TXN002861,385.09,04:08,Delhi,Known,1,Entertainment,488,0
TXN002862,3498.37,17:40,Pune,Known,2,Electronics,342,0
TXN002863,790.74,18:12,Pune,Known,3,Travel,708,0
TXN002864,44714.35,15:06,Mumbai,Known,6,Shopping,1527,0
TXN002865,575.46,19:27,Jhansi,Known,4,Food,406,0
TXN002866,480.72,16:44,Lucknow,Known,6,Food,10,0
TXN002867,3075.39,15:31,Delhi,Known,2,Fuel,911,0
TXN002868,8967.13,21:38,Jhansi,Known,4,Bills,527,0
TXN002869,1926.31,07:14,Noida,Known,7,Food,248,0
TXN002870,3282.62,10:29,Noida,Known,4,Travel,942,0
TXN002871,259.78,13:42,Delhi,Known,1,Fuel,880,0
TXN002872,883.73,16:31,Kanpur,Known,4,Shopping,395,0
TXN002873,583.03,11:14,Delhi,Known,3,Shopping,10,0
TXN002874,246.1,10:57,Delhi,Known,4,Entertainment,1069,0
TXN002875,2035.24,03:04,Delhi,Known,2,Shopping,397,0
TXN002876,170.81,15:54,Delhi,Known,3,Shopping,795,0
TXN002877,449.1,02:43,Mumbai,New,2,Food,629,0
TXN002878,1024.02,11:06,Lucknow,Known,4,Travel,899,0
TXN002879,751.97,09:15,Noida,Known,6,Electronics,785,0
TXN002880,2729.22,18:22,Mumbai,Known,6,Entertainment,1239,0
TXN002881,2480.96,11:57,Delhi,Known,5,Travel,965,0
TXN002882,4601.01,00:31,Jaipur,Known,7,Shopping,10,0
TXN002883,3966.13,12:15,Pune,Known,7,Food,541,0
TXN002884,5963.4,05:55,Delhi,Known,7,Bills,752,0
TXN002885,1796.38,09:07,Lucknow,Known,5,Fuel,524,0
TXN002886,2475.46,07:48,Delhi,Known,7,Travel,1191,0
TXN002887,3079.84,03:49,Jaipur,Known,3,Electronics,887,0
TXN002888,2088.67,22:23,Lucknow,Known,4,Food,10,0
TXN002889,1186.17,06:02,Delhi,Known,4,Travel,541,0
TXN002890,1269.63,12:53,Noida,Known,3,Food,707,0
TXN002891,762.88,19:58,Noida,Known,5,Bills,362,0
TXN002892,2802.42,08:22,Mumbai,Known,4,Bills,983,0
TXN002893,1630.8,22:11,Mumbai,New,6,Entertainment,930,0
TXN002894,897.14,09:16,Lucknow,Known,3,Food,860,0
TXN002895,898.01,22:08,Mumbai,Known,5,Electronics,1005,0
TXN002896,505.03,10:36,Mumbai,Known,2,Travel,1260,0
TXN002897,5030.76,00:31,Pune,Known,2,Electronics,1046,0
TXN002898,1954.89,20:21,Noida,Known,6,Fuel,1038,0
TXN002899,727.49,20:39,Noida,Known,7,Electronics,691,0
TXN002900,4207.05,23:37,Noida,Known,6,Food,456,0
TXN002901,999.32,02:00,Kanpur,Known,3,Food,1559,0
TXN002902,411.05,20:24,Lucknow,Known,3,Fuel,873,0
TXN002903,5259.68,08:51,Noida,Known,2,Bills,294,0
TXN002904,1024.12,20:47,Delhi,Known,2,Food,667,0
TXN002905,1171.68,23:51,Delhi,Known,5,Shopping,553,0
TXN002906,1879.54,04:57,Delhi,Known,3,Shopping,1047,0
TXN002907,5974.53,08:03,Noida,Known,2,Entertainment,568,0
TXN002908,1838.27,06:16,Jhansi,Known,6,Shopping,52,0
TXN002909,511.05,07:27,Lucknow,Known,2,Electronics,945,0
TXN002910,3186.29,14:30,Kanpur,Known,2,Fuel,475,0
TXN002911,1081.71,09:47,Pune,Known,4,Food,10,0
TXN002912,13067.22,15:43,Delhi,Known,7,Shopping,1080,0
TXN002913,1797.88,16:42,Lucknow,Known,5,Bills,148,0
TXN002914,172.22,04:09,Noida,Known,9,Fuel,284,0
TXN002915,2619.6,01:40,Jhansi,Known,5,Electronics,733,0
TXN002916,13868.42,17:47,Lucknow,Known,4,Fuel,758,0
TXN002917,9416.87,04:45,Mumbai,Known,2,Fuel,472,0
TXN002918,12308.48,04:34,Jaipur,Known,2,Shopping,853,0
TXN002919,616.95,14:05,Lucknow,Known,6,Entertainment,1051,0
TXN002920,4690.54,06:08,Pune,Known,3,Shopping,313,0
TXN002921,843.41,04:44,Noida,Known,4,Shopping,730,0
TXN002922,2277.98,07:52,Pune,Known,5,Food,754,0
TXN002923,472.93,12:49,Delhi,Known,3,Travel,1202,0
TXN002924,914.94,20:25,Kanpur,Known,5,Travel,788,0
TXN002925,884.91,23:35,Mumbai,Known,6,Electronics,10,0
TXN002926,4624.04,17:10,Mumbai,Known,8,Bills,1668,0
TXN002927,4172.61,21:35,Mumbai,Known,5,Shopping,744,0
TXN002928,2407.16,12:11,Lucknow,Known,7,Travel,804,0
TXN002929,435.98,09:47,Lucknow,Known,3,Food,651,0
TXN002930,1297.66,19:47,Jhansi,Known,4,Entertainment,810,0
TXN002931,822.31,07:03,Mumbai,Known,5,Fuel,874,0
TXN002932,4485.93,19:56,Mumbai,Known,5,Shopping,1020,0
TXN002933,6202.06,23:47,Lucknow,Known,5,Food,630,0
TXN002934,5457.5,09:22,Noida,Known,5,Food,10,0
TXN002935,814.49,15:27,Delhi,Known,6,Food,510,0
TXN002936,101.4,18:04,Noida,New,3,Fuel,604,0
TXN002937,281.53,18:56,Mumbai,Known,6,Food,405,0
TXN002938,8008.43,04:06,Kanpur,Known,2,Shopping,237,0
TXN002939,1181.13,23:55,Noida,Known,4,Shopping,491,0
TXN002940,818.34,12:39,Kanpur,New,3,Food,1052,0
TXN002941,10100.45,01:55,Jhansi,Known,4,Shopping,825,0
TXN002942,6795.12,02:22,Jaipur,Known,3,Bills,124,0
TXN002943,1846.81,17:53,Delhi,Known,3,Bills,10,0
TXN002944,1322.75,10:25,Lucknow,Known,6,Electronics,10,0
TXN002945,1566.87,02:21,Jaipur,Known,4,Fuel,794,0
TXN002946,2284.87,12:20,Pune,Known,3,Bills,58,0
TXN002947,9658.48,14:57,Jhansi,Known,6,Food,654,0
TXN002948,2804.93,01:27,Mumbai,Known,6,Bills,964,0
TXN002949,3857.88,08:28,Mumbai,Known,3,Bills,856,0
TXN002950,6144.27,11:38,Pune,Known,5,Fuel,544,0
TXN002951,527.1,18:33,Noida,Known,4,Shopping,1342,0
TXN002952,3976.46,15:32,Mumbai,Known,5,Electronics,432,0
TXN002953,1321.13,02:22,Delhi,Known,6,Food,745,0
TXN002954,128.21,14:09,Pune,New,4,Bills,527,0
TXN002955,192.67,21:59,Kanpur,Known,5,Fuel,605,0
TXN002956,618.02,01:29,Jaipur,Known,2,Fuel,1032,0
TXN002957,3144.24,23:58,Lucknow,Known,4,Bills,959,0
TXN002958,2028.46,02:27,Lucknow,Known,1,Food,10,0
TXN002959,2184.47,14:35,Mumbai,Known,5,Travel,255,0
TXN002960,13961.13,08:32,Kanpur,Known,1,Shopping,1035,0
TXN002961,474.85,17:57,Mumbai,New,1,Travel,137,0
TXN002962,1748.89,20:06,Delhi,Known,1,Food,261,0
TXN002963,2477.98,20:31,Mumbai,Known,4,Shopping,831,0
TXN002964,830.85,20:09,Mumbai,New,4,Food,1095,0
TXN002965,1854.34,19:52,Pune,Known,2,Electronics,1042,0
TXN002966,335.49,07:31,Mumbai,Known,2,Entertainment,10,0
TXN002967,7910.48,11:55,Lucknow,Known,5,Food,572,0
TXN002968,879.93,17:16,Noida,Known,4,Entertainment,527,0
TXN002969,15191.82,04:09,Delhi,Known,7,Fuel,434,0
TXN002970,1739.66,13:37,Kanpur,Known,4,Bills,25,0
TXN002971,5297.54,12:08,Pune,Known,5,Bills,1261,0
TXN002972,1702.02,23:22,Jhansi,Known,3,Electronics,639,0
TXN002973,1742.82,01:18,Kanpur,Known,4,Electronics,276,0
TXN002974,974.88,02:13,Pune,Known,2,Food,837,0
TXN002975,2039.83,00:07,Jaipur,New,3,Electronics,615,0
TXN002976,2513.52,13:39,Pune,Known,4,Electronics,1039,0
TXN002977,790.03,13:45,Lucknow,Known,4,Bills,480,0
TXN002978,1578.52,14:23,Jhansi,Known,4,Travel,504,0
TXN002979,948.55,05:16,Kanpur,Known,4,Shopping,698,0
TXN002980,20134.48,07:09,Mumbai,Known,5,Shopping,977,0
TXN002981,1638.15,10:40,Lucknow,Known,3,Bills,276,0
TXN002982,9118.27,01:48,Pune,Known,5,Electronics,101,0
TXN002983,1465.77,18:32,Mumbai,Known,6,Food,904,0
TXN002984,2363.25,01:25,Pune,Known,6,Bills,808,0
TXN002985,449.49,16:38,Jaipur,Known,2,Shopping,711,0
TXN002986,1125.65,10:54,Mumbai,Known,4,Shopping,725,0
TXN002987,2245.32,23:59,Delhi,New,5,Food,703,0
TXN002988,9517.1,16:11,Jaipur,New,5,Food,1257,0
TXN002989,2272.47,11:28,Delhi,Known,6,Food,778,0
TXN002990,7695.94,16:52,Noida,Known,4,Fuel,609,0
TXN002991,3527.37,02:37,Delhi,Known,5,Travel,255,0
TXN002992,9939.91,04:48,Mumbai,Known,5,Entertainment,529,0
TXN002993,1691.8,11:59,Mumbai,New,6,Food,924,0
TXN002994,22142.98,20:06,Mumbai,Known,5,Shopping,1003,0
TXN002995,1081.25,19:36,Jaipur,Known,4,Fuel,77,0
TXN002996,804.93,09:31,Delhi,Known,1,Travel,1064,0
TXN002997,505.22,06:17,Delhi,Known,6,Travel,641,0
TXN002998,20808.52,23:39,Noida,New,1,Food,1680,0
TXN002999,4255.48,13:06,Jaipur,New,5,Food,1203,0
TXN003000,1267.39,02:29,Lucknow,Known,4,Fuel,614,0
TXN003001,6680.95,05:24,Noida,Known,2,Fuel,199,0
TXN003002,3705.67,20:23,Delhi,Known,3,Food,255,0
TXN003003,14185.5,21:36,Pune,Known,5,Bills,463,0
TXN003004,354.36,21:56,Noida,Known,2,Bills,1441,0
TXN003005,1362.28,00:56,Pune,New,3,Food,556,1
TXN003006,1107.54,19:42,Jhansi,Known,1,Travel,776,0
TXN003007,226.6,02:19,Jaipur,Known,2,Shopping,625,0
TXN003008,5480.14,19:57,Lucknow,Known,3,Bills,602,0
TXN003009,1355.09,21:59,Noida,Known,3,Food,508,0
TXN003010,3913.37,08:50,Noida,Known,3,Bills,1298,0
TXN003011,21446.19,04:52,Mumbai,Known,3,Fuel,1047,0
TXN003012,1242.2,17:49,Jaipur,Known,3,Food,84,0
TXN003013,1156.71,01:45,Noida,Known,1,Bills,10,0
TXN003014,2038.85,13:43,Pune,New,7,Bills,1025,0
TXN003015,5075.35,07:38,Lucknow,Known,5,Fuel,1136,0
TXN003016,992.76,10:38,Pune,New,5,Electronics,296,0
TXN003017,928.0,19:23,Mumbai,Known,7,Fuel,504,0
TXN003018,5462.11,23:53,Jaipur,Known,10,Fuel,1147,0
TXN003019,2678.77,09:38,Delhi,Known,5,Food,954,0
TXN003020,210.31,06:36,Jhansi,Known,6,Shopping,687,0
TXN003021,497.14,20:44,Delhi,Known,2,Entertainment,927,0
TXN003022,8706.63,09:04,Noida,New,4,Bills,583,0
TXN003023,2745.08,04:55,Lucknow,Known,3,Food,518,0
TXN003024,808.54,21:34,Pune,Known,3,Bills,1137,0
TXN003025,1505.1,23:56,Pune,Known,2,Food,410,0
TXN003026,1825.19,06:06,Lucknow,Known,5,Fuel,493,0
TXN003027,3897.39,03:14,Pune,Known,5,Shopping,1403,0
TXN003028,432.41,03:56,Noida,Known,5,Shopping,329,0
TXN003029,744.38,14:41,Lucknow,Known,5,Electronics,1390,0
TXN003030,2397.41,07:38,Lucknow,Known,3,Food,764,0
TXN003031,1620.87,14:24,Mumbai,Known,4,Entertainment,692,0
TXN003032,3281.3,18:33,Delhi,Known,7,Entertainment,909,0
TXN003033,495.0,00:32,Kanpur,Known,5,Food,1043,0
TXN003034,2618.95,20:11,Kanpur,Known,3,Entertainment,1263,0
TXN003035,5662.98,00:33,Lucknow,Known,1,Entertainment,596,0
TXN003036,3001.0,02:30,Jaipur,Known,5,Food,877,0
TXN003037,2083.09,17:18,Delhi,New,4,Food,503,0
TXN003038,1627.6,14:20,Pune,Known,4,Electronics,461,1
TXN003039,749.16,23:46,Pune,Known,5,Shopping,741,0
TXN003040,1668.94,13:40,Noida,Known,3,Electronics,999,0
TXN003041,6756.32,10:28,Kanpur,Known,7,Electronics,303,0
TXN003042,1588.53,16:36,Mumbai,Known,6,Bills,19,0
TXN003043,707.15,18:14,Pune,Known,3,Fuel,261,0
TXN003044,1073.5,16:29,Noida,New,6,Electronics,489,0
TXN003045,2222.6,08:33,Pune,Known,3,Electronics,1230,0
TXN003046,1216.04,23:15,Mumbai,Known,5,Entertainment,336,0
TXN003047,2996.23,07:10,Kanpur,Known,4,Shopping,898,0
TXN003048,3116.69,08:31,Lucknow,Known,5,Food,1166,0
TXN003049,4577.8,06:56,Jhansi,Known,2,Shopping,366,0
TXN003050,8024.7,07:27,Noida,Known,4,Bills,1261,0
TXN003051,5121.45,05:54,Delhi,Known,4,Shopping,932,0
TXN003052,674.92,13:51,Delhi,Known,1,Fuel,283,0
TXN003053,697.03,17:44,Delhi,Known,5,Shopping,524,0
TXN003054,1662.34,10:53,Delhi,Known,3,Shopping,357,0
TXN003055,1120.81,22:24,Mumbai,Known,5,Fuel,581,0
TXN003056,544.73,11:45,Delhi,Known,5,Food,856,0
TXN003057,1132.03,11:08,Lucknow,Known,1,Travel,415,0
TXN003058,1093.68,01:19,Noida,Known,7,Travel,843,0
TXN003059,889.0,21:33,Pune,Known,4,Bills,763,0
TXN003060,1292.02,03:02,Lucknow,Known,6,Entertainment,242,0
TXN003061,6203.79,03:45,Delhi,Known,2,Food,845,0
TXN003062,2218.84,22:55,Noida,Known,3,Shopping,1140,0
TXN003063,24123.49,12:06,Lucknow,Known,6,Food,588,0
TXN003064,2152.91,01:59,Mumbai,Known,3,Entertainment,998,0
TXN003065,1327.39,10:05,Kanpur,Known,3,Travel,259,0
TXN003066,1807.83,14:07,Jaipur,Known,3,Entertainment,1336,0
TXN003067,2356.33,00:45,Lucknow,New,3,Entertainment,944,0
TXN003068,2842.84,18:41,Jaipur,Known,4,Entertainment,985,0
TXN003069,15932.06,16:56,Mumbai,Known,5,Shopping,412,0
TXN003070,740.97,00:25,Delhi,New,7,Electronics,987,0
TXN003071,4436.14,14:34,Delhi,Known,3,Shopping,864,0
TXN003072,2238.77,05:08,Noida,Known,6,Electronics,1002,0
TXN003073,345.81,17:41,Kanpur,Known,5,Electronics,1237,0
TXN003074,4043.14,09:59,Jhansi,Known,2,Entertainment,486,0
TXN003075,6812.72,04:35,Jaipur,New,6,Fuel,1237,0
TXN003076,731.8,12:55,Kanpur,New,3,Fuel,1011,0
TXN003077,1783.19,10:23,Delhi,Known,6,Fuel,199,0
TXN003078,294.1,08:58,Noida,Known,2,Travel,1386,0
TXN003079,480.0,21:32,Mumbai,Known,4,Shopping,472,0
TXN003080,5409.83,15:08,Jhansi,Known,2,Bills,781,0
TXN003081,1103.02,11:21,Pune,Known,2,Shopping,799,0
TXN003082,561.89,05:29,Kanpur,Known,2,Travel,295,0
TXN003083,2290.39,13:04,Mumbai,New,5,Food,1060,0
TXN003084,1040.03,00:53,Kanpur,Known,4,Travel,513,0
TXN003085,1097.93,21:14,Delhi,Known,5,Electronics,162,0
TXN003086,3912.12,00:40,Mumbai,Known,3,Bills,353,0
TXN003087,531.51,16:55,Kanpur,New,2,Shopping,10,0
TXN003088,695.69,08:26,Mumbai,Known,4,Shopping,138,0
TXN003089,2116.09,17:36,Delhi,Known,6,Food,1114,0
TXN003090,4981.18,08:31,Jhansi,Known,9,Electronics,54,0
TXN003091,6605.19,00:45,Lucknow,Known,2,Bills,842,0
TXN003092,895.36,22:02,Lucknow,Known,5,Fuel,453,0
TXN003093,4816.43,18:21,Jaipur,Known,6,Food,1152,0
TXN003094,790.13,01:36,Delhi,New,6,Shopping,689,1
TXN003095,12247.31,00:05,Delhi,Known,3,Shopping,192,0
TXN003096,547.35,12:51,Pune,Known,4,Travel,943,0
TXN003097,7262.25,22:37,Delhi,Known,3,Bills,537,0
TXN003098,903.46,13:00,Jaipur,Known,6,Entertainment,979,0
TXN003099,14904.98,00:00,Noida,Known,3,Shopping,834,0
TXN003100,3349.04,16:09,Kanpur,Known,2,Food,254,0
TXN003101,619.38,10:39,Mumbai,Known,6,Electronics,643,0
TXN003102,1040.22,15:31,Lucknow,Known,2,Fuel,458,0
TXN003103,4087.88,08:28,Pune,New,2,Fuel,589,0
TXN003104,5436.11,00:33,Delhi,New,6,Bills,639,0
TXN003105,1671.19,00:29,Noida,Known,2,Shopping,28,0
TXN003106,1886.41,15:20,Pune,New,4,Bills,822,0
TXN003107,3991.06,15:00,Noida,New,4,Fuel,558,0
TXN003108,2067.16,07:01,Delhi,Known,5,Food,161,0
TXN003109,462.83,01:41,Noida,Known,2,Entertainment,208,0
TXN003110,766.56,18:44,Noida,Known,6,Shopping,10,0
TXN003111,2304.04,03:14,Delhi,Known,3,Food,1515,0
TXN003112,6449.76,04:14,Pune,Known,5,Electronics,682,0
TXN003113,9821.44,10:24,Delhi,Known,4,Travel,852,0
TXN003114,4080.8,17:38,Jaipur,Known,2,Electronics,1301,0
TXN003115,2433.77,23:35,Delhi,Known,4,Bills,1843,0
TXN003116,3951.29,15:33,Mumbai,Known,2,Food,398,0
TXN003117,893.77,23:02,Noida,Known,5,Bills,477,0
TXN003118,1532.49,15:25,Delhi,Known,6,Electronics,273,0
TXN003119,757.64,20:45,Mumbai,Known,4,Food,633,0
TXN003120,485.1,04:35,Delhi,Known,8,Entertainment,10,0
TXN003121,2554.9,01:48,Pune,Known,6,Bills,1246,0
TXN003122,2187.1,16:41,Delhi,New,5,Shopping,907,0
TXN003123,3705.51,23:53,Jhansi,New,5,Electronics,610,0
TXN003124,3193.78,17:34,Jhansi,New,6,Shopping,83,0
TXN003125,2322.31,08:34,Kanpur,Known,5,Electronics,1301,0
TXN003126,3229.2,11:33,Lucknow,Known,6,Shopping,512,0
TXN003127,1721.11,02:15,Mumbai,Known,4,Shopping,1427,0
TXN003128,2776.87,08:26,Jaipur,Known,3,Shopping,572,0
TXN003129,839.74,16:10,Pune,Known,4,Electronics,729,0
TXN003130,2653.76,03:25,Jaipur,Known,5,Food,174,0
TXN003131,3631.43,11:08,Noida,Known,8,Travel,1205,0
TXN003132,891.03,06:29,Pune,Known,5,Food,10,0
TXN003133,1900.68,11:57,Jaipur,Known,4,Food,1025,0
TXN003134,935.2,18:27,Lucknow,New,5,Shopping,1278,0
TXN003135,1035.57,21:44,Jaipur,Known,3,Fuel,10,0
TXN003136,552.45,09:26,Delhi,Known,6,Shopping,1090,0
TXN003137,6799.51,19:54,Delhi,Known,3,Bills,1303,0
TXN003138,5511.06,16:12,Kanpur,Known,2,Entertainment,881,0
TXN003139,3164.81,22:50,Lucknow,New,5,Entertainment,946,0
TXN003140,14276.18,17:43,Lucknow,Known,1,Shopping,861,0
TXN003141,1475.62,13:53,Kanpur,Known,3,Entertainment,728,0
TXN003142,43429.42,16:07,Kanpur,Known,6,Bills,269,0
TXN003143,1417.48,07:53,Pune,Known,6,Food,677,0
TXN003144,2353.11,16:54,Lucknow,Known,1,Entertainment,572,0
TXN003145,1185.45,17:17,Mumbai,Known,1,Entertainment,1488,0
TXN003146,2661.07,14:37,Noida,Known,5,Fuel,671,0
TXN003147,4328.33,02:35,Jhansi,Known,5,Travel,686,0
TXN003148,1597.08,12:02,Pune,Known,5,Entertainment,779,0
TXN003149,11627.15,17:31,Mumbai,Known,3,Food,889,0
TXN003150,2313.81,04:39,Delhi,Known,5,Bills,374,0
TXN003151,2391.2,18:12,Jaipur,Known,3,Entertainment,1099,0
TXN003152,693.04,20:21,Delhi,Known,6,Electronics,666,0
TXN003153,2793.26,12:35,Noida,Known,4,Shopping,1008,0
TXN003154,1563.71,23:55,Mumbai,New,1,Electronics,320,0
TXN003155,950.41,20:03,Lucknow,Known,3,Entertainment,642,0
TXN003156,796.51,11:56,Pune,New,5,Fuel,1324,0
TXN003157,29759.2,21:48,Lucknow,Known,5,Travel,1535,0
TXN003158,1364.97,22:50,Delhi,Known,4,Food,981,0
TXN003159,389.83,02:02,Noida,Known,2,Fuel,230,0
TXN003160,864.72,23:34,Delhi,Known,6,Shopping,10,0
TXN003161,1705.13,00:22,Mumbai,Known,3,Entertainment,981,0
TXN003162,3195.64,11:55,Kanpur,Known,2,Electronics,1532,0
TXN003163,3223.03,22:44,Lucknow,Known,3,Travel,537,0
TXN003164,3662.81,17:38,Jhansi,Known,4,Entertainment,621,0
TXN003165,914.56,06:01,Lucknow,Known,3,Bills,816,0
TXN003166,2573.45,15:52,Lucknow,Known,4,Electronics,1757,0
TXN003167,717.43,05:29,Lucknow,Known,2,Travel,781,0
TXN003168,939.1,05:09,Pune,Known,1,Entertainment,788,0
TXN003169,686.73,21:52,Delhi,Known,2,Entertainment,545,0
TXN003170,516.84,01:54,Jaipur,Known,2,Electronics,747,0
TXN003171,5502.52,23:29,Lucknow,Known,2,Shopping,1178,0
TXN003172,3709.25,10:39,Lucknow,Known,3,Bills,431,0
TXN003173,5019.27,01:36,Noida,New,2,Food,1105,0
TXN003174,1875.86,18:18,Lucknow,Known,6,Shopping,1123,0
TXN003175,4069.15,01:44,Jhansi,Known,4,Food,371,0
TXN003176,283.21,07:59,Jaipur,New,3,Bills,1039,0
TXN003177,4455.01,05:56,Pune,Known,2,Food,1567,0
TXN003178,2167.91,18:41,Kanpur,Known,5,Travel,191,0
TXN003179,3477.28,09:21,Noida,Known,4,Entertainment,641,0
TXN003180,2682.67,15:54,Lucknow,Known,3,Shopping,812,0
TXN003181,638.51,01:55,Noida,New,7,Bills,866,0
TXN003182,373.38,16:00,Delhi,Known,7,Food,304,0
TXN003183,852.25,17:20,Delhi,Known,3,Food,177,0
TXN003184,3257.47,06:33,Kanpur,Known,3,Shopping,393,0
TXN003185,3715.01,21:34,Mumbai,Known,4,Bills,744,0
TXN003186,428.03,11:42,Noida,Known,6,Fuel,505,0
TXN003187,642.51,16:30,Delhi,Known,3,Bills,1068,0
TXN003188,842.31,04:00,Delhi,Known,6,Shopping,1210,0
TXN003189,1236.91,22:09,Noida,Known,4,Food,341,0
TXN003190,430.69,05:45,Kanpur,New,2,Travel,842,0
TXN003191,404.39,15:41,Jaipur,Known,3,Food,744,0
TXN003192,759.47,02:39,Mumbai,Known,3,Electronics,1771,0
TXN003193,1970.63,01:26,Delhi,Known,5,Entertainment,524,0
TXN003194,521.09,03:16,Delhi,Known,3,Fuel,874,0
TXN003195,1593.91,22:18,Lucknow,Known,6,Electronics,1540,0
TXN003196,5469.94,05:41,Delhi,Known,8,Food,10,0
TXN003197,458.83,21:30,Noida,Known,2,Electronics,1323,0
TXN003198,1449.21,13:07,Delhi,Known,2,Travel,443,0
TXN003199,5279.24,02:23,Jaipur,Known,4,Electronics,92,0
TXN003200,1160.21,10:49,Kanpur,Known,3,Travel,834,0
TXN003201,985.54,11:35,Noida,Known,4,Entertainment,788,0
TXN003202,6107.13,06:51,Delhi,Known,5,Food,962,0
TXN003203,1305.09,14:30,Delhi,New,3,Shopping,1019,0
TXN003204,5740.27,20:29,Lucknow,Known,3,Food,658,0
TXN003205,2824.13,21:56,Kanpur,Known,5,Shopping,1441,0
TXN003206,1255.83,12:30,Kanpur,New,6,Food,1288,0
TXN003207,2978.62,21:08,Mumbai,Known,3,Shopping,893,0
TXN003208,2520.0,22:24,Mumbai,New,4,Shopping,854,0
TXN003209,5257.8,02:38,Jaipur,Known,7,Fuel,1202,0
TXN003210,1012.1,15:20,Mumbai,Known,6,Entertainment,723,0
TXN003211,1879.59,18:24,Delhi,Known,6,Electronics,189,0
TXN003212,1687.41,00:52,Lucknow,Known,2,Bills,661,0
TXN003213,3770.25,14:26,Mumbai,Known,5,Shopping,564,0
TXN003214,613.45,21:18,Lucknow,Known,6,Shopping,764,0
TXN003215,5236.29,06:06,Jhansi,Known,3,Food,209,0
TXN003216,2937.13,20:24,Jhansi,Known,4,Shopping,265,0
TXN003217,451.59,22:45,Noida,Known,9,Bills,1190,0
TXN003218,6401.05,15:17,Delhi,Known,3,Travel,738,0
TXN003219,18794.88,15:28,Delhi,Known,3,Food,589,0
TXN003220,5153.69,12:39,Pune,Known,5,Fuel,529,0
TXN003221,8053.61,09:55,Mumbai,Known,5,Food,644,0
TXN003222,1968.8,10:48,Mumbai,Known,7,Food,781,0
TXN003223,314.49,12:17,Lucknow,Known,3,Food,15,0
TXN003224,259.62,11:09,Noida,Known,3,Fuel,543,0
TXN003225,2352.84,19:40,Delhi,Known,4,Shopping,794,0
TXN003226,966.77,18:15,Jaipur,New,2,Bills,649,0
TXN003227,689.0,08:23,Mumbai,New,2,Food,10,0
TXN003228,1685.23,12:06,Jaipur,Known,5,Entertainment,721,0
TXN003229,3435.46,05:46,Mumbai,Known,4,Food,696,0
TXN003230,391.56,04:09,Noida,Known,5,Entertainment,420,0
TXN003231,1123.52,08:22,Lucknow,Known,2,Food,323,0
TXN003232,8785.92,01:24,Pune,Known,2,Food,796,0
TXN003233,582.01,20:02,Kanpur,Known,3,Shopping,758,0
TXN003234,4486.33,03:46,Pune,Known,2,Shopping,907,0
TXN003235,1082.01,07:37,Noida,Known,1,Fuel,1586,0
TXN003236,3192.71,06:32,Jhansi,Known,8,Bills,954,0
TXN003237,5697.23,04:10,Mumbai,Known,3,Shopping,408,0
TXN003238,3920.16,08:03,Mumbai,Known,6,Shopping,1241,0
TXN003239,4675.82,17:03,Jaipur,Known,4,Shopping,607,0
TXN003240,537.2,21:37,Jaipur,Known,6,Bills,608,0
TXN003241,5795.78,04:44,Delhi,Known,2,Food,334,0
TXN003242,735.25,05:47,Mumbai,Known,6,Electronics,954,1
TXN003243,2363.88,11:48,Delhi,Known,5,Shopping,587,0
TXN003244,2360.67,07:23,Mumbai,Known,3,Shopping,1085,0
TXN003245,2995.66,19:00,Mumbai,Known,4,Shopping,963,0
TXN003246,2564.06,05:14,Pune,Known,4,Bills,363,0
TXN003247,742.14,09:47,Delhi,Known,3,Shopping,317,0
TXN003248,436.24,13:45,Pune,New,5,Entertainment,821,0
TXN003249,4498.54,09:30,Jaipur,Known,2,Fuel,1240,0
TXN003250,2187.84,14:01,Mumbai,New,3,Shopping,1163,0
TXN003251,6017.26,19:46,Lucknow,Known,3,Food,1358,0
TXN003252,1717.41,12:48,Kanpur,Known,2,Food,789,0
TXN003253,411.63,10:13,Mumbai,Known,2,Travel,1102,0
TXN003254,4964.05,22:48,Noida,Known,4,Bills,1200,0
TXN003255,1220.06,23:38,Kanpur,Known,5,Shopping,1567,0
TXN003256,2577.68,23:53,Delhi,Known,3,Shopping,897,0
TXN003257,912.06,00:37,Pune,Known,3,Entertainment,567,0
TXN003258,10117.87,20:05,Mumbai,Known,3,Electronics,1214,0
TXN003259,717.05,21:38,Delhi,Known,3,Food,173,0
TXN003260,1262.99,19:06,Jaipur,Known,4,Food,1184,0
TXN003261,2014.98,17:15,Delhi,Known,7,Bills,1294,0
TXN003262,571.78,08:52,Delhi,Known,4,Electronics,1158,0
TXN003263,2546.79,17:58,Mumbai,Known,2,Bills,337,0
TXN003264,9779.54,13:28,Mumbai,Known,7,Travel,826,0
TXN003265,1075.52,19:17,Lucknow,Known,5,Food,1190,0
TXN003266,2725.59,08:23,Noida,Known,3,Shopping,954,0
TXN003267,100.35,17:14,Lucknow,Known,4,Food,749,0
TXN003268,1727.91,18:34,Kanpur,Known,2,Food,823,0
TXN003269,1295.75,20:25,Delhi,Known,2,Travel,2027,0
TXN003270,762.13,04:03,Lucknow,Known,5,Bills,317,0
TXN003271,5603.04,20:36,Jaipur,Known,5,Fuel,200,0
TXN003272,1277.92,05:38,Noida,Known,3,Entertainment,337,0
TXN003273,1493.97,22:40,Noida,Known,4,Entertainment,1627,0
TXN003274,1211.35,00:56,Mumbai,Known,3,Entertainment,1036,0
TXN003275,240.54,05:42,Kanpur,Known,5,Bills,498,0
TXN003276,548.37,14:40,Pune,Known,2,Electronics,1669,0
TXN003277,4937.87,13:12,Pune,Known,2,Shopping,255,0
TXN003278,196.39,16:27,Noida,Known,3,Food,483,0
TXN003279,805.06,09:26,Lucknow,Known,3,Entertainment,236,0
TXN003280,1183.03,00:57,Delhi,Known,3,Shopping,762,0
TXN003281,11230.01,14:28,Delhi,Known,1,Food,928,0
TXN003282,4034.25,12:41,Delhi,Known,4,Food,793,0
TXN003283,1002.76,12:32,Lucknow,Known,2,Shopping,1233,0
TXN003284,7081.79,09:03,Delhi,Known,2,Bills,563,0
TXN003285,827.16,21:56,Lucknow,Known,3,Entertainment,610,0
TXN003286,5193.16,19:40,Jhansi,Known,3,Shopping,857,0
TXN003287,432.13,04:13,Jhansi,Known,3,Bills,1501,0
TXN003288,5555.05,00:03,Kanpur,Known,1,Travel,924,0
TXN003289,1175.09,04:56,Mumbai,Known,8,Shopping,609,0
TXN003290,611.32,01:18,Kanpur,Known,7,Shopping,1066,0
TXN003291,1433.02,17:01,Jaipur,Known,6,Shopping,640,0
TXN003292,2408.49,14:36,Lucknow,Known,2,Food,837,0
TXN003293,1070.69,11:00,Pune,Known,2,Fuel,655,0
TXN003294,3220.18,14:12,Lucknow,Known,4,Food,215,0
TXN003295,975.94,19:53,Jhansi,New,1,Bills,455,0
TXN003296,3452.77,19:02,Kanpur,Known,3,Bills,1370,0
TXN003297,2863.72,10:45,Noida,Known,6,Shopping,854,0
TXN003298,1688.46,14:37,Pune,Known,3,Electronics,790,0
TXN003299,1132.4,13:18,Lucknow,Known,4,Shopping,740,0
TXN003300,2110.46,22:17,Noida,Known,4,Entertainment,604,0
TXN003301,3207.7,18:28,Pune,Known,3,Electronics,744,0
TXN003302,15684.54,07:31,Pune,Known,3,Entertainment,567,0
TXN003303,4826.77,21:53,Delhi,Known,3,Bills,832,0
TXN003304,5015.72,09:15,Delhi,Known,1,Bills,282,0
TXN003305,46095.92,18:35,Pune,New,4,Fuel,1014,1
TXN003306,3094.24,23:41,Noida,Known,2,Fuel,692,0
TXN003307,2994.16,19:00,Jaipur,New,3,Shopping,185,0
TXN003308,3769.73,02:53,Mumbai,Known,5,Food,600,0
TXN003309,623.99,04:59,Pune,Known,5,Electronics,557,0
TXN003310,1129.4,19:05,Pune,Known,6,Bills,1144,0
TXN003311,1057.92,02:15,Pune,Known,3,Food,650,1
TXN003312,3552.96,00:47,Noida,New,4,Electronics,390,0
TXN003313,1499.16,06:48,Delhi,Known,1,Shopping,10,0
TXN003314,2081.15,11:09,Noida,Known,6,Electronics,475,0
TXN003315,5638.48,03:55,Jhansi,Known,4,Food,1214,0
TXN003316,4455.3,03:19,Mumbai,New,4,Fuel,914,0
TXN003317,1518.89,08:17,Mumbai,Known,6,Fuel,355,0
TXN003318,890.74,14:21,Pune,Known,6,Electronics,646,0
TXN003319,5928.82,13:40,Delhi,Known,5,Shopping,754,0
TXN003320,4056.71,19:12,Lucknow,Known,1,Shopping,1379,0
TXN003321,333.28,23:32,Jhansi,Known,3,Food,723,0
TXN003322,1295.6,00:04,Jaipur,Known,4,Entertainment,497,1
TXN003323,2141.65,16:08,Noida,Known,4,Shopping,866,0
TXN003324,4077.8,03:46,Mumbai,Known,4,Electronics,986,0
TXN003325,4680.45,08:23,Delhi,Known,5,Electronics,1039,0
TXN003326,2425.14,08:47,Mumbai,Known,3,Fuel,1031,0
TXN003327,3327.75,16:44,Mumbai,Known,7,Bills,1618,0
TXN003328,1925.39,06:59,Pune,Known,6,Shopping,211,0
TXN003329,887.14,21:08,Lucknow,Known,7,Electronics,663,0
TXN003330,1368.15,09:56,Delhi,Known,7,Entertainment,713,0
TXN003331,1836.25,19:53,Pune,Known,2,Food,178,0
TXN003332,1735.64,22:26,Delhi,Known,4,Electronics,249,0
TXN003333,248.56,12:08,Delhi,Known,6,Food,609,0
TXN003334,1185.81,02:08,Kanpur,Known,4,Food,564,0
TXN003335,1909.43,16:30,Delhi,Known,8,Food,501,0
TXN003336,1339.57,10:00,Delhi,Known,4,Shopping,10,0
TXN003337,1389.05,08:05,Jaipur,Known,2,Travel,247,0
TXN003338,3004.7,10:31,Pune,Known,3,Bills,477,0
TXN003339,579.77,07:33,Noida,Known,4,Entertainment,613,0
TXN003340,325.74,06:51,Noida,Known,8,Entertainment,836,0
TXN003341,1248.83,23:58,Delhi,Known,5,Bills,603,0
TXN003342,4015.28,06:16,Pune,New,5,Electronics,432,0
TXN003343,10587.96,11:19,Kanpur,Known,2,Electronics,861,0
TXN003344,4091.95,17:11,Delhi,Known,6,Electronics,820,0
TXN003345,385.24,05:13,Mumbai,Known,5,Entertainment,321,0
TXN003346,1410.3,14:26,Kanpur,Known,4,Travel,1536,0
TXN003347,2356.68,21:59,Delhi,Known,6,Fuel,10,0
TXN003348,2168.98,19:53,Mumbai,Known,3,Food,990,0
TXN003349,3171.03,00:54,Mumbai,Known,4,Entertainment,1093,0
TXN003350,687.21,09:27,Kanpur,Known,4,Travel,1147,0
TXN003351,1927.02,00:39,Delhi,Known,5,Travel,848,0
TXN003352,2798.62,14:43,Kanpur,Known,6,Bills,136,0
TXN003353,4283.37,07:14,Mumbai,New,4,Food,1531,0
TXN003354,772.43,21:27,Jhansi,Known,4,Food,139,0
TXN003355,1252.79,04:33,Mumbai,Known,2,Entertainment,260,0
TXN003356,105.27,20:22,Lucknow,Known,4,Food,484,0
TXN003357,937.3,08:28,Jhansi,Known,6,Food,178,0
TXN003358,1037.85,22:26,Jhansi,Known,1,Entertainment,181,0
TXN003359,617.07,04:03,Delhi,Known,4,Shopping,336,0
TXN003360,2141.87,06:46,Kanpur,Known,4,Bills,10,0
TXN003361,1697.31,08:54,Pune,Known,3,Entertainment,755,0
TXN003362,167.9,23:45,Mumbai,Known,4,Food,522,0
TXN003363,2257.08,17:56,Kanpur,New,3,Food,601,0
TXN003364,679.12,19:25,Lucknow,Known,4,Food,824,0
TXN003365,2997.44,13:03,Pune,Known,6,Shopping,652,0
TXN003366,468.53,19:16,Lucknow,Known,7,Food,431,0
TXN003367,1857.62,15:51,Jaipur,Known,2,Entertainment,896,0
TXN003368,1337.05,16:08,Jhansi,New,2,Entertainment,590,0
TXN003369,2474.51,20:32,Kanpur,Known,2,Electronics,364,0
TXN003370,2051.8,23:00,Mumbai,Known,6,Shopping,643,0
TXN003371,1376.94,13:19,Jhansi,Known,3,Shopping,1237,0
TXN003372,358.69,10:06,Delhi,Known,6,Bills,464,0
TXN003373,381.64,15:06,Lucknow,New,4,Food,977,0
TXN003374,975.02,17:09,Mumbai,Known,3,Food,288,0
TXN003375,1784.42,23:32,Noida,New,4,Shopping,713,0
TXN003376,950.4,16:41,Noida,Known,5,Travel,818,0
TXN003377,3470.36,22:17,Jaipur,Known,2,Fuel,338,0
TXN003378,1342.6,17:49,Mumbai,Known,3,Entertainment,554,0
TXN003379,653.46,22:23,Pune,Known,2,Food,305,0
TXN003380,1344.18,18:44,Pune,New,2,Shopping,344,0
TXN003381,2281.74,21:31,Pune,Known,4,Shopping,696,0
TXN003382,2531.76,04:43,Noida,Known,6,Food,1377,0
TXN003383,12936.91,23:58,Mumbai,Known,1,Bills,876,0
TXN003384,891.75,08:59,Pune,Known,1,Electronics,716,0
TXN003385,1666.35,19:35,Jhansi,Known,2,Travel,1298,0
TXN003386,2815.72,09:57,Noida,Known,2,Electronics,153,0
TXN003387,1756.27,10:42,Mumbai,Known,7,Shopping,1270,0
TXN003388,1064.11,17:16,Delhi,Known,2,Food,549,0
TXN003389,353.83,12:56,Mumbai,Known,4,Bills,824,0
TXN003390,1052.75,17:08,Kanpur,Known,7,Food,992,0
TXN003391,582.98,01:28,Lucknow,Known,6,Travel,911,0
TXN003392,293.71,20:09,Pune,Known,2,Entertainment,557,0
TXN003393,780.61,09:47,Delhi,Known,4,Shopping,1058,0
TXN003394,599.5,18:53,Delhi,New,5,Electronics,538,0
TXN003395,3322.65,06:49,Mumbai,Known,9,Fuel,536,0
TXN003396,3383.58,14:06,Delhi,Known,4,Shopping,689,0
TXN003397,696.78,14:16,Lucknow,Known,4,Shopping,922,0
TXN003398,1369.64,03:20,Noida,Known,1,Food,292,0
TXN003399,255.8,11:06,Jaipur,Known,1,Food,339,0
TXN003400,1071.15,15:31,Mumbai,Known,6,Shopping,10,0
TXN003401,2736.6,20:02,Mumbai,New,6,Fuel,593,0
TXN003402,4280.08,21:36,Noida,Known,3,Food,1154,0
TXN003403,851.37,09:34,Mumbai,Known,2,Bills,2061,0
TXN003404,5431.6,15:35,Noida,Known,6,Electronics,814,0
TXN003405,366.52,04:54,Jhansi,Known,8,Travel,1402,0
TXN003406,485.67,21:47,Pune,Known,6,Shopping,726,0
TXN003407,3792.14,20:15,Delhi,Known,5,Fuel,757,0
TXN003408,10406.85,23:34,Jaipur,Known,3,Bills,660,0
TXN003409,3021.91,11:48,Jaipur,Known,4,Food,694,0
TXN003410,1725.35,08:51,Delhi,Known,3,Bills,696,0
TXN003411,179.58,18:38,Kanpur,Known,1,Travel,575,0
TXN003412,215.29,17:05,Lucknow,Known,5,Fuel,1457,0
TXN003413,2061.98,05:26,Mumbai,Known,3,Travel,944,0
TXN003414,1235.93,12:51,Jaipur,Known,4,Food,413,0
TXN003415,563.64,15:04,Delhi,Known,3,Electronics,981,0
TXN003416,1928.22,10:35,Mumbai,Known,4,Food,1131,0
TXN003417,2031.3,08:32,Delhi,Known,2,Electronics,195,0
TXN003418,4852.16,05:13,Jhansi,New,5,Entertainment,1148,0
TXN003419,2077.61,09:20,Pune,Known,3,Electronics,1092,0
TXN003420,6537.8,05:58,Jhansi,Known,3,Food,870,0
TXN003421,1815.17,07:35,Jhansi,Known,4,Electronics,1378,0
TXN003422,1594.7,04:56,Delhi,Known,5,Shopping,1136,0
TXN003423,5503.12,09:28,Noida,Known,5,Entertainment,543,0
TXN003424,644.31,15:50,Lucknow,Known,1,Electronics,775,0
TXN003425,34568.97,09:37,Kanpur,Known,3,Bills,1311,0
TXN003426,2669.28,03:54,Jhansi,Known,3,Electronics,522,0
TXN003427,2684.94,19:19,Jaipur,Known,1,Shopping,554,0
TXN003428,3124.07,10:22,Noida,Known,6,Fuel,841,0
TXN003429,12920.04,14:02,Noida,Known,5,Food,630,0
TXN003430,4136.79,12:13,Lucknow,Known,4,Bills,1763,0
TXN003431,333.7,12:08,Delhi,Known,7,Bills,1297,0
TXN003432,7857.2,10:10,Kanpur,Known,5,Travel,1643,0
TXN003433,1258.41,18:18,Noida,Known,3,Shopping,1239,0
TXN003434,2014.36,20:52,Noida,Known,1,Food,813,0
TXN003435,469.81,21:22,Jhansi,Known,3,Fuel,10,0
TXN003436,3127.7,10:49,Mumbai,Known,3,Food,871,0
TXN003437,908.32,08:48,Mumbai,Known,3,Electronics,250,0
TXN003438,1999.64,01:58,Delhi,New,7,Bills,63,1
TXN003439,1335.74,10:30,Noida,Known,5,Bills,1214,0
TXN003440,13586.14,23:50,Jaipur,New,2,Food,255,0
TXN003441,14427.84,06:25,Kanpur,Known,3,Fuel,416,0
TXN003442,1890.09,20:37,Noida,Known,5,Food,515,0
TXN003443,1925.07,18:48,Noida,New,3,Shopping,776,0
TXN003444,1216.13,15:08,Delhi,Known,5,Shopping,689,0
TXN003445,5749.39,13:03,Mumbai,Known,6,Electronics,1029,0
TXN003446,1274.33,18:09,Mumbai,Known,9,Fuel,957,0
TXN003447,1156.48,02:43,Jaipur,Known,4,Entertainment,54,0
TXN003448,5029.44,03:28,Delhi,Known,4,Food,1359,0
TXN003449,1022.83,04:16,Kanpur,Known,2,Fuel,232,0
TXN003450,1730.04,18:46,Lucknow,Known,4,Food,288,0
TXN003451,342.12,10:00,Jhansi,Known,2,Shopping,1450,0
TXN003452,3770.42,04:10,Mumbai,Known,5,Bills,677,0
TXN003453,13814.2,01:28,Jaipur,Known,4,Food,1184,0
TXN003454,3838.47,11:54,Mumbai,Known,3,Food,1008,0
TXN003455,8353.46,09:44,Jaipur,Known,5,Shopping,896,0
TXN003456,740.36,04:41,Jhansi,Known,2,Electronics,408,0
TXN003457,2306.95,00:42,Lucknow,Known,5,Shopping,619,0
TXN003458,668.63,18:18,Noida,Known,2,Travel,1408,0
TXN003459,1417.13,18:26,Kanpur,Known,3,Fuel,412,0
TXN003460,4049.56,05:53,Delhi,Known,3,Fuel,731,0
TXN003461,2003.1,11:43,Noida,Known,5,Fuel,918,0
TXN003462,408.41,06:35,Kanpur,Known,5,Electronics,535,0
TXN003463,452.49,09:04,Kanpur,Known,4,Electronics,410,0
TXN003464,422.13,02:43,Noida,Known,3,Food,625,0
TXN003465,3015.64,22:21,Jhansi,Known,5,Entertainment,616,0
TXN003466,15719.09,17:23,Lucknow,Known,2,Fuel,70,0
TXN003467,7526.03,21:40,Mumbai,Known,3,Shopping,816,0
TXN003468,245.86,07:23,Mumbai,New,5,Fuel,1258,0
TXN003469,8003.8,20:34,Kanpur,Known,2,Travel,10,0
TXN003470,4811.49,12:00,Mumbai,Known,4,Shopping,777,0
TXN003471,355.31,04:11,Delhi,Known,3,Travel,10,0
TXN003472,1309.21,07:32,Pune,Known,5,Shopping,1320,0
TXN003473,5686.44,19:57,Mumbai,Known,4,Entertainment,451,0
TXN003474,3208.3,18:45,Delhi,Known,4,Electronics,704,0
TXN003475,455.32,17:25,Pune,Known,3,Travel,275,0
TXN003476,3418.04,05:58,Noida,Known,2,Food,1530,0
TXN003477,190.79,15:16,Noida,Known,6,Bills,1575,0
TXN003478,1424.5,22:53,Lucknow,Known,3,Fuel,233,0
TXN003479,5945.54,01:24,Jhansi,Known,4,Food,184,0
TXN003480,1835.1,07:05,Jaipur,Known,3,Electronics,1052,0
TXN003481,1065.99,01:00,Mumbai,Known,4,Shopping,1061,0
TXN003482,4579.55,02:58,Delhi,Known,2,Electronics,536,0
TXN003483,5009.2,23:38,Delhi,New,2,Shopping,256,0
TXN003484,7123.0,05:08,Pune,New,1,Bills,1330,0
TXN003485,4507.97,04:59,Mumbai,New,4,Travel,586,0
TXN003486,5602.6,01:02,Kanpur,Known,2,Electronics,562,0
TXN003487,3885.85,23:20,Kanpur,Known,3,Food,749,0
TXN003488,2378.79,11:44,Jaipur,Known,3,Entertainment,77,0
TXN003489,1977.38,18:03,Mumbai,New,1,Shopping,433,0
TXN003490,1403.07,06:54,Kanpur,Known,7,Food,274,0
TXN003491,503.99,15:40,Jaipur,Known,5,Shopping,10,0
TXN003492,660.15,21:56,Mumbai,Known,3,Food,335,0
TXN003493,1338.66,16:50,Jhansi,Known,5,Shopping,673,0
TXN003494,2319.41,12:49,Delhi,Known,4,Bills,360,0
TXN003495,8171.4,05:13,Mumbai,Known,3,Shopping,635,0
TXN003496,1722.71,05:12,Delhi,New,5,Electronics,246,0
TXN003497,5162.58,14:14,Mumbai,Known,1,Bills,950,0
TXN003498,5590.5,10:09,Mumbai,Known,4,Electronics,1108,0
TXN003499,1411.66,01:39,Pune,Known,3,Fuel,971,0
TXN003500,3360.91,04:03,Kanpur,Known,4,Electronics,760,0
TXN003501,1393.87,10:25,Lucknow,Known,4,Shopping,1038,0
TXN003502,7214.04,04:34,Noida,Known,2,Electronics,435,0
TXN003503,3509.32,13:32,Jaipur,Known,5,Entertainment,361,0
TXN003504,515.7,07:29,Mumbai,Known,2,Food,664,0
TXN003505,2132.7,06:13,Delhi,Known,1,Bills,466,0
TXN003506,10158.44,02:06,Delhi,Known,7,Fuel,1271,0
TXN003507,1488.09,12:59,Pune,Known,4,Entertainment,1545,0
TXN003508,2880.28,04:27,Pune,Known,6,Shopping,1802,0
TXN003509,3193.0,15:35,Kanpur,Known,4,Shopping,1085,0
TXN003510,606.13,22:34,Delhi,New,3,Food,850,0
TXN003511,3077.23,21:22,Kanpur,Known,6,Food,10,0
TXN003512,416.55,16:43,Noida,Known,4,Electronics,523,0
TXN003513,933.22,19:22,Mumbai,New,5,Food,388,0
TXN003514,5569.45,22:24,Delhi,Known,6,Travel,419,0
TXN003515,2617.92,16:48,Mumbai,Known,6,Travel,1267,0
TXN003516,1307.46,06:19,Noida,Known,3,Entertainment,1309,0
TXN003517,2876.49,12:41,Jaipur,Known,3,Entertainment,522,0
TXN003518,1689.93,20:39,Mumbai,Known,8,Shopping,441,0
TXN003519,1823.93,16:01,Jaipur,Known,8,Entertainment,607,0
TXN003520,3587.47,08:41,Lucknow,New,4,Food,10,0
TXN003521,838.66,04:48,Noida,Known,6,Fuel,1240,0
TXN003522,1877.87,03:16,Pune,Known,4,Travel,1047,0
TXN003523,1296.81,09:54,Kanpur,Known,2,Shopping,180,0
TXN003524,340.58,19:01,Delhi,Known,3,Bills,188,0
TXN003525,684.76,13:10,Mumbai,Known,3,Shopping,1398,0
TXN003526,9340.91,01:56,Pune,New,2,Travel,1055,0
TXN003527,2695.94,22:51,Kanpur,Known,2,Fuel,1479,0
TXN003528,448.44,09:45,Mumbai,Known,3,Shopping,385,0
TXN003529,357.15,09:36,Jhansi,Known,6,Food,1467,0
TXN003530,1600.02,19:12,Mumbai,Known,7,Fuel,315,0
TXN003531,9272.31,09:29,Mumbai,Known,3,Food,781,0
TXN003532,1479.48,14:33,Pune,Known,4,Food,10,0
TXN003533,7100.29,22:05,Lucknow,Known,3,Food,504,0
TXN003534,2604.69,12:35,Mumbai,Known,6,Fuel,797,0
TXN003535,2952.34,14:05,Lucknow,Known,2,Shopping,547,0
TXN003536,442.76,08:07,Jaipur,Known,7,Fuel,986,0
TXN003537,4817.17,21:10,Mumbai,Known,4,Travel,379,0
TXN003538,1266.31,01:11,Mumbai,New,7,Electronics,721,0
TXN003539,4455.03,06:04,Lucknow,New,2,Entertainment,581,1
TXN003540,765.6,23:57,Delhi,Known,5,Travel,576,0
TXN003541,2167.75,11:48,Delhi,Known,3,Shopping,1059,0
TXN003542,2604.89,04:30,Delhi,Known,8,Entertainment,427,0
TXN003543,1531.2,09:22,Delhi,Known,3,Shopping,643,0
TXN003544,2752.64,06:11,Jhansi,Known,2,Electronics,516,0
TXN003545,1360.8,12:56,Mumbai,Known,3,Shopping,1390,0
TXN003546,910.53,05:47,Lucknow,Known,3,Fuel,699,0
TXN003547,9713.77,09:45,Noida,Known,3,Electronics,702,0
TXN003548,5415.08,21:28,Delhi,Known,2,Shopping,595,0
TXN003549,809.68,01:01,Mumbai,Known,3,Fuel,891,0
TXN003550,3269.55,18:38,Jaipur,Known,4,Electronics,532,0
TXN003551,825.29,01:29,Jhansi,Known,5,Food,513,0
TXN003552,518.85,10:17,Jhansi,Known,4,Fuel,514,0
TXN003553,5329.66,16:18,Kanpur,Known,7,Food,731,0
TXN003554,300.74,22:03,Jaipur,Known,4,Entertainment,1158,0
TXN003555,4763.51,06:52,Delhi,Known,3,Fuel,569,0
TXN003556,1380.48,01:09,Delhi,Known,3,Shopping,152,0
TXN003557,1441.47,18:48,Pune,Known,5,Food,77,0
TXN003558,2767.72,21:58,Delhi,Known,3,Shopping,1921,0
TXN003559,3313.63,13:02,Kanpur,New,4,Fuel,356,0
TXN003560,755.88,01:37,Delhi,Known,4,Bills,1499,0
TXN003561,3824.39,12:04,Lucknow,Known,3,Fuel,600,0
TXN003562,2027.55,09:49,Jhansi,Known,6,Bills,298,0
TXN003563,481.39,10:30,Kanpur,Known,6,Food,667,0
TXN003564,1505.94,01:01,Kanpur,New,7,Shopping,963,1
TXN003565,7676.24,07:46,Delhi,Known,3,Bills,605,0
TXN003566,10466.83,23:45,Mumbai,Known,5,Shopping,447,0
TXN003567,3822.87,01:55,Noida,Known,5,Bills,45,0
TXN003568,515.78,21:29,Delhi,Known,6,Food,437,0
TXN003569,3012.96,12:55,Jhansi,Known,9,Travel,869,0
TXN003570,4398.18,14:39,Kanpur,Known,4,Electronics,51,0
TXN003571,3856.58,22:31,Lucknow,Known,4,Bills,516,0
TXN003572,4104.11,05:21,Mumbai,Known,3,Food,811,0
TXN003573,2635.87,23:17,Pune,Known,5,Food,1202,0
TXN003574,1668.21,06:37,Lucknow,Known,3,Electronics,233,0
TXN003575,950.28,08:44,Delhi,Known,4,Travel,1556,0
TXN003576,245.36,10:02,Jaipur,Known,5,Food,892,0
TXN003577,2571.3,14:24,Delhi,Known,2,Entertainment,209,0
TXN003578,2188.34,07:02,Pune,Known,4,Bills,762,0
TXN003579,3232.45,19:23,Delhi,New,2,Food,396,0
TXN003580,441.92,00:47,Lucknow,Known,6,Bills,42,0
TXN003581,3543.28,15:41,Kanpur,New,5,Entertainment,632,0
TXN003582,15565.53,15:07,Delhi,Known,2,Shopping,643,0
TXN003583,1954.55,12:43,Noida,New,5,Bills,817,0
TXN003584,1687.15,14:00,Mumbai,Known,6,Travel,301,0
TXN003585,2489.89,17:00,Kanpur,Known,4,Bills,331,0
TXN003586,15206.77,21:54,Pune,Known,5,Travel,1095,0
TXN003587,614.44,05:01,Jhansi,Known,5,Shopping,1019,0
TXN003588,2228.11,11:15,Lucknow,New,6,Fuel,177,0
TXN003589,777.36,13:07,Mumbai,New,5,Fuel,10,0
TXN003590,1013.52,08:34,Delhi,Known,4,Fuel,229,0
TXN003591,1708.67,23:31,Jaipur,Known,6,Bills,1169,0
TXN003592,7407.37,12:50,Jhansi,Known,4,Fuel,10,0
TXN003593,11927.26,14:59,Jhansi,Known,1,Electronics,454,0
TXN003594,2881.57,04:44,Lucknow,Known,4,Shopping,1087,0
TXN003595,1212.11,09:28,Lucknow,Known,4,Entertainment,781,0
TXN003596,24659.51,15:02,Delhi,Known,7,Bills,636,0
TXN003597,1148.96,10:55,Delhi,New,4,Bills,1087,0
TXN003598,988.16,18:33,Lucknow,Known,6,Food,606,0
TXN003599,279.18,03:13,Mumbai,Known,3,Shopping,470,0
TXN003600,7796.56,03:32,Delhi,Known,4,Shopping,1015,0
TXN003601,4975.1,08:23,Kanpur,Known,5,Bills,1504,0
TXN003602,22793.66,07:21,Kanpur,Known,3,Shopping,10,0
TXN003603,418.44,19:27,Lucknow,Known,4,Entertainment,370,0
TXN003604,8321.7,20:45,Pune,Known,4,Bills,570,0
TXN003605,1937.56,11:09,Jhansi,Known,5,Bills,463,0
TXN003606,4196.25,12:57,Delhi,Known,6,Food,725,0
TXN003607,319.06,07:03,Noida,New,6,Entertainment,690,0
TXN003608,8408.75,12:08,Kanpur,Known,6,Shopping,186,0
TXN003609,4110.85,16:40,Kanpur,Known,4,Food,940,0
TXN003610,1727.94,17:08,Pune,Known,3,Fuel,648,0
TXN003611,3543.64,23:46,Delhi,Known,8,Bills,1225,0
TXN003612,805.75,13:44,Jhansi,Known,3,Fuel,1148,0
TXN003613,979.59,08:25,Mumbai,Known,3,Fuel,610,0
TXN003614,1106.46,01:27,Delhi,Known,4,Entertainment,922,0
TXN003615,257.28,16:59,Lucknow,Known,3,Entertainment,10,0
TXN003616,4448.79,19:47,Mumbai,Known,2,Bills,10,0
TXN003617,6289.99,13:37,Delhi,New,4,Bills,1158,0
TXN003618,861.89,22:08,Kanpur,Known,3,Shopping,642,0
TXN003619,2594.52,07:35,Mumbai,Known,3,Electronics,1233,0
TXN003620,1362.02,01:02,Lucknow,Known,5,Travel,1160,0
TXN003621,2540.79,15:15,Delhi,Known,4,Electronics,55,0
TXN003622,931.3,02:41,Lucknow,Known,3,Bills,974,0
TXN003623,711.91,02:24,Kanpur,Known,4,Entertainment,370,0
TXN003624,5432.86,16:59,Kanpur,Known,5,Food,572,0
TXN003625,1683.24,10:56,Noida,Known,2,Bills,164,0
TXN003626,15044.33,14:05,Jaipur,Known,9,Travel,1117,0
TXN003627,1889.69,17:53,Delhi,Known,5,Fuel,905,0
TXN003628,680.73,09:51,Lucknow,Known,2,Electronics,447,0
TXN003629,6527.83,14:06,Pune,Known,3,Fuel,372,0
TXN003630,3490.79,12:23,Jhansi,New,4,Fuel,1024,0
TXN003631,3861.3,13:56,Jaipur,Known,6,Fuel,369,0
TXN003632,6283.44,16:01,Noida,Known,5,Entertainment,444,0
TXN003633,906.97,09:03,Noida,Known,5,Food,391,0
TXN003634,1574.87,12:30,Delhi,Known,4,Shopping,387,0
TXN003635,1503.45,14:57,Mumbai,Known,4,Fuel,985,0
TXN003636,464.17,03:16,Jhansi,Known,4,Shopping,795,0
TXN003637,1364.81,05:46,Kanpur,Known,3,Electronics,463,1
TXN003638,7322.74,02:41,Noida,Known,7,Electronics,257,0
TXN003639,2309.41,04:08,Jaipur,Known,6,Bills,692,0
TXN003640,437.98,10:17,Mumbai,Known,5,Food,586,0
TXN003641,351.39,22:37,Lucknow,Known,4,Electronics,1026,0
TXN003642,10337.74,22:28,Pune,Known,3,Fuel,394,0
TXN003643,1637.14,18:14,Pune,Known,2,Shopping,880,0
TXN003644,912.11,13:12,Pune,Known,2,Food,592,0
TXN003645,1349.99,04:33,Jhansi,Known,4,Entertainment,821,0
TXN003646,381.6,08:49,Jaipur,Known,4,Shopping,1382,0
TXN003647,8020.79,18:24,Lucknow,Known,5,Entertainment,589,0
TXN003648,1191.34,21:55,Delhi,Known,3,Entertainment,1612,0
TXN003649,7565.2,23:40,Delhi,Known,5,Food,609,0
TXN003650,1900.32,09:24,Lucknow,Known,2,Fuel,262,0
TXN003651,8075.18,11:42,Pune,Known,3,Shopping,1358,0
TXN003652,2356.83,12:26,Lucknow,New,4,Food,1461,0
TXN003653,4409.15,01:45,Jhansi,Known,3,Travel,306,0
TXN003654,3829.88,02:58,Lucknow,Known,5,Travel,368,0
TXN003655,3463.37,01:47,Noida,Known,5,Bills,1043,0
TXN003656,2593.78,17:08,Delhi,Known,2,Fuel,940,0
TXN003657,1409.58,05:04,Kanpur,Known,6,Fuel,359,0
TXN003658,13450.19,16:48,Mumbai,Known,3,Bills,324,0
TXN003659,694.55,09:50,Kanpur,Known,2,Food,819,0
TXN003660,1808.16,19:34,Lucknow,New,3,Shopping,642,0
TXN003661,1828.36,02:14,Jhansi,Known,9,Travel,942,0
TXN003662,2746.56,07:52,Kanpur,Known,4,Bills,940,0
TXN003663,1146.65,04:26,Jaipur,Known,4,Bills,1083,0
TXN003664,2504.95,10:17,Jaipur,New,1,Bills,10,0
TXN003665,1507.57,13:21,Mumbai,Known,6,Fuel,1482,0
TXN003666,341.89,04:17,Delhi,New,5,Food,917,0
TXN003667,1818.14,16:16,Delhi,Known,2,Shopping,518,0
TXN003668,566.77,23:19,Mumbai,Known,5,Travel,655,0
TXN003669,291.32,01:40,Mumbai,Known,4,Fuel,972,0
TXN003670,2078.2,02:00,Pune,Known,7,Food,798,0
TXN003671,3004.36,22:21,Jaipur,Known,4,Electronics,804,0
TXN003672,3129.33,15:10,Mumbai,Known,6,Entertainment,661,0
TXN003673,3265.18,22:38,Noida,Known,3,Food,1400,0
TXN003674,236.59,16:59,Pune,Known,3,Shopping,842,0
TXN003675,431.16,17:47,Lucknow,Known,4,Travel,1178,0
TXN003676,14296.06,03:14,Pune,Known,3,Entertainment,1616,0
TXN003677,599.43,12:30,Jaipur,Known,2,Food,1104,0
TXN003678,3418.39,08:01,Jaipur,Known,5,Bills,826,0
TXN003679,875.03,20:24,Noida,Known,4,Shopping,10,0
TXN003680,1957.06,01:16,Lucknow,New,7,Shopping,528,0
TXN003681,925.77,00:30,Mumbai,Known,4,Shopping,1590,0
TXN003682,3245.94,13:24,Jaipur,Known,4,Bills,838,0
TXN003683,2077.99,23:40,Mumbai,Known,1,Food,139,0
TXN003684,1124.21,23:32,Lucknow,Known,3,Food,610,0
TXN003685,597.56,14:56,Mumbai,Known,1,Bills,204,0
TXN003686,2384.4,10:04,Kanpur,Known,7,Bills,507,0
TXN003687,503.8,06:56,Delhi,Known,3,Shopping,530,0
TXN003688,2819.73,23:47,Pune,Known,7,Entertainment,453,0
TXN003689,28377.48,04:42,Kanpur,Known,4,Entertainment,732,0
TXN003690,7429.55,03:49,Lucknow,Known,4,Food,10,0
TXN003691,3826.89,12:03,Lucknow,Known,5,Food,977,0
TXN003692,1645.26,09:12,Kanpur,Known,3,Shopping,1301,0
TXN003693,235.06,11:00,Noida,Known,4,Fuel,10,0
TXN003694,449.05,21:47,Jaipur,Known,4,Food,1146,0
TXN003695,6922.1,06:21,Pune,Known,1,Travel,975,0
TXN003696,785.48,21:21,Lucknow,Known,3,Bills,853,0
TXN003697,863.79,05:36,Pune,Known,6,Electronics,720,0
TXN003698,1512.64,07:25,Kanpur,Known,3,Food,794,0
TXN003699,590.16,00:38,Jhansi,Known,3,Food,1063,0
TXN003700,496.43,16:56,Noida,Known,4,Travel,791,0
TXN003701,1707.09,20:19,Lucknow,Known,4,Travel,1830,0
TXN003702,705.87,21:53,Kanpur,Known,3,Food,433,0
TXN003703,826.73,04:31,Noida,Known,4,Fuel,1391,0
TXN003704,792.58,18:22,Mumbai,Known,5,Shopping,646,0
TXN003705,3115.11,03:55,Noida,Known,5,Food,533,0
TXN003706,1410.66,15:29,Lucknow,New,4,Travel,1123,0
TXN003707,1492.25,16:07,Jhansi,Known,3,Fuel,571,0
TXN003708,3368.88,03:17,Pune,Known,2,Shopping,1431,0
TXN003709,1550.6,02:50,Delhi,Known,3,Bills,386,0
TXN003710,1343.96,01:30,Mumbai,Known,5,Food,1233,0
TXN003711,2949.87,17:33,Kanpur,Known,7,Shopping,952,0
TXN003712,3630.59,14:40,Delhi,New,2,Electronics,631,0
TXN003713,1542.43,02:11,Mumbai,Known,5,Electronics,287,0
TXN003714,1958.98,12:05,Noida,Known,3,Travel,285,0
TXN003715,792.08,19:26,Delhi,Known,2,Shopping,343,0
TXN003716,729.11,05:55,Jhansi,Known,2,Food,1165,0
TXN003717,4036.55,14:07,Delhi,Known,5,Entertainment,719,0
TXN003718,2871.91,07:43,Delhi,Known,6,Food,1031,0
TXN003719,2903.31,06:58,Lucknow,New,3,Food,764,0
TXN003720,2417.38,09:05,Jaipur,Known,2,Travel,238,0
TXN003721,1889.48,08:07,Kanpur,Known,3,Food,849,0
TXN003722,3739.75,11:52,Mumbai,Known,2,Fuel,957,0
TXN003723,4804.97,04:06,Lucknow,Known,4,Fuel,10,0
TXN003724,4685.98,09:44,Kanpur,New,4,Electronics,449,0
TXN003725,1619.26,14:47,Jhansi,Known,5,Shopping,358,0
TXN003726,7722.43,09:18,Mumbai,Known,4,Fuel,173,0
TXN003727,2287.98,15:17,Mumbai,Known,3,Travel,760,0
TXN003728,3496.57,02:31,Kanpur,Known,6,Shopping,815,0
TXN003729,2420.51,03:30,Jhansi,Known,2,Food,1251,0
TXN003730,2332.97,20:51,Pune,Known,3,Food,1038,0
TXN003731,831.31,11:35,Jhansi,Known,4,Travel,571,0
TXN003732,3759.2,14:58,Noida,Known,3,Electronics,572,0
TXN003733,35706.97,17:14,Kanpur,Known,2,Fuel,1444,0
TXN003734,1214.4,03:16,Kanpur,Known,7,Food,912,0
TXN003735,1939.31,23:14,Jhansi,Known,2,Entertainment,1182,0
TXN003736,1126.68,10:39,Mumbai,Known,5,Travel,106,0
TXN003737,1078.28,21:02,Jaipur,Known,3,Food,34,0
TXN003738,9110.78,10:51,Lucknow,Known,6,Food,526,0
TXN003739,887.96,09:46,Jhansi,Known,1,Bills,1110,0
TXN003740,1094.18,14:59,Kanpur,Known,4,Food,1368,0
TXN003741,339.91,04:57,Pune,New,2,Food,379,0
TXN003742,812.45,14:04,Delhi,Known,5,Bills,921,0
TXN003743,299.38,23:44,Pune,Known,3,Entertainment,873,0
TXN003744,3494.47,15:30,Delhi,Known,1,Electronics,211,0
TXN003745,34037.7,01:44,Delhi,Known,3,Food,342,0
TXN003746,1224.8,16:52,Pune,Known,3,Fuel,653,0
TXN003747,312.76,00:34,Mumbai,Known,6,Shopping,163,0
TXN003748,4631.06,02:00,Jhansi,Known,4,Entertainment,1764,0
TXN003749,839.05,06:51,Kanpur,Known,6,Entertainment,254,0
TXN003750,7043.47,07:26,Jaipur,Known,5,Bills,508,0
TXN003751,1338.64,00:27,Pune,Known,4,Food,853,0
TXN003752,927.17,00:35,Mumbai,Known,3,Entertainment,801,0
TXN003753,1493.21,18:54,Pune,Known,3,Fuel,959,0
TXN003754,3988.65,10:31,Mumbai,Known,5,Food,274,0
TXN003755,1417.64,04:12,Jhansi,Known,4,Fuel,130,0
TXN003756,1068.47,10:43,Noida,Known,3,Entertainment,741,0
TXN003757,1460.84,16:37,Noida,Known,5,Shopping,318,0
TXN003758,473.47,17:03,Jhansi,Known,2,Fuel,393,0
TXN003759,2731.01,06:31,Pune,Known,3,Shopping,363,0
TXN003760,275.75,04:47,Kanpur,Known,4,Fuel,362,0
TXN003761,1129.14,23:53,Jaipur,Known,6,Travel,90,0
TXN003762,3995.39,15:16,Delhi,Known,7,Food,250,0
TXN003763,2474.37,23:31,Lucknow,Known,5,Food,546,0
TXN003764,3345.52,07:49,Pune,New,6,Bills,1175,0
TXN003765,1681.17,02:35,Mumbai,New,4,Shopping,1552,0
TXN003766,6147.34,09:25,Lucknow,Known,2,Shopping,1088,0
TXN003767,4752.74,07:11,Noida,Known,6,Bills,801,0
TXN003768,2875.52,17:02,Kanpur,Known,3,Bills,1129,0
TXN003769,4766.96,17:41,Mumbai,Known,4,Fuel,634,0
TXN003770,3957.97,01:57,Delhi,Known,4,Shopping,807,0
TXN003771,1134.68,14:36,Mumbai,Known,1,Food,1001,0
TXN003772,438.98,08:46,Mumbai,Known,3,Food,927,0
TXN003773,2798.73,14:40,Delhi,Known,2,Entertainment,1102,0
TXN003774,3193.7,09:20,Pune,Known,6,Fuel,984,0
TXN003775,5656.37,12:31,Mumbai,Known,6,Shopping,391,0
TXN003776,673.44,17:16,Pune,Known,2,Entertainment,969,0
TXN003777,694.91,07:13,Jaipur,Known,4,Travel,385,0
TXN003778,2917.37,04:35,Mumbai,Known,3,Shopping,1007,0
TXN003779,1670.4,16:38,Jaipur,Known,5,Food,527,0
TXN003780,248.51,22:59,Mumbai,Known,4,Food,157,0
TXN003781,2668.86,10:14,Jhansi,Known,5,Fuel,111,0
TXN003782,257.37,23:17,Jaipur,Known,4,Food,1606,0
TXN003783,667.16,04:09,Pune,New,2,Food,258,0
TXN003784,7441.35,19:56,Mumbai,Known,7,Entertainment,1097,0
TXN003785,12230.22,23:46,Mumbai,Known,4,Travel,983,0
TXN003786,502.25,07:19,Mumbai,Known,3,Bills,1087,0
TXN003787,1273.7,03:58,Jaipur,Known,3,Food,276,0
TXN003788,1882.39,15:42,Mumbai,Known,7,Entertainment,523,0
TXN003789,11682.3,20:28,Kanpur,Known,5,Fuel,291,0
TXN003790,1072.8,01:22,Lucknow,Known,4,Shopping,1113,0
TXN003791,1090.96,15:34,Lucknow,Known,4,Entertainment,1321,0
TXN003792,9151.78,20:05,Lucknow,Known,4,Food,679,0
TXN003793,1214.41,00:10,Lucknow,Known,3,Bills,1599,0
TXN003794,3842.4,12:56,Jhansi,Known,3,Fuel,808,0
TXN003795,381.66,01:12,Lucknow,New,3,Electronics,612,0
TXN003796,1503.8,04:09,Lucknow,Known,6,Bills,740,0
TXN003797,315.12,11:51,Kanpur,Known,5,Food,902,0
TXN003798,594.27,07:56,Lucknow,Known,4,Travel,78,0
TXN003799,4344.66,02:49,Noida,Known,1,Electronics,808,0
TXN003800,1708.11,19:06,Kanpur,Known,8,Food,631,0
TXN003801,1287.53,04:50,Kanpur,Known,4,Shopping,587,0
TXN003802,820.04,20:16,Mumbai,New,5,Food,643,0
TXN003803,1427.75,04:00,Delhi,Known,4,Shopping,1108,0
TXN003804,2469.35,12:55,Pune,Known,3,Fuel,700,0
TXN003805,5052.33,17:16,Pune,Known,3,Entertainment,221,0
TXN003806,114.34,11:39,Mumbai,Known,3,Fuel,728,0
TXN003807,751.59,10:04,Lucknow,Known,2,Travel,594,0
TXN003808,2127.27,18:11,Lucknow,New,10,Electronics,699,0
TXN003809,1622.52,00:52,Noida,Known,4,Food,664,0
TXN003810,2749.26,19:35,Mumbai,Known,4,Bills,844,0
TXN003811,2383.82,16:59,Jaipur,Known,4,Entertainment,112,0
TXN003812,1306.92,18:10,Delhi,Known,5,Shopping,127,0
TXN003813,1035.2,10:53,Jaipur,Known,5,Food,658,0
TXN003814,1390.98,09:52,Delhi,Known,7,Fuel,586,0
TXN003815,6013.25,13:55,Mumbai,Known,4,Fuel,294,0
TXN003816,834.58,15:02,Mumbai,Known,3,Food,10,0
TXN003817,1685.12,22:06,Mumbai,New,3,Shopping,800,0
TXN003818,2182.12,20:31,Jaipur,Known,5,Shopping,506,0
TXN003819,9264.18,01:06,Lucknow,Known,4,Shopping,835,0
TXN003820,1313.19,03:03,Delhi,New,8,Shopping,809,0
TXN003821,4926.03,22:48,Jaipur,Known,8,Travel,995,0
TXN003822,6562.46,09:41,Mumbai,Known,4,Bills,249,0
TXN003823,1683.45,13:50,Delhi,Known,6,Travel,706,0
TXN003824,1442.72,01:56,Delhi,Known,6,Food,1573,0
TXN003825,1274.15,02:08,Kanpur,Known,6,Food,800,0
TXN003826,1375.99,09:49,Jaipur,Known,4,Entertainment,1324,0
TXN003827,4413.81,17:02,Delhi,New,3,Food,992,0
TXN003828,2294.11,18:22,Noida,Known,3,Entertainment,324,0
TXN003829,2304.45,21:17,Mumbai,New,5,Electronics,1708,0
TXN003830,552.28,04:14,Mumbai,Known,9,Food,1281,0
TXN003831,651.76,04:43,Noida,Known,1,Shopping,157,0
TXN003832,17088.5,13:07,Noida,Known,4,Travel,632,0
TXN003833,1493.42,13:48,Kanpur,Known,4,Food,1447,0
TXN003834,797.94,00:52,Mumbai,Known,4,Entertainment,967,0
TXN003835,8088.48,10:39,Delhi,Known,2,Food,10,0
TXN003836,2419.8,21:04,Noida,Known,3,Shopping,406,0
TXN003837,3303.06,03:35,Jhansi,Known,4,Shopping,367,0
TXN003838,1557.12,19:37,Lucknow,Known,5,Fuel,1322,0
TXN003839,1288.12,10:22,Mumbai,Known,1,Entertainment,916,0
TXN003840,1506.4,12:22,Noida,Known,3,Entertainment,570,0
TXN003841,421.44,15:28,Delhi,New,6,Shopping,372,0
TXN003842,1641.26,16:59,Jhansi,Known,7,Fuel,981,0
TXN003843,2456.21,15:00,Noida,Known,3,Entertainment,648,0
TXN003844,12563.21,02:30,Mumbai,Known,5,Bills,775,0
TXN003845,1970.1,07:19,Kanpur,Known,2,Food,954,0
TXN003846,155.19,20:32,Kanpur,Known,3,Entertainment,773,0
TXN003847,1630.85,00:00,Jhansi,Known,2,Electronics,130,0
TXN003848,31953.0,17:55,Jaipur,Known,7,Electronics,1058,0
TXN003849,4470.37,12:27,Kanpur,Known,5,Food,1134,0
TXN003850,768.24,02:58,Delhi,Known,5,Bills,1584,0
TXN003851,3348.29,02:09,Lucknow,Known,2,Entertainment,437,0
TXN003852,825.86,23:35,Jhansi,Known,4,Bills,1238,0
TXN003853,434.43,00:40,Mumbai,Known,6,Food,1237,0
TXN003854,1248.57,00:47,Noida,New,3,Food,1148,0
TXN003855,1981.57,00:00,Mumbai,Known,2,Shopping,766,0
TXN003856,252.09,15:38,Delhi,Known,3,Shopping,315,0
TXN003857,538.57,22:08,Mumbai,Known,5,Shopping,577,0
TXN003858,1819.64,04:25,Pune,Known,4,Electronics,229,0
TXN003859,1172.58,19:03,Noida,Known,4,Entertainment,66,0
TXN003860,2724.65,17:03,Kanpur,Known,5,Shopping,1016,0
TXN003861,502.77,05:45,Mumbai,Known,3,Shopping,347,0
TXN003862,3809.91,01:43,Jaipur,Known,3,Food,10,0
TXN003863,519.36,11:53,Pune,Known,5,Travel,752,0
TXN003864,10101.23,01:42,Lucknow,New,6,Fuel,1041,0
TXN003865,297.08,02:35,Noida,Known,2,Electronics,965,0
TXN003866,571.55,11:07,Jaipur,Known,3,Bills,286,0
TXN003867,2789.96,19:45,Mumbai,Known,3,Food,448,0
TXN003868,10331.85,23:13,Mumbai,Known,5,Travel,873,0
TXN003869,2505.73,15:06,Kanpur,New,5,Travel,1081,0
TXN003870,3250.43,06:43,Lucknow,Known,6,Bills,883,0
TXN003871,1833.45,07:35,Noida,Known,2,Food,1067,0
TXN003872,612.67,14:08,Kanpur,Known,3,Shopping,630,0
TXN003873,1075.88,04:32,Mumbai,Known,1,Electronics,868,0
TXN003874,504.23,12:41,Lucknow,Known,8,Travel,791,0
TXN003875,470.08,18:29,Noida,Known,4,Shopping,238,0
TXN003876,2744.57,20:43,Delhi,Known,2,Electronics,10,0
TXN003877,553.47,01:30,Lucknow,Known,5,Food,339,0
TXN003878,2517.63,06:21,Delhi,Known,2,Shopping,391,0
TXN003879,458.81,06:13,Pune,Known,2,Entertainment,1259,0
TXN003880,2457.12,13:15,Delhi,Known,1,Food,650,0
TXN003881,1077.53,04:48,Delhi,New,2,Food,346,0
TXN003882,7883.19,22:22,Pune,Known,2,Food,618,0
TXN003883,2528.67,22:42,Delhi,Known,2,Fuel,785,0
TXN003884,6588.72,07:21,Noida,Known,5,Travel,514,0
TXN003885,814.12,09:31,Lucknow,Known,2,Food,455,0
TXN003886,1909.3,10:36,Pune,Known,6,Shopping,531,0
TXN003887,642.52,01:28,Mumbai,Known,3,Food,787,0
TXN003888,1165.91,21:44,Delhi,Known,7,Fuel,624,0
TXN003889,1366.94,18:55,Mumbai,Known,3,Food,501,0
TXN003890,839.99,07:51,Jaipur,Known,3,Bills,376,0
TXN003891,502.33,13:55,Pune,Known,3,Shopping,837,0
TXN003892,408.03,09:01,Mumbai,Known,1,Electronics,535,0
TXN003893,154.29,05:45,Mumbai,Known,3,Bills,936,0
TXN003894,593.7,07:43,Delhi,Known,3,Travel,1358,0
TXN003895,3478.69,02:24,Mumbai,Known,6,Shopping,229,0
TXN003896,336.0,19:18,Mumbai,Known,2,Shopping,596,0
TXN003897,427.95,15:03,Pune,Known,5,Travel,27,0
TXN003898,11801.54,22:50,Delhi,Known,4,Food,597,0
TXN003899,922.62,00:50,Pune,Known,2,Shopping,1492,0
TXN003900,2521.58,15:04,Delhi,Known,10,Travel,948,0
TXN003901,3533.26,13:34,Pune,Known,6,Food,418,0
TXN003902,3609.03,14:33,Lucknow,Known,5,Travel,892,0
TXN003903,363.98,23:10,Delhi,Known,3,Shopping,225,0
TXN003904,1412.24,09:32,Pune,Known,5,Fuel,225,0
TXN003905,329.11,03:48,Mumbai,Known,8,Food,974,0
TXN003906,23486.37,00:19,Pune,Known,2,Electronics,568,0
TXN003907,337.28,11:43,Noida,Known,5,Bills,606,0
TXN003908,599.03,04:58,Jaipur,Known,2,Shopping,679,0
TXN003909,603.6,03:27,Pune,Known,4,Bills,592,0
TXN003910,373.92,03:06,Mumbai,Known,6,Shopping,1248,0
TXN003911,7448.48,06:17,Lucknow,Known,5,Bills,87,0
TXN003912,22905.04,02:08,Noida,Known,4,Bills,362,0
TXN003913,1092.26,11:21,Mumbai,Known,1,Food,794,0
TXN003914,449.93,15:38,Kanpur,New,1,Shopping,209,0
TXN003915,171.88,06:12,Mumbai,Known,4,Entertainment,379,0
TXN003916,1393.02,03:30,Noida,Known,8,Food,1061,0
TXN003917,1291.24,13:59,Lucknow,Known,5,Food,346,0
TXN003918,908.4,02:15,Delhi,Known,4,Food,1043,0
TXN003919,2271.02,17:52,Jaipur,New,6,Shopping,135,0
TXN003920,2725.68,09:18,Pune,Known,5,Travel,1563,0
TXN003921,2526.98,09:36,Mumbai,New,4,Shopping,985,0
TXN003922,1291.57,05:09,Delhi,Known,5,Entertainment,995,0
TXN003923,566.14,06:16,Noida,Known,2,Electronics,537,0
TXN003924,3621.58,03:52,Mumbai,Known,2,Travel,704,0
TXN003925,1823.81,13:35,Jhansi,Known,4,Shopping,1833,0
TXN003926,4574.8,03:34,Noida,Known,3,Fuel,240,0
TXN003927,4126.24,16:30,Mumbai,Known,4,Shopping,462,0
TXN003928,404.52,06:14,Mumbai,Known,3,Entertainment,560,0
TXN003929,399.26,13:55,Delhi,Known,5,Bills,772,0
TXN003930,814.21,12:23,Mumbai,Known,4,Food,988,0
TXN003931,593.75,15:00,Jhansi,New,5,Shopping,908,1
TXN003932,3978.09,18:54,Delhi,Known,4,Shopping,247,0
TXN003933,2602.99,13:02,Jaipur,Known,3,Travel,1023,0
TXN003934,5708.35,20:53,Noida,Known,5,Bills,1020,0
TXN003935,2729.44,06:15,Mumbai,Known,2,Bills,730,0
TXN003936,2240.88,18:04,Kanpur,Known,3,Travel,436,0
TXN003937,6343.96,08:13,Lucknow,Known,3,Fuel,820,0
TXN003938,2947.63,15:39,Lucknow,Known,3,Shopping,582,0
TXN003939,1933.42,11:32,Kanpur,Known,2,Food,680,0
TXN003940,8518.69,21:09,Delhi,Known,6,Food,708,0
TXN003941,2031.4,06:18,Mumbai,Known,2,Food,333,0
TXN003942,1307.65,12:12,Delhi,Known,4,Fuel,716,0
TXN003943,746.82,03:39,Delhi,Known,4,Food,1149,0
TXN003944,3765.81,15:51,Jhansi,Known,6,Fuel,985,0
TXN003945,6597.49,00:15,Jaipur,New,3,Food,619,0
TXN003946,1706.88,09:53,Jhansi,New,6,Bills,598,0
TXN003947,7107.13,00:24,Jaipur,Known,2,Fuel,1438,0
TXN003948,227.47,07:04,Kanpur,Known,2,Shopping,335,0
TXN003949,1698.19,11:19,Mumbai,New,1,Bills,971,0
TXN003950,1725.79,07:52,Pune,New,7,Fuel,1212,0
TXN003951,838.99,09:48,Delhi,Known,1,Bills,238,0
TXN003952,21995.56,03:43,Delhi,Known,2,Fuel,630,0
TXN003953,1679.14,17:23,Jaipur,Known,2,Food,1166,0
TXN003954,1173.12,19:46,Jhansi,Known,5,Travel,395,0
TXN003955,1849.74,10:42,Jaipur,Known,4,Travel,763,0
TXN003956,219.77,01:47,Delhi,Known,3,Bills,114,0
TXN003957,810.52,01:33,Noida,Known,3,Food,531,0
TXN003958,5054.04,16:30,Mumbai,Known,7,Shopping,1287,0
TXN003959,929.97,22:58,Lucknow,Known,3,Food,179,0
TXN003960,753.87,20:56,Pune,Known,3,Electronics,14,0
TXN003961,7119.15,09:32,Lucknow,Known,2,Food,684,0
TXN003962,7352.6,11:12,Noida,New,2,Travel,924,0
TXN003963,3097.6,03:24,Pune,Known,6,Food,495,0
TXN003964,1116.18,01:30,Pune,Known,6,Food,571,0
TXN003965,1399.82,18:40,Delhi,Known,7,Food,1011,0
TXN003966,773.7,10:19,Delhi,Known,5,Electronics,1215,0
TXN003967,633.35,11:02,Jaipur,Known,2,Food,918,0
TXN003968,601.19,08:49,Kanpur,Known,5,Food,1098,0
TXN003969,940.66,07:56,Kanpur,Known,2,Shopping,687,0
TXN003970,607.34,23:04,Delhi,Known,3,Fuel,437,0
TXN003971,348.5,19:19,Delhi,Known,3,Food,75,0
TXN003972,2266.32,16:26,Jaipur,Known,2,Shopping,121,0
TXN003973,2302.77,09:45,Kanpur,Known,3,Shopping,647,1
TXN003974,10736.18,17:46,Pune,Known,5,Shopping,1245,0
TXN003975,892.29,08:20,Mumbai,Known,4,Shopping,305,0
TXN003976,2456.39,12:18,Mumbai,Known,3,Shopping,1991,0
TXN003977,2499.61,03:24,Kanpur,Known,5,Bills,626,0
TXN003978,1378.86,17:14,Pune,Known,3,Fuel,278,0
TXN003979,3932.74,01:26,Mumbai,Known,5,Shopping,468,0
TXN003980,4062.41,17:15,Mumbai,Known,4,Fuel,669,0
TXN003981,2538.49,14:03,Kanpur,Known,5,Shopping,1274,0
TXN003982,1376.25,01:42,Delhi,Known,3,Electronics,748,0
TXN003983,1236.62,12:47,Lucknow,New,3,Travel,178,0
TXN003984,428.12,05:17,Kanpur,Known,2,Travel,1438,0
TXN003985,772.27,11:24,Delhi,New,4,Shopping,441,0
TXN003986,936.77,00:24,Jhansi,Known,5,Shopping,359,0
TXN003987,553.01,17:01,Delhi,New,6,Fuel,896,0
TXN003988,2856.81,12:32,Noida,Known,4,Shopping,1118,0
TXN003989,6323.33,08:27,Pune,Known,4,Travel,1105,0
TXN003990,693.73,21:56,Pune,Known,4,Shopping,10,0
TXN003991,2423.95,15:22,Noida,New,5,Bills,1383,0
TXN003992,607.73,14:47,Kanpur,Known,11,Entertainment,259,0
TXN003993,1306.85,03:23,Mumbai,Known,3,Entertainment,966,1
TXN003994,871.92,12:11,Lucknow,Known,4,Food,893,0
TXN003995,3386.43,16:20,Delhi,Known,5,Electronics,952,0
TXN003996,882.55,22:52,Noida,Known,3,Shopping,609,0
TXN003997,5207.14,14:15,Delhi,Known,1,Food,1185,0
TXN003998,1390.66,04:50,Lucknow,Known,4,Bills,713,0
TXN003999,910.01,16:39,Kanpur,Known,6,Fuel,1288,0
TXN004000,482.78,01:44,Jhansi,Known,4,Travel,228,0
TXN004001,2348.21,07:45,Lucknow,Known,3,Entertainment,1450,0
TXN004002,4607.87,22:31,Lucknow,Known,4,Fuel,10,0
TXN004003,2398.33,19:36,Jhansi,Known,4,Entertainment,1422,0
TXN004004,18888.63,21:04,Jaipur,Known,3,Fuel,490,0
TXN004005,8077.35,08:41,Noida,Known,4,Food,881,0
TXN004006,1303.28,16:42,Mumbai,Known,5,Food,516,0
TXN004007,1288.99,16:06,Pune,New,6,Bills,320,0
TXN004008,2947.53,05:31,Delhi,Known,4,Travel,524,0
TXN004009,746.67,22:30,Mumbai,Known,3,Shopping,1045,0
TXN004010,6125.07,23:18,Delhi,Known,4,Travel,873,0
TXN004011,2631.27,02:03,Lucknow,Known,1,Electronics,1235,0
TXN004012,2356.24,18:00,Jhansi,Known,5,Shopping,940,0
TXN004013,3702.8,10:12,Kanpur,Known,5,Shopping,866,0
TXN004014,10987.5,16:13,Pune,Known,2,Fuel,1417,0
TXN004015,2153.92,13:12,Kanpur,Known,4,Fuel,912,0
TXN004016,1598.55,05:36,Mumbai,Known,4,Entertainment,299,0
TXN004017,8775.31,02:25,Kanpur,Known,4,Bills,195,0
TXN004018,4971.47,12:06,Noida,Known,4,Fuel,1490,0
TXN004019,1285.0,20:05,Kanpur,Known,2,Bills,674,0
TXN004020,1809.83,19:39,Lucknow,Known,3,Food,736,0
TXN004021,2209.88,06:56,Kanpur,Known,4,Entertainment,464,0
TXN004022,2631.86,20:49,Kanpur,Known,3,Entertainment,53,0
TXN004023,433.16,08:45,Mumbai,Known,3,Shopping,1538,0
TXN004024,356.36,13:19,Pune,Known,2,Bills,190,0
TXN004025,708.95,07:42,Mumbai,Known,6,Shopping,296,0
TXN004026,653.65,12:04,Delhi,Known,4,Fuel,577,0
TXN004027,915.55,12:10,Noida,New,6,Shopping,513,0
TXN004028,3505.15,16:08,Pune,New,4,Entertainment,466,0
TXN004029,1507.44,11:11,Jhansi,Known,4,Bills,1000,0
TXN004030,2212.23,12:21,Kanpur,Known,9,Bills,1181,0
TXN004031,497.71,15:02,Jaipur,Known,3,Food,691,0
TXN004032,1108.56,10:48,Lucknow,Known,4,Food,836,0
TXN004033,3334.78,12:42,Lucknow,Known,4,Travel,324,0
TXN004034,3361.83,02:38,Jhansi,Known,2,Bills,959,0
TXN004035,841.12,20:10,Lucknow,Known,4,Food,601,0
TXN004036,2133.01,03:52,Kanpur,New,1,Food,557,0
TXN004037,18112.04,20:00,Jaipur,Known,3,Electronics,1120,0
TXN004038,1767.05,18:59,Mumbai,Known,4,Entertainment,112,0
TXN004039,869.31,22:43,Delhi,New,3,Entertainment,1150,0
TXN004040,1499.81,00:12,Lucknow,Known,4,Entertainment,692,0
TXN004041,1982.92,05:11,Kanpur,Known,3,Electronics,515,0
TXN004042,1535.81,01:41,Noida,Known,2,Entertainment,1455,0
TXN004043,1741.7,10:48,Jaipur,Known,3,Entertainment,1054,0
TXN004044,395.41,21:27,Noida,Known,5,Entertainment,10,0
TXN004045,655.09,18:03,Jaipur,Known,1,Electronics,1123,0
TXN004046,1538.77,16:29,Mumbai,Known,4,Shopping,966,0
TXN004047,1513.24,20:28,Mumbai,New,5,Bills,181,0
TXN004048,993.31,00:19,Mumbai,Known,3,Shopping,686,0
TXN004049,1494.7,18:54,Pune,Known,4,Shopping,1055,0
TXN004050,1919.09,07:20,Mumbai,Known,2,Travel,10,0
TXN004051,4579.87,16:14,Mumbai,Known,2,Bills,1046,0
TXN004052,1621.93,18:40,Lucknow,New,9,Electronics,555,0
TXN004053,2736.95,16:37,Mumbai,Known,4,Food,642,0
TXN004054,1019.29,10:37,Jhansi,Known,1,Travel,1195,0
TXN004055,3282.11,14:30,Pune,Known,4,Food,396,0
TXN004056,2670.6,11:19,Delhi,Known,4,Shopping,253,0
TXN004057,4467.79,15:15,Kanpur,Known,3,Food,1014,0
TXN004058,3807.3,11:07,Delhi,Known,5,Travel,759,0
TXN004059,3339.96,09:11,Mumbai,Known,4,Shopping,529,0
TXN004060,1623.28,04:34,Mumbai,Known,3,Travel,145,1
TXN004061,2327.91,09:24,Kanpur,New,3,Fuel,544,0
TXN004062,5498.48,17:44,Kanpur,Known,3,Electronics,462,0
TXN004063,907.65,20:48,Jhansi,Known,2,Food,607,0
TXN004064,930.49,02:33,Pune,New,2,Food,39,0
TXN004065,2177.74,04:06,Mumbai,Known,3,Electronics,415,0
TXN004066,2783.84,12:00,Noida,Known,5,Food,876,0
TXN004067,757.66,16:13,Noida,Known,6,Electronics,669,0
TXN004068,1664.1,04:16,Delhi,New,3,Travel,621,0
TXN004069,1630.83,07:04,Lucknow,New,4,Electronics,302,0
TXN004070,175.83,01:46,Delhi,Known,2,Travel,315,0
TXN004071,1429.34,01:22,Delhi,Known,5,Entertainment,584,0
TXN004072,1525.93,03:44,Mumbai,Known,2,Fuel,688,0
TXN004073,1521.17,17:12,Mumbai,Known,2,Food,348,0
TXN004074,7960.54,20:00,Jaipur,Known,6,Food,777,0
TXN004075,502.18,11:08,Pune,New,4,Entertainment,776,0
TXN004076,757.25,04:28,Kanpur,Known,4,Entertainment,267,0
TXN004077,115.9,22:28,Noida,Known,5,Electronics,1214,0
TXN004078,1086.35,06:26,Jaipur,Known,5,Bills,354,0
TXN004079,1188.11,03:57,Lucknow,Known,2,Fuel,323,0
TXN004080,1053.7,03:39,Kanpur,Known,3,Food,435,0
TXN004081,5759.48,08:43,Jhansi,Known,4,Bills,133,0
TXN004082,4443.47,17:07,Jaipur,Known,3,Shopping,10,0
TXN004083,1953.33,09:27,Pune,New,3,Travel,1148,0
TXN004084,1219.75,10:37,Delhi,Known,3,Bills,1084,0
TXN004085,5287.18,08:35,Noida,Known,7,Travel,334,0
TXN004086,1763.04,22:56,Mumbai,Known,2,Travel,971,0
TXN004087,762.31,16:28,Mumbai,Known,5,Bills,432,0
TXN004088,296.93,15:22,Kanpur,Known,5,Bills,274,0
TXN004089,1132.48,10:56,Noida,Known,7,Fuel,596,0
TXN004090,3975.55,12:20,Delhi,Known,5,Food,592,0
TXN004091,19651.47,21:34,Mumbai,Known,4,Bills,1116,0
TXN004092,1920.29,15:01,Noida,Known,2,Fuel,10,0
TXN004093,805.87,19:09,Delhi,Known,6,Travel,580,0
TXN004094,518.7,00:03,Pune,Known,3,Bills,1649,0
TXN004095,3213.43,20:25,Lucknow,Known,5,Shopping,10,0
TXN004096,282.22,22:55,Jhansi,Known,3,Food,462,0
TXN004097,3208.0,16:04,Delhi,New,3,Shopping,568,0
TXN004098,4247.73,22:58,Jaipur,New,2,Entertainment,762,0
TXN004099,2845.9,13:52,Jaipur,Known,5,Bills,1009,0
TXN004100,1429.24,06:00,Mumbai,Known,5,Electronics,760,0
TXN004101,3257.55,14:00,Noida,Known,4,Bills,1364,0
TXN004102,2153.88,15:54,Pune,Known,3,Bills,542,0
TXN004103,795.13,03:35,Delhi,New,3,Bills,1142,0
TXN004104,12562.54,04:10,Kanpur,Known,4,Entertainment,637,0
TXN004105,1244.24,06:57,Pune,Known,3,Entertainment,1028,0
TXN004106,4064.65,13:33,Kanpur,Known,4,Travel,430,0
TXN004107,142.02,03:38,Jaipur,Known,5,Fuel,324,1
TXN004108,6876.3,18:40,Delhi,Known,2,Entertainment,148,0
TXN004109,8414.77,02:12,Jaipur,Known,4,Entertainment,592,0
TXN004110,1857.28,22:21,Jaipur,Known,6,Electronics,403,0
TXN004111,3236.51,16:07,Delhi,Known,3,Shopping,841,0
TXN004112,3235.64,08:31,Lucknow,Known,7,Food,984,0
TXN004113,916.55,08:59,Jhansi,Known,3,Food,1132,0
TXN004114,3197.17,16:37,Pune,Known,2,Food,1045,0
TXN004115,770.07,02:41,Delhi,Known,2,Bills,1159,0
TXN004116,949.89,17:11,Mumbai,Known,3,Travel,987,0
TXN004117,5877.18,13:32,Pune,Known,5,Electronics,226,0
TXN004118,5008.7,05:59,Lucknow,Known,10,Food,817,0
TXN004119,857.35,21:05,Jhansi,Known,2,Electronics,395,0
TXN004120,833.21,15:12,Kanpur,Known,2,Food,640,0
TXN004121,913.85,03:43,Jaipur,New,3,Fuel,680,0
TXN004122,3884.75,15:00,Delhi,Known,7,Entertainment,10,0
TXN004123,629.9,09:12,Jaipur,Known,1,Bills,262,0
TXN004124,2617.8,18:56,Kanpur,New,5,Food,489,0
TXN004125,3943.13,11:01,Jaipur,Known,1,Fuel,10,0
TXN004126,1640.71,23:25,Delhi,Known,5,Shopping,1249,0
TXN004127,5198.41,22:19,Jhansi,Known,2,Travel,751,0
TXN004128,1307.69,00:23,Pune,Known,4,Electronics,748,0
TXN004129,1437.98,09:15,Pune,Known,4,Shopping,1129,0
TXN004130,645.12,04:16,Delhi,Known,3,Travel,999,0
TXN004131,5237.39,10:45,Lucknow,Known,8,Fuel,1000,0
TXN004132,804.88,03:01,Delhi,New,5,Fuel,1130,0
TXN004133,2598.79,12:07,Delhi,Known,5,Food,826,0
TXN004134,1670.14,03:15,Noida,Known,3,Food,836,0
TXN004135,595.93,14:49,Jaipur,Known,7,Bills,888,0
TXN004136,949.55,10:23,Jhansi,Known,4,Fuel,145,0
TXN004137,7689.09,23:02,Delhi,Known,3,Electronics,10,0
TXN004138,2224.49,21:31,Mumbai,Known,3,Fuel,10,0
TXN004139,623.87,14:37,Lucknow,Known,6,Bills,994,0
TXN004140,2480.3,10:27,Delhi,New,6,Shopping,477,0
TXN004141,1543.99,17:05,Pune,Known,6,Electronics,585,0
TXN004142,67662.72,16:52,Mumbai,Known,5,Travel,766,0
TXN004143,2428.24,03:51,Delhi,Known,3,Fuel,1296,0
TXN004144,1206.99,09:54,Noida,Known,6,Electronics,977,0
TXN004145,7995.0,23:57,Delhi,Known,3,Fuel,784,0
TXN004146,260.46,07:19,Lucknow,Known,3,Shopping,874,0
TXN004147,1987.39,00:25,Kanpur,Known,4,Food,1640,0
TXN004148,14613.37,20:57,Delhi,New,5,Food,283,0
TXN004149,1593.25,22:26,Kanpur,Known,7,Food,1284,0
TXN004150,291.66,15:51,Kanpur,Known,5,Food,709,0
TXN004151,1187.76,15:38,Noida,Known,3,Entertainment,667,0
TXN004152,8289.84,08:55,Mumbai,New,2,Bills,963,0
TXN004153,2671.55,08:00,Lucknow,Known,2,Travel,10,0
TXN004154,746.01,21:42,Jhansi,Known,5,Shopping,251,0
TXN004155,876.59,20:48,Delhi,Known,2,Fuel,864,0
TXN004156,1000.1,11:11,Delhi,Known,9,Entertainment,892,0
TXN004157,2630.16,07:44,Mumbai,Known,2,Shopping,939,0
TXN004158,7336.73,04:11,Delhi,Known,3,Shopping,999,0
TXN004159,5434.84,00:54,Delhi,Known,5,Bills,1543,0
TXN004160,2905.48,11:54,Jaipur,Known,2,Shopping,429,0
TXN004161,444.66,13:00,Lucknow,Known,2,Bills,863,0
TXN004162,446.4,16:30,Kanpur,New,4,Food,1014,0
TXN004163,3150.94,19:22,Mumbai,Known,5,Entertainment,856,0
TXN004164,438.25,08:53,Delhi,Known,2,Food,654,0
TXN004165,1420.4,04:19,Noida,Known,3,Fuel,373,0
TXN004166,2477.24,20:43,Noida,Known,4,Shopping,612,0
TXN004167,545.15,18:07,Jaipur,Known,5,Bills,1244,0
TXN004168,614.04,12:12,Delhi,Known,1,Food,1621,0
TXN004169,1630.62,00:59,Delhi,Known,5,Fuel,10,0
TXN004170,3054.51,11:23,Noida,New,1,Electronics,707,0
TXN004171,5487.0,14:45,Mumbai,Known,7,Shopping,10,0
TXN004172,3404.82,20:58,Delhi,Known,4,Electronics,394,0
TXN004173,1944.74,12:57,Mumbai,Known,6,Entertainment,799,0
TXN004174,822.24,11:01,Delhi,Known,6,Bills,201,0
TXN004175,584.69,09:13,Pune,Known,5,Food,511,0
TXN004176,1052.71,09:42,Pune,Known,4,Entertainment,447,0
TXN004177,2768.26,00:55,Jhansi,Known,4,Fuel,781,0
TXN004178,2563.16,02:58,Lucknow,Known,5,Shopping,522,1
TXN004179,198.47,18:43,Noida,Known,4,Entertainment,1191,0
TXN004180,788.85,08:06,Jhansi,Known,8,Electronics,672,0
TXN004181,6375.86,20:44,Pune,New,5,Travel,331,0
TXN004182,1956.12,09:16,Kanpur,Known,2,Shopping,38,0
TXN004183,406.54,23:48,Jaipur,Known,4,Entertainment,337,0
TXN004184,21357.41,04:32,Mumbai,Known,5,Shopping,612,0
TXN004185,1746.12,04:11,Jhansi,Known,6,Fuel,907,0
TXN004186,2694.84,14:50,Pune,Known,7,Travel,996,0
TXN004187,2738.16,19:59,Pune,Known,3,Fuel,1079,0
TXN004188,1223.62,03:30,Jaipur,Known,3,Food,931,0
TXN004189,838.48,12:48,Lucknow,Known,1,Electronics,1102,0
TXN004190,16702.28,05:03,Noida,Known,1,Shopping,552,0
TXN004191,5161.12,17:16,Mumbai,Known,4,Food,618,0
TXN004192,4266.61,13:07,Jhansi,Known,3,Travel,441,0
TXN004193,3296.6,15:17,Mumbai,Known,4,Electronics,359,0
TXN004194,627.7,06:22,Lucknow,Known,5,Electronics,1271,0
TXN004195,6883.96,06:25,Jaipur,Known,4,Shopping,618,0
TXN004196,742.67,15:19,Pune,Known,3,Shopping,218,0
TXN004197,2423.56,08:32,Kanpur,Known,4,Food,335,0
TXN004198,321.88,16:13,Delhi,Known,9,Travel,1577,0
TXN004199,211.17,03:20,Lucknow,Known,3,Entertainment,802,0
TXN004200,2514.29,07:50,Delhi,New,3,Electronics,891,0
TXN004201,769.69,02:33,Delhi,Known,7,Shopping,472,0
TXN004202,222.94,02:01,Jaipur,Known,7,Shopping,10,0
TXN004203,3175.38,06:19,Kanpur,Known,2,Shopping,163,0
TXN004204,16674.35,11:49,Delhi,Known,4,Electronics,421,0
TXN004205,7743.28,03:10,Noida,Known,3,Food,433,0
TXN004206,1373.83,02:55,Delhi,Known,5,Shopping,691,0
TXN004207,1816.8,21:17,Lucknow,Known,2,Entertainment,1045,0
TXN004208,4571.67,12:37,Mumbai,New,3,Electronics,704,0
TXN004209,5847.54,17:28,Delhi,Known,4,Food,871,0
TXN004210,1254.92,17:37,Kanpur,Known,5,Food,1076,0
TXN004211,1865.77,02:47,Noida,Known,7,Entertainment,1300,0
TXN004212,2468.06,14:08,Kanpur,Known,3,Bills,302,0
TXN004213,3219.92,20:21,Pune,Known,3,Shopping,865,0
TXN004214,1565.27,10:34,Jaipur,Known,4,Shopping,884,0
TXN004215,1586.76,20:15,Pune,Known,3,Bills,800,0
TXN004216,7664.59,22:22,Jaipur,Known,6,Fuel,521,0
TXN004217,6409.51,13:53,Jaipur,Known,3,Fuel,279,0
TXN004218,2971.5,02:13,Pune,Known,6,Shopping,619,0
TXN004219,10944.65,14:11,Mumbai,Known,4,Bills,790,0
TXN004220,1199.64,21:34,Delhi,Known,2,Fuel,1136,0
TXN004221,9893.8,13:05,Noida,Known,4,Fuel,626,0
TXN004222,3181.74,19:00,Pune,Known,2,Food,194,0
TXN004223,55832.94,12:52,Pune,Known,2,Shopping,266,0
TXN004224,514.62,10:16,Jhansi,Known,5,Shopping,185,0
TXN004225,872.82,22:07,Pune,Known,9,Shopping,648,0
TXN004226,2794.14,03:39,Noida,Known,4,Food,108,0
TXN004227,2731.59,10:28,Noida,Known,3,Fuel,356,0
TXN004228,13949.35,03:27,Delhi,New,4,Fuel,1361,0
TXN004229,892.25,15:26,Kanpur,New,5,Travel,613,0
TXN004230,4655.04,22:08,Delhi,Known,6,Travel,719,0
TXN004231,6100.51,23:51,Delhi,Known,7,Entertainment,138,0
TXN004232,3772.23,05:00,Kanpur,Known,4,Food,665,0
TXN004233,656.22,17:28,Delhi,Known,2,Fuel,10,0
TXN004234,7892.66,20:16,Jaipur,New,5,Bills,743,0
TXN004235,6544.19,20:38,Lucknow,New,4,Electronics,161,0
TXN004236,3378.22,12:32,Noida,Known,5,Shopping,1240,0
TXN004237,2230.78,04:23,Delhi,Known,8,Travel,1497,0
TXN004238,2282.34,11:32,Pune,Known,4,Bills,413,0
TXN004239,1657.17,18:13,Kanpur,Known,5,Bills,28,1
TXN004240,3527.58,14:07,Kanpur,Known,4,Fuel,496,0
TXN004241,1859.82,09:54,Jhansi,Known,3,Fuel,10,0
TXN004242,738.48,05:36,Kanpur,Known,3,Bills,539,0
TXN004243,598.56,15:39,Kanpur,Known,3,Travel,313,0
TXN004244,817.22,10:59,Noida,Known,2,Shopping,1166,0
TXN004245,2272.83,11:54,Pune,Known,2,Food,10,0
TXN004246,1749.77,22:35,Mumbai,Known,4,Food,135,0
TXN004247,2256.69,00:47,Jaipur,Known,4,Shopping,1054,0
TXN004248,3045.42,05:31,Lucknow,Known,4,Food,434,0
TXN004249,931.55,22:14,Mumbai,Known,4,Fuel,1327,0
TXN004250,8387.39,22:37,Mumbai,New,1,Bills,706,0
TXN004251,1358.92,07:54,Lucknow,Known,2,Fuel,786,0
TXN004252,1141.89,23:52,Mumbai,Known,2,Entertainment,824,0
TXN004253,2987.07,05:30,Pune,Known,5,Entertainment,860,0
TXN004254,261.7,01:56,Kanpur,Known,1,Travel,606,0
TXN004255,784.84,07:11,Jaipur,Known,4,Food,626,0
TXN004256,5042.56,12:02,Delhi,Known,5,Food,1206,0
TXN004257,290.4,00:24,Jhansi,Known,3,Shopping,383,0
TXN004258,5819.65,04:12,Delhi,Known,6,Food,767,0
TXN004259,8797.61,18:57,Lucknow,Known,3,Shopping,525,0
TXN004260,1221.23,14:06,Lucknow,Known,3,Entertainment,966,0
TXN004261,2445.35,14:32,Noida,Known,4,Entertainment,1234,0
TXN004262,5828.9,23:46,Noida,Known,4,Bills,475,0
TXN004263,1102.59,05:06,Mumbai,Known,3,Travel,283,0
TXN004264,4476.99,21:02,Mumbai,Known,3,Bills,381,0
TXN004265,889.66,08:33,Lucknow,Known,3,Entertainment,1084,0
TXN004266,1090.14,22:54,Mumbai,Known,7,Bills,802,0
TXN004267,777.62,18:00,Noida,Known,2,Fuel,666,0
TXN004268,2579.42,05:01,Kanpur,New,4,Electronics,617,0
TXN004269,6071.79,05:55,Pune,Known,4,Shopping,401,0
TXN004270,1483.59,13:36,Jaipur,Known,3,Electronics,1059,0
TXN004271,473.77,12:42,Lucknow,Known,3,Food,772,0
TXN004272,577.49,05:16,Jaipur,Known,5,Shopping,1446,0
TXN004273,2724.04,06:18,Noida,Known,3,Bills,686,0
TXN004274,12479.77,21:28,Delhi,Known,1,Fuel,807,0
TXN004275,2721.54,18:12,Pune,Known,5,Shopping,504,0
TXN004276,1199.07,04:26,Kanpur,Known,6,Electronics,427,0
TXN004277,4024.01,17:57,Noida,New,3,Shopping,670,0
TXN004278,1399.78,03:44,Noida,Known,4,Shopping,1200,0
TXN004279,1209.96,10:52,Pune,Known,1,Food,502,0
TXN004280,657.97,00:29,Noida,New,9,Travel,494,1
TXN004281,7898.38,15:47,Pune,Known,3,Fuel,99,0
TXN004282,125.13,04:25,Mumbai,Known,1,Food,1739,0
TXN004283,4160.1,05:37,Jaipur,New,2,Food,448,0
TXN004284,1106.12,04:43,Noida,Known,7,Food,98,0
TXN004285,1169.91,04:49,Noida,Known,7,Bills,773,0
TXN004286,10641.03,01:55,Pune,Known,3,Fuel,802,0
TXN004287,850.4,13:06,Delhi,Known,1,Shopping,1030,0
TXN004288,881.36,20:47,Mumbai,New,2,Entertainment,779,0
TXN004289,1569.68,07:42,Pune,Known,3,Electronics,10,0
TXN004290,2779.65,18:44,Jaipur,Known,8,Fuel,379,0
TXN004291,1131.83,13:00,Noida,Known,3,Travel,1146,0
TXN004292,344.81,06:29,Kanpur,Known,3,Entertainment,1089,0
TXN004293,725.28,01:57,Mumbai,New,4,Food,878,0
TXN004294,6911.5,18:54,Kanpur,New,3,Food,1317,0
TXN004295,1947.02,00:13,Lucknow,Known,3,Travel,600,0
TXN004296,2890.5,10:29,Pune,Known,3,Fuel,1185,0
TXN004297,1367.92,00:51,Kanpur,Known,9,Bills,515,0
TXN004298,900.61,18:55,Lucknow,Known,2,Electronics,1427,0
TXN004299,10477.55,23:19,Kanpur,Known,4,Food,484,0
TXN004300,1477.25,07:48,Jaipur,New,2,Shopping,209,0
TXN004301,1130.03,07:50,Jhansi,New,1,Bills,192,0
TXN004302,5690.15,13:09,Mumbai,Known,4,Shopping,1282,0
TXN004303,843.08,12:01,Kanpur,Known,4,Bills,1329,0
TXN004304,963.99,09:02,Kanpur,New,4,Food,305,0
TXN004305,1819.47,08:08,Mumbai,Known,6,Electronics,413,0
TXN004306,1800.51,04:44,Noida,Known,2,Fuel,10,0
TXN004307,2364.06,06:23,Mumbai,Known,3,Shopping,178,0
TXN004308,16184.26,14:41,Kanpur,Known,5,Fuel,582,0
TXN004309,2562.15,17:05,Lucknow,New,3,Entertainment,579,0
TXN004310,148.2,18:36,Kanpur,Known,2,Food,10,0
TXN004311,2535.52,12:44,Kanpur,Known,7,Food,80,0
TXN004312,1873.04,18:58,Noida,Known,3,Travel,1477,0
TXN004313,1884.02,14:19,Delhi,Known,6,Entertainment,1180,0
TXN004314,2330.38,08:32,Mumbai,New,3,Electronics,755,0
TXN004315,1746.61,08:28,Noida,Known,4,Electronics,768,0
TXN004316,1703.26,12:20,Jaipur,Known,5,Shopping,701,0
TXN004317,3426.31,07:38,Delhi,New,5,Shopping,647,0
TXN004318,1018.78,18:33,Delhi,Known,2,Food,705,0
TXN004319,665.46,04:49,Jaipur,Known,9,Travel,39,0
TXN004320,43067.01,01:01,Delhi,Known,3,Bills,591,0
TXN004321,848.86,11:13,Jaipur,Known,4,Bills,10,0
TXN004322,1999.58,01:34,Pune,Known,1,Electronics,612,0
TXN004323,374.32,04:34,Delhi,New,3,Electronics,875,0
TXN004324,2034.15,09:54,Delhi,Known,3,Fuel,462,0
TXN004325,675.64,00:40,Jaipur,Known,4,Entertainment,805,0
TXN004326,1131.1,05:00,Mumbai,New,5,Fuel,654,1
TXN004327,5393.01,13:29,Kanpur,Known,7,Electronics,886,0
TXN004328,2954.7,08:50,Mumbai,Known,4,Entertainment,848,0
TXN004329,3269.43,21:52,Jhansi,Known,3,Entertainment,341,0
TXN004330,280.28,02:48,Pune,Known,5,Fuel,100,0
TXN004331,12385.5,17:28,Jhansi,Known,5,Entertainment,131,0
TXN004332,514.95,14:06,Delhi,Known,4,Entertainment,314,0
TXN004333,8960.05,15:12,Jhansi,New,7,Travel,1038,0
TXN004334,5261.46,16:50,Noida,Known,7,Shopping,1003,0
TXN004335,3300.21,01:20,Mumbai,Known,5,Fuel,500,0
TXN004336,733.49,19:45,Noida,Known,4,Food,575,0
TXN004337,2110.57,07:02,Jhansi,Known,3,Shopping,138,0
TXN004338,1097.81,15:29,Delhi,Known,4,Shopping,165,0
TXN004339,1855.73,07:57,Jaipur,Known,4,Bills,873,0
TXN004340,1384.61,09:14,Lucknow,Known,2,Electronics,518,0
TXN004341,211.66,16:01,Mumbai,Known,2,Fuel,558,0
TXN004342,5845.43,22:17,Delhi,Known,6,Bills,979,0
TXN004343,1653.05,21:03,Lucknow,Known,5,Food,884,0
TXN004344,1081.93,17:36,Mumbai,Known,3,Fuel,602,0
TXN004345,999.44,12:11,Mumbai,Known,1,Fuel,1199,0
TXN004346,2622.61,12:14,Pune,Known,5,Travel,475,0
TXN004347,704.22,23:35,Jhansi,Known,1,Entertainment,295,0
TXN004348,168.61,04:19,Delhi,New,4,Travel,168,0
TXN004349,2760.12,22:39,Noida,Known,4,Food,1203,0
TXN004350,3104.48,15:55,Noida,Known,3,Fuel,434,0
TXN004351,1459.62,14:55,Kanpur,Known,4,Shopping,705,0
TXN004352,539.28,14:43,Jaipur,Known,4,Entertainment,1486,0
TXN004353,1976.19,19:58,Mumbai,Known,4,Bills,366,0
TXN004354,386.75,16:44,Delhi,Known,5,Food,748,0
TXN004355,612.13,02:04,Delhi,Known,1,Shopping,745,0
TXN004356,818.37,18:57,Mumbai,Known,7,Food,719,0
TXN004357,4366.33,17:34,Kanpur,Known,4,Entertainment,1085,0
TXN004358,1230.04,21:00,Delhi,New,4,Food,860,0
TXN004359,1124.71,22:37,Kanpur,Known,4,Shopping,778,0
TXN004360,14016.2,22:14,Jaipur,Known,5,Food,1404,0
TXN004361,2606.15,01:32,Pune,Known,4,Electronics,78,0
TXN004362,2569.55,15:39,Noida,Known,5,Bills,201,0
TXN004363,1220.92,22:01,Noida,Known,5,Food,672,0
TXN004364,962.32,23:26,Noida,Known,5,Shopping,919,0
TXN004365,181.24,13:03,Kanpur,Known,8,Bills,682,0
TXN004366,4977.68,21:06,Lucknow,Known,3,Shopping,423,0
TXN004367,2882.08,21:12,Mumbai,Known,1,Shopping,1231,0
TXN004368,1491.32,00:46,Delhi,New,3,Shopping,1040,1
TXN004369,1558.46,21:24,Kanpur,Known,2,Fuel,447,0
TXN004370,3899.07,15:02,Kanpur,Known,5,Bills,1388,0
TXN004371,351.81,13:44,Delhi,Known,3,Shopping,525,0
TXN004372,968.9,04:32,Mumbai,Known,2,Entertainment,586,0
TXN004373,545.89,22:08,Pune,Known,2,Food,57,0
TXN004374,11563.71,07:33,Mumbai,Known,2,Bills,810,0
TXN004375,4514.19,10:14,Lucknow,Known,1,Shopping,1508,0
TXN004376,178.17,07:38,Delhi,Known,3,Food,1492,0
TXN004377,367.27,23:56,Delhi,Known,6,Fuel,549,0
TXN004378,1566.47,11:18,Noida,Known,7,Shopping,473,0
TXN004379,1096.06,02:44,Delhi,Known,4,Food,709,0
TXN004380,448.07,00:01,Mumbai,Known,7,Electronics,1299,0
TXN004381,13870.82,23:24,Jaipur,Known,5,Food,786,0
TXN004382,2499.16,05:53,Kanpur,New,1,Travel,1035,0
TXN004383,2963.42,18:04,Jhansi,Known,3,Entertainment,992,0
TXN004384,870.38,00:55,Jhansi,Known,5,Food,1175,0
TXN004385,3842.7,21:05,Mumbai,Known,6,Shopping,1061,0
TXN004386,1207.23,15:28,Lucknow,Known,3,Travel,432,0
TXN004387,1336.8,05:10,Lucknow,Known,4,Electronics,765,0
TXN004388,3418.97,21:01,Mumbai,Known,6,Travel,511,0
TXN004389,325.41,07:20,Mumbai,Known,2,Food,1092,0
TXN004390,9627.91,23:34,Jhansi,Known,6,Travel,918,0
TXN004391,2179.94,14:43,Delhi,Known,3,Fuel,935,0
TXN004392,6908.68,10:18,Delhi,Known,4,Travel,853,0
TXN004393,581.93,01:29,Kanpur,Known,3,Food,61,0
TXN004394,682.81,06:10,Lucknow,Known,6,Food,934,0
TXN004395,531.42,01:43,Jhansi,Known,3,Fuel,168,0
TXN004396,2341.05,20:10,Delhi,Known,3,Food,276,0
TXN004397,1929.13,02:51,Noida,Known,3,Shopping,1173,0
TXN004398,1105.34,02:10,Pune,Known,3,Electronics,537,0
TXN004399,620.65,02:39,Kanpur,New,3,Electronics,124,0
TXN004400,476.09,23:19,Pune,Known,2,Food,439,0
TXN004401,1710.66,23:59,Lucknow,Known,10,Electronics,1013,0
TXN004402,1103.98,17:16,Delhi,Known,5,Electronics,501,0
TXN004403,876.25,01:56,Lucknow,Known,3,Shopping,1167,0
TXN004404,9136.07,12:50,Lucknow,Known,6,Electronics,1082,0
TXN004405,1650.94,22:28,Pune,New,3,Fuel,1121,0
TXN004406,6830.05,02:29,Mumbai,Known,5,Entertainment,974,0
TXN004407,1028.26,19:21,Mumbai,Known,2,Entertainment,166,0
TXN004408,2327.52,00:25,Pune,Known,4,Fuel,590,0
TXN004409,1698.15,19:27,Mumbai,Known,4,Shopping,883,0
TXN004410,302.79,13:08,Jhansi,Known,1,Bills,363,0
TXN004411,8065.07,21:19,Mumbai,New,2,Shopping,914,0
TXN004412,1561.86,09:52,Jaipur,Known,7,Food,1147,0
TXN004413,3941.36,18:58,Mumbai,Known,3,Shopping,227,0
TXN004414,817.22,20:03,Noida,Known,4,Food,10,0
TXN004415,1513.92,07:43,Kanpur,New,6,Shopping,740,0
TXN004416,724.4,15:14,Jaipur,Known,5,Bills,1725,0
TXN004417,6590.21,11:39,Jaipur,New,7,Food,678,0
TXN004418,2496.19,10:37,Pune,Known,3,Food,165,0
TXN004419,2646.38,19:52,Delhi,Known,3,Food,934,0
TXN004420,7492.33,05:42,Kanpur,Known,4,Food,838,0
TXN004421,6061.43,02:49,Pune,Known,1,Fuel,941,0
TXN004422,4020.46,11:48,Jhansi,Known,2,Food,1619,0
TXN004423,404.53,19:38,Pune,Known,6,Shopping,190,0
TXN004424,867.03,03:24,Pune,New,3,Fuel,1017,0
TXN004425,627.32,08:20,Mumbai,Known,4,Shopping,691,0
TXN004426,3863.98,16:20,Mumbai,Known,4,Food,876,0
TXN004427,2153.23,11:21,Mumbai,Known,7,Bills,417,0
TXN004428,418.01,14:17,Noida,Known,6,Food,114,0
TXN004429,1476.4,12:18,Kanpur,Known,2,Bills,1395,0
TXN004430,374.92,19:34,Delhi,Known,6,Entertainment,1455,0
TXN004431,1702.29,21:16,Noida,Known,5,Entertainment,1519,0
TXN004432,316.52,10:20,Delhi,Known,3,Electronics,391,0
TXN004433,3136.34,10:42,Lucknow,Known,7,Fuel,638,0
TXN004434,2676.87,06:19,Kanpur,Known,4,Shopping,1214,0
TXN004435,13344.88,10:06,Kanpur,Known,3,Food,636,0
TXN004436,4384.4,20:01,Delhi,Known,2,Electronics,414,0
TXN004437,1154.57,12:45,Noida,Known,5,Food,876,0
TXN004438,4249.33,16:56,Pune,Known,5,Bills,183,0
TXN004439,414.88,10:40,Noida,Known,2,Electronics,10,0
TXN004440,655.2,16:03,Jaipur,Known,4,Food,1687,0
TXN004441,2553.81,17:33,Mumbai,Known,1,Fuel,575,0
TXN004442,186.68,12:16,Delhi,Known,5,Electronics,1045,0
TXN004443,1731.12,22:19,Delhi,New,3,Electronics,585,0
TXN004444,616.63,21:55,Noida,Known,2,Travel,801,0
TXN004445,2002.02,03:49,Delhi,Known,4,Bills,723,0
TXN004446,580.52,05:44,Jaipur,Known,3,Food,72,0
TXN004447,2810.18,22:30,Jhansi,Known,2,Food,448,0
TXN004448,1836.9,09:34,Pune,Known,3,Food,1003,0
TXN004449,7831.63,07:54,Lucknow,Known,4,Shopping,839,0
TXN004450,1812.77,19:39,Noida,Known,6,Bills,693,0
TXN004451,803.09,14:34,Lucknow,Known,6,Travel,10,0
TXN004452,1388.96,03:05,Kanpur,Known,4,Food,916,0
TXN004453,438.82,02:59,Noida,Known,4,Bills,508,0
TXN004454,2757.24,19:48,Mumbai,Known,1,Food,441,0
TXN004455,3343.87,18:21,Pune,Known,6,Food,351,0
TXN004456,24057.4,08:15,Noida,Known,5,Bills,734,0
TXN004457,936.94,20:58,Noida,Known,2,Shopping,654,0
TXN004458,1358.8,03:57,Mumbai,Known,6,Shopping,531,0
TXN004459,983.38,20:25,Delhi,Known,3,Food,1267,0
TXN004460,2249.05,01:13,Delhi,Known,4,Food,715,0
TXN004461,2687.37,15:47,Jhansi,Known,6,Food,87,0
TXN004462,1701.9,20:37,Delhi,Known,6,Bills,433,0
TXN004463,5631.8,14:54,Jaipur,Known,7,Fuel,789,0
TXN004464,941.73,18:32,Jaipur,Known,4,Shopping,981,0
TXN004465,5069.64,08:33,Delhi,Known,4,Bills,283,0
TXN004466,3168.35,06:08,Noida,Known,5,Shopping,283,0
TXN004467,1777.41,06:36,Mumbai,New,4,Shopping,904,0
TXN004468,1293.18,02:21,Lucknow,New,3,Bills,732,0
TXN004469,23006.75,06:12,Mumbai,Known,4,Shopping,855,0
TXN004470,763.32,05:46,Pune,Known,4,Bills,413,0
TXN004471,2461.12,18:20,Pune,Known,5,Shopping,1049,0
TXN004472,818.78,05:12,Delhi,Known,2,Entertainment,1024,0
TXN004473,11736.32,03:57,Mumbai,Known,4,Shopping,964,0
TXN004474,4567.45,17:57,Lucknow,Known,8,Shopping,506,0
TXN004475,882.96,12:29,Kanpur,Known,4,Travel,498,0
TXN004476,3083.33,05:17,Delhi,Known,2,Food,622,0
TXN004477,2359.31,16:09,Pune,Known,2,Food,10,0
TXN004478,1046.37,05:37,Jaipur,New,3,Shopping,526,1
TXN004479,3990.27,18:36,Lucknow,Known,7,Electronics,1062,0
TXN004480,2708.94,00:37,Pune,Known,4,Food,343,0
TXN004481,2257.53,14:46,Noida,Known,1,Bills,1454,0
TXN004482,1722.49,14:28,Jhansi,Known,4,Shopping,162,0
TXN004483,2830.33,08:40,Pune,New,2,Food,291,0
TXN004484,2290.21,16:39,Kanpur,Known,5,Fuel,399,0
TXN004485,1915.22,09:47,Kanpur,Known,3,Bills,929,0
TXN004486,918.26,15:44,Mumbai,Known,5,Electronics,542,0
TXN004487,10657.26,05:02,Noida,Known,7,Electronics,173,0
TXN004488,597.41,13:37,Delhi,Known,3,Electronics,911,0
TXN004489,2820.19,18:58,Mumbai,Known,3,Food,797,0
TXN004490,1286.0,23:33,Kanpur,Known,2,Shopping,365,0
TXN004491,11419.37,08:31,Lucknow,Known,4,Electronics,1414,0
TXN004492,697.07,11:36,Mumbai,Known,7,Entertainment,995,0
TXN004493,831.74,11:33,Mumbai,Known,8,Shopping,929,0
TXN004494,650.17,20:24,Pune,Known,7,Food,437,0
TXN004495,2527.99,23:59,Jhansi,Known,5,Shopping,257,0
TXN004496,425.74,15:04,Lucknow,Known,5,Entertainment,1295,0
TXN004497,1089.08,19:48,Pune,Known,4,Bills,316,0
TXN004498,187.83,02:09,Pune,Known,8,Fuel,910,0
TXN004499,2316.9,18:12,Delhi,Known,2,Travel,1080,0
TXN004500,1064.56,19:36,Kanpur,Known,5,Fuel,100,0
TXN004501,377.32,17:38,Mumbai,Known,6,Entertainment,602,0
TXN004502,5627.56,14:55,Kanpur,Known,7,Electronics,282,0
TXN004503,456.0,21:17,Noida,Known,3,Bills,845,0
TXN004504,4156.1,15:01,Delhi,Known,6,Bills,345,0
TXN004505,862.17,20:15,Kanpur,Known,6,Food,318,0
TXN004506,9673.95,04:32,Mumbai,Known,6,Shopping,136,0
TXN004507,3954.34,15:21,Kanpur,New,6,Fuel,659,0
TXN004508,624.59,10:15,Delhi,Known,3,Shopping,10,0
TXN004509,687.19,20:54,Pune,Known,4,Shopping,1314,0
TXN004510,3399.36,21:33,Kanpur,Known,3,Shopping,601,0
TXN004511,1366.55,20:40,Mumbai,Known,3,Entertainment,1033,0
TXN004512,1506.78,05:44,Noida,Known,2,Fuel,654,1
TXN004513,6845.81,11:24,Delhi,Known,6,Travel,817,0
TXN004514,820.09,00:44,Jhansi,Known,4,Electronics,141,0
TXN004515,1981.09,23:57,Kanpur,Known,6,Fuel,912,0
TXN004516,4904.46,06:43,Delhi,Known,3,Bills,184,0
TXN004517,4209.57,14:17,Mumbai,New,6,Shopping,1257,0
TXN004518,1522.26,11:46,Delhi,Known,7,Fuel,468,0
TXN004519,1329.01,21:14,Noida,Known,4,Shopping,974,0
TXN004520,289.97,19:04,Noida,Known,4,Bills,167,0
TXN004521,593.77,18:26,Delhi,New,4,Fuel,996,0
TXN004522,2514.47,15:30,Delhi,Known,3,Fuel,10,0
TXN004523,1557.39,02:28,Pune,Known,3,Shopping,10,0
TXN004524,1947.33,22:15,Mumbai,Known,2,Entertainment,1119,0
TXN004525,5360.21,01:16,Mumbai,Known,4,Shopping,1078,0
TXN004526,517.42,10:55,Noida,Known,4,Bills,492,0
TXN004527,1404.66,09:17,Delhi,Known,3,Food,529,0
TXN004528,2194.45,09:46,Jaipur,Known,8,Shopping,626,0
TXN004529,859.35,23:15,Delhi,Known,2,Food,802,0
TXN004530,8091.69,05:06,Pune,Known,7,Food,1099,0
TXN004531,4673.01,13:03,Lucknow,Known,4,Electronics,541,0
TXN004532,2441.05,05:14,Delhi,Known,4,Bills,28,0
TXN004533,11842.92,21:50,Lucknow,Known,3,Fuel,648,0
TXN004534,373.05,17:27,Jaipur,New,1,Travel,374,0
TXN004535,1785.46,09:41,Kanpur,Known,3,Food,1230,0
TXN004536,2644.39,01:57,Delhi,Known,5,Bills,525,0
TXN004537,689.01,03:02,Jaipur,Known,4,Shopping,1185,0
TXN004538,2468.32,05:06,Delhi,Known,3,Travel,667,0
TXN004539,563.2,09:55,Delhi,Known,2,Bills,411,0
TXN004540,3716.83,21:34,Delhi,Known,4,Food,1177,0
TXN004541,5465.81,02:37,Pune,New,6,Shopping,357,0
TXN004542,2395.85,13:20,Delhi,New,4,Entertainment,683,0
TXN004543,257.26,08:49,Delhi,Known,2,Food,537,0
TXN004544,652.24,01:38,Jaipur,Known,5,Shopping,343,0
TXN004545,3256.76,14:15,Jhansi,Known,2,Bills,813,0
TXN004546,1840.51,16:38,Mumbai,Known,6,Food,432,0
TXN004547,106.36,23:00,Jhansi,Known,4,Fuel,333,0
TXN004548,6637.65,12:14,Mumbai,New,5,Fuel,607,0
TXN004549,2077.73,07:12,Kanpur,Known,5,Shopping,426,0
TXN004550,761.67,20:47,Mumbai,Known,2,Food,510,0
TXN004551,5116.6,05:44,Jhansi,Known,4,Bills,621,0
TXN004552,883.71,16:05,Noida,Known,6,Shopping,929,0
TXN004553,873.64,22:54,Lucknow,Known,4,Bills,486,0
TXN004554,2622.31,00:49,Delhi,Known,3,Entertainment,135,0
TXN004555,11679.99,22:26,Lucknow,Known,1,Food,892,0
TXN004556,9900.18,04:12,Noida,Known,5,Shopping,425,0
TXN004557,2626.06,11:25,Pune,Known,5,Fuel,823,0
TXN004558,2924.99,06:35,Pune,Known,7,Travel,1141,0
TXN004559,4132.41,03:37,Jaipur,New,4,Electronics,656,0
TXN004560,480.92,16:20,Pune,Known,1,Electronics,308,0
TXN004561,3540.06,11:06,Jaipur,Known,2,Entertainment,582,0
TXN004562,832.78,12:36,Jhansi,Known,4,Bills,351,0
TXN004563,2514.79,11:42,Mumbai,Known,3,Travel,332,0
TXN004564,1417.57,17:16,Jhansi,Known,4,Shopping,514,0
TXN004565,3046.69,23:38,Mumbai,Known,3,Food,159,0
TXN004566,2037.65,12:34,Delhi,Known,2,Fuel,221,0
TXN004567,71.44,03:30,Mumbai,Known,2,Food,956,0
TXN004568,2171.94,07:00,Lucknow,Known,5,Food,731,0
TXN004569,3532.65,11:18,Noida,Known,8,Food,800,0
TXN004570,2874.88,02:22,Lucknow,New,4,Bills,972,0
TXN004571,1616.19,05:50,Delhi,Known,5,Travel,10,0
TXN004572,10095.16,04:49,Jaipur,New,4,Bills,538,0
TXN004573,2496.1,23:52,Jhansi,Known,4,Food,1301,0
TXN004574,2850.07,09:27,Mumbai,Known,7,Electronics,1383,0
TXN004575,5389.77,21:19,Mumbai,Known,5,Fuel,381,0
TXN004576,2634.02,13:29,Delhi,Known,5,Entertainment,295,0
TXN004577,701.08,12:47,Jaipur,Known,8,Travel,10,0
TXN004578,139.11,22:37,Mumbai,Known,3,Food,490,0
TXN004579,1090.69,16:36,Jaipur,Known,3,Fuel,905,0
TXN004580,4001.94,05:26,Mumbai,Known,5,Shopping,1040,0
TXN004581,1242.39,06:41,Pune,Known,4,Shopping,113,0
TXN004582,4174.62,15:52,Delhi,Known,4,Bills,581,0
TXN004583,2104.23,00:40,Kanpur,Known,4,Travel,438,0
TXN004584,6960.53,03:24,Lucknow,Known,2,Electronics,208,1
TXN004585,1320.23,01:50,Mumbai,Known,6,Bills,402,0
TXN004586,2941.1,17:56,Jaipur,Known,7,Entertainment,1013,0
TXN004587,3061.69,10:47,Noida,Known,3,Fuel,861,0
TXN004588,8709.97,00:52,Mumbai,Known,5,Bills,809,0
TXN004589,299.94,17:15,Noida,Known,2,Electronics,1220,0
TXN004590,1112.33,15:25,Delhi,Known,3,Entertainment,612,0
TXN004591,4387.36,17:14,Jaipur,Known,3,Fuel,598,0
TXN004592,9124.64,03:21,Lucknow,Known,3,Entertainment,840,0
TXN004593,2316.05,20:44,Mumbai,Known,3,Bills,238,0
TXN004594,1323.72,04:40,Mumbai,Known,6,Shopping,1007,0
TXN004595,3985.89,13:00,Delhi,Known,4,Bills,915,0
TXN004596,4481.35,13:45,Jaipur,Known,3,Travel,816,0
TXN004597,1233.85,05:11,Mumbai,Known,6,Bills,363,0
TXN004598,2546.22,09:11,Delhi,Known,6,Fuel,945,0
TXN004599,6217.33,01:32,Pune,Known,1,Entertainment,1380,0
TXN004600,13102.05,11:14,Mumbai,Known,4,Fuel,882,0
TXN004601,3925.61,16:57,Delhi,Known,4,Fuel,424,0
TXN004602,1885.39,07:08,Noida,Known,4,Entertainment,1404,0
TXN004603,1700.65,12:09,Delhi,Known,2,Bills,846,0
TXN004604,3231.84,22:45,Pune,Known,3,Travel,1389,0
TXN004605,1594.13,05:17,Kanpur,Known,5,Bills,257,0
TXN004606,2196.6,06:42,Mumbai,New,4,Shopping,379,0
TXN004607,592.75,02:40,Kanpur,Known,4,Travel,999,0
TXN004608,7026.56,13:11,Mumbai,Known,5,Entertainment,10,0
TXN004609,543.67,04:34,Kanpur,Known,4,Food,1462,0
TXN004610,1143.47,20:32,Kanpur,Known,7,Bills,1205,0
TXN004611,1994.23,06:05,Noida,Known,2,Fuel,379,0
TXN004612,14560.65,15:45,Kanpur,Known,4,Shopping,1184,0
TXN004613,1154.85,04:51,Pune,Known,2,Entertainment,696,0
TXN004614,894.46,07:56,Delhi,Known,2,Electronics,574,0
TXN004615,1009.47,04:05,Jaipur,Known,3,Electronics,264,0
TXN004616,10274.13,13:10,Mumbai,Known,5,Electronics,1104,0
TXN004617,93.93,00:49,Pune,Known,7,Food,963,0
TXN004618,628.08,01:18,Kanpur,Known,4,Fuel,793,0
TXN004619,31678.55,12:37,Delhi,Known,4,Travel,194,0
TXN004620,3347.5,13:20,Lucknow,Known,4,Entertainment,893,0
TXN004621,563.55,07:13,Jaipur,Known,3,Bills,1091,0
TXN004622,1722.49,10:37,Pune,New,4,Electronics,1414,0
TXN004623,1932.11,09:12,Noida,Known,4,Bills,619,0
TXN004624,4376.36,18:08,Lucknow,Known,6,Entertainment,463,0
TXN004625,12419.45,10:31,Jhansi,Known,5,Travel,241,0
TXN004626,2706.8,20:11,Mumbai,Known,4,Entertainment,725,0
TXN004627,1021.23,05:11,Jhansi,Known,4,Travel,1037,0
TXN004628,4113.3,04:46,Mumbai,New,3,Food,1508,0
TXN004629,864.69,09:31,Pune,Known,4,Travel,898,0
TXN004630,608.22,01:32,Noida,Known,6,Electronics,1247,0
TXN004631,283.62,16:08,Lucknow,Known,2,Electronics,750,0
TXN004632,347.98,09:09,Jhansi,Known,3,Food,989,0
TXN004633,702.24,08:23,Mumbai,Known,4,Food,463,0
TXN004634,522.62,12:23,Delhi,Known,3,Shopping,804,0
TXN004635,2500.99,01:27,Mumbai,Known,3,Bills,268,0
TXN004636,510.9,09:08,Mumbai,Known,2,Shopping,1149,0
TXN004637,66.33,23:53,Mumbai,New,4,Food,1584,0
TXN004638,601.5,15:21,Noida,Known,5,Shopping,763,1
TXN004639,1096.73,13:48,Noida,Known,7,Shopping,513,0
TXN004640,953.2,12:24,Lucknow,Known,5,Food,2324,0
TXN004641,8875.44,11:28,Jaipur,Known,4,Shopping,1182,0
TXN004642,945.13,22:06,Pune,Known,6,Travel,1332,0
TXN004643,4539.23,22:40,Delhi,Known,1,Bills,866,0
TXN004644,1764.48,09:03,Kanpur,Known,8,Electronics,269,0
TXN004645,1721.79,22:44,Jaipur,Known,4,Fuel,611,0
TXN004646,748.74,01:52,Mumbai,Known,4,Fuel,735,0
TXN004647,1692.26,07:21,Lucknow,Known,3,Travel,685,0
TXN004648,806.09,07:53,Jaipur,Known,2,Travel,240,0
TXN004649,2151.82,16:41,Noida,Known,8,Shopping,688,0
TXN004650,1404.56,14:00,Pune,Known,4,Food,214,0
TXN004651,667.6,11:12,Pune,Known,4,Travel,136,0
TXN004652,5100.18,06:38,Delhi,Known,3,Shopping,369,0
TXN004653,2817.84,12:42,Noida,Known,6,Shopping,575,0
TXN004654,1124.48,06:05,Pune,New,8,Fuel,603,0
TXN004655,2097.1,11:41,Mumbai,New,8,Fuel,640,0
TXN004656,1648.35,08:48,Delhi,Known,2,Food,1454,0
TXN004657,723.84,21:05,Delhi,Known,5,Food,641,0
TXN004658,1938.29,17:52,Noida,Known,4,Bills,10,0
TXN004659,937.75,04:31,Noida,Known,3,Shopping,547,0
TXN004660,667.38,22:36,Pune,Known,2,Food,579,0
TXN004661,327.55,15:03,Mumbai,Known,3,Travel,10,0
TXN004662,1235.22,08:36,Jhansi,Known,3,Entertainment,674,0
TXN004663,3264.5,12:27,Delhi,Known,4,Travel,444,0
TXN004664,867.96,04:22,Jaipur,Known,2,Travel,634,0
TXN004665,25394.45,01:46,Kanpur,Known,5,Bills,762,0
TXN004666,4561.98,10:14,Noida,Known,7,Food,606,0
TXN004667,7080.42,18:03,Mumbai,Known,5,Travel,614,0
TXN004668,4148.69,08:29,Delhi,Known,3,Shopping,443,0
TXN004669,12594.94,09:44,Delhi,Known,1,Fuel,896,0
TXN004670,787.76,23:08,Pune,Known,4,Travel,490,0
TXN004671,122.34,23:59,Delhi,Known,1,Bills,926,0
TXN004672,1126.77,11:40,Pune,Known,4,Travel,197,0
TXN004673,3234.64,01:56,Mumbai,Known,7,Travel,482,0
TXN004674,2110.4,16:28,Kanpur,Known,7,Electronics,861,0
TXN004675,2403.76,17:07,Mumbai,Known,1,Food,187,0
TXN004676,7204.76,21:10,Delhi,Known,4,Electronics,424,0
TXN004677,2688.4,22:30,Kanpur,Known,2,Food,890,0
TXN004678,4164.7,15:35,Lucknow,Known,5,Travel,341,0
TXN004679,671.16,02:44,Lucknow,Known,3,Shopping,1166,0
TXN004680,569.85,05:47,Jhansi,Known,4,Food,668,0
TXN004681,9802.19,17:45,Mumbai,Known,3,Bills,534,0
TXN004682,2001.17,14:35,Kanpur,Known,3,Shopping,908,0
TXN004683,935.57,10:01,Jhansi,Known,2,Fuel,692,0
TXN004684,937.37,09:31,Delhi,Known,4,Fuel,678,0
TXN004685,910.47,17:49,Lucknow,Known,3,Electronics,584,0
TXN004686,855.03,10:50,Delhi,Known,3,Food,601,0
TXN004687,467.89,03:50,Delhi,Known,1,Bills,224,0
TXN004688,372.45,23:00,Delhi,Known,4,Shopping,935,0
TXN004689,1466.73,08:26,Jhansi,Known,2,Shopping,411,0
TXN004690,965.81,06:37,Delhi,Known,4,Fuel,1077,0
TXN004691,5756.35,01:14,Pune,Known,7,Bills,271,0
TXN004692,2448.6,11:24,Noida,Known,5,Bills,1155,0
TXN004693,2378.26,23:05,Delhi,Known,4,Bills,341,0
TXN004694,824.9,03:11,Kanpur,Known,5,Food,973,0
TXN004695,1585.19,05:00,Delhi,Known,3,Bills,492,0
TXN004696,2629.62,04:58,Delhi,Known,7,Shopping,739,0
TXN004697,3818.25,02:51,Jaipur,Known,4,Shopping,416,0
TXN004698,1631.01,14:24,Lucknow,Known,7,Shopping,334,0
TXN004699,5589.37,07:00,Delhi,Known,4,Food,513,0
TXN004700,1815.16,18:20,Pune,Known,2,Travel,933,0
TXN004701,4138.26,09:26,Jaipur,Known,4,Travel,933,0
TXN004702,1076.21,15:10,Kanpur,Known,8,Fuel,889,0
TXN004703,268.36,02:39,Noida,New,5,Food,762,0
TXN004704,2385.87,07:59,Pune,Known,2,Electronics,1529,0
TXN004705,3855.02,09:50,Noida,Known,5,Travel,322,0
TXN004706,3293.34,01:51,Kanpur,Known,2,Shopping,612,0
TXN004707,2804.1,10:49,Pune,Known,3,Shopping,10,0
TXN004708,1248.28,11:04,Kanpur,Known,4,Food,838,0
TXN004709,771.59,09:33,Mumbai,Known,5,Shopping,295,0
TXN004710,3212.67,12:33,Delhi,Known,9,Travel,648,0
TXN004711,2816.67,19:06,Lucknow,New,5,Food,360,0
TXN004712,998.84,18:08,Delhi,Known,5,Bills,597,0
TXN004713,5770.06,00:33,Delhi,Known,5,Fuel,725,0
TXN004714,712.32,15:42,Kanpur,Known,6,Food,369,0
TXN004715,975.39,21:12,Jaipur,Known,7,Food,795,0
TXN004716,10034.54,20:29,Delhi,Known,5,Food,486,0
TXN004717,4480.78,07:04,Mumbai,Known,8,Bills,393,0
TXN004718,1236.0,18:06,Pune,Known,5,Shopping,934,0
TXN004719,2434.0,19:34,Lucknow,Known,5,Entertainment,756,0
TXN004720,2117.67,08:33,Noida,Known,3,Entertainment,10,0
TXN004721,100.75,20:45,Kanpur,Known,3,Shopping,528,0
TXN004722,694.88,15:54,Jhansi,Known,3,Entertainment,254,0
TXN004723,1706.42,18:11,Delhi,Known,6,Shopping,1218,0
TXN004724,1237.81,17:20,Lucknow,Known,4,Shopping,358,0
TXN004725,2333.21,18:51,Jhansi,Known,6,Entertainment,402,0
TXN004726,5892.87,22:03,Delhi,Known,11,Travel,684,0
TXN004727,1284.25,20:49,Mumbai,Known,3,Fuel,872,0
TXN004728,592.89,10:56,Lucknow,New,5,Shopping,383,0
TXN004729,2531.67,13:05,Noida,Known,5,Travel,730,0
TXN004730,1277.41,15:08,Kanpur,Known,6,Bills,777,0
TXN004731,1527.94,20:41,Noida,Known,2,Food,10,0
TXN004732,1325.02,09:28,Noida,Known,5,Entertainment,858,0
TXN004733,18948.34,07:59,Delhi,New,1,Bills,456,0
TXN004734,171.19,17:32,Jaipur,Known,2,Shopping,189,0
TXN004735,1197.26,22:39,Pune,Known,3,Fuel,1411,0
TXN004736,1793.04,21:14,Mumbai,Known,6,Food,307,0
TXN004737,792.62,03:19,Kanpur,New,3,Bills,979,0
TXN004738,4630.22,22:10,Mumbai,New,6,Bills,861,0
TXN004739,4227.91,18:08,Jaipur,Known,4,Food,10,0
TXN004740,1711.97,03:06,Lucknow,Known,3,Shopping,356,0
TXN004741,1354.7,00:53,Lucknow,Known,3,Fuel,212,0
TXN004742,1600.37,04:04,Jaipur,Known,3,Fuel,1039,0
TXN004743,1612.46,22:30,Jhansi,Known,2,Food,991,0
TXN004744,1657.81,18:30,Delhi,Known,3,Electronics,1324,0
TXN004745,1477.55,13:03,Jhansi,Known,1,Electronics,261,0
TXN004746,2346.34,15:50,Pune,Known,5,Fuel,1642,1
TXN004747,3969.58,09:30,Mumbai,Known,6,Shopping,1052,0
TXN004748,494.61,21:07,Kanpur,Known,3,Shopping,1352,0
TXN004749,597.26,03:07,Jhansi,New,7,Food,730,0
TXN004750,287.03,07:42,Kanpur,Known,3,Entertainment,553,0
TXN004751,4470.52,04:37,Jaipur,New,3,Food,318,0
TXN004752,2341.11,20:24,Kanpur,Known,4,Electronics,1194,0
TXN004753,3059.7,12:24,Jhansi,Known,8,Food,618,0
TXN004754,401.24,16:02,Pune,Known,5,Food,623,0
TXN004755,11728.04,22:01,Delhi,Known,8,Fuel,1141,0
TXN004756,949.8,04:32,Delhi,New,2,Food,1014,0
TXN004757,2147.71,23:21,Jaipur,Known,6,Travel,589,0
TXN004758,4414.48,03:15,Noida,Known,1,Fuel,734,0
TXN004759,638.56,18:22,Lucknow,Known,1,Entertainment,796,0
TXN004760,1014.25,16:36,Delhi,Known,3,Electronics,706,0
TXN004761,2172.58,19:17,Delhi,Known,4,Food,1169,0
TXN004762,36166.5,03:20,Delhi,Known,2,Electronics,898,0
TXN004763,2469.38,23:16,Lucknow,Known,4,Food,549,0
TXN004764,9722.72,19:39,Kanpur,Known,2,Electronics,1219,0
TXN004765,6383.67,02:03,Delhi,Known,7,Electronics,425,0
TXN004766,2649.04,13:55,Jhansi,Known,2,Electronics,640,0
TXN004767,637.07,19:33,Jaipur,Known,6,Bills,586,0
TXN004768,5476.84,11:14,Jaipur,Known,1,Shopping,518,0
TXN004769,373.35,09:45,Pune,Known,4,Bills,552,0
TXN004770,9666.88,06:56,Lucknow,Known,3,Bills,1084,0
TXN004771,2220.63,12:03,Kanpur,Known,5,Shopping,712,0
TXN004772,111.36,23:12,Kanpur,Known,3,Shopping,1402,0
TXN004773,1258.92,14:08,Delhi,New,2,Food,473,0
TXN004774,3576.67,17:04,Pune,Known,6,Bills,438,0
TXN004775,1403.42,18:44,Noida,Known,4,Fuel,143,0
TXN004776,3813.48,18:11,Jhansi,Known,3,Food,142,0
TXN004777,737.32,09:23,Mumbai,Known,5,Food,367,0
TXN004778,456.81,18:48,Delhi,Known,4,Bills,350,0
TXN004779,1669.91,07:36,Pune,Known,3,Food,448,0
TXN004780,1860.66,14:40,Delhi,Known,4,Bills,753,0
TXN004781,1248.55,07:05,Delhi,Known,4,Shopping,349,0
TXN004782,6530.23,22:58,Jhansi,Known,4,Electronics,1383,0
TXN004783,737.17,17:04,Noida,Known,3,Food,646,0
TXN004784,2500.8,14:42,Delhi,Known,4,Shopping,1028,0
TXN004785,1933.16,10:38,Mumbai,Known,5,Travel,322,0
TXN004786,351.07,12:24,Pune,Known,6,Bills,525,0
TXN004787,450.59,18:50,Jaipur,Known,6,Travel,816,0
TXN004788,1822.65,06:53,Kanpur,Known,4,Food,864,0
TXN004789,14411.79,19:04,Pune,Known,4,Travel,1060,0
TXN004790,3306.93,06:57,Mumbai,Known,5,Food,143,0
TXN004791,294.01,03:14,Noida,Known,7,Electronics,1793,0
TXN004792,68.68,17:47,Kanpur,Known,5,Shopping,1361,0
TXN004793,3886.44,17:49,Pune,New,4,Bills,784,0
TXN004794,1627.04,08:33,Noida,New,2,Bills,835,0
TXN004795,5966.23,15:51,Mumbai,Known,4,Fuel,781,0
TXN004796,713.93,17:49,Delhi,Known,4,Shopping,289,0
TXN004797,2600.0,18:31,Pune,Known,8,Bills,119,0
TXN004798,4376.59,22:10,Delhi,Known,2,Shopping,210,0
TXN004799,1125.19,20:26,Noida,Known,3,Shopping,157,0
TXN004800,1150.73,10:54,Kanpur,Known,3,Food,1399,0
TXN004801,1848.39,05:12,Delhi,New,3,Bills,487,0
TXN004802,3182.28,02:59,Noida,Known,8,Food,1156,0
TXN004803,1773.11,13:10,Kanpur,Known,9,Entertainment,590,0
TXN004804,5005.23,15:39,Pune,Known,4,Fuel,640,0
TXN004805,1108.22,16:38,Mumbai,Known,2,Bills,593,0
TXN004806,446.18,00:11,Delhi,Known,4,Electronics,449,0
TXN004807,14348.0,16:28,Delhi,Known,2,Shopping,1427,0
TXN004808,954.01,18:08,Mumbai,Known,4,Electronics,748,0
TXN004809,990.96,17:21,Jhansi,New,5,Bills,1281,0
TXN004810,1679.83,12:57,Lucknow,Known,4,Electronics,790,0
TXN004811,1931.56,00:03,Delhi,Known,4,Shopping,1289,0
TXN004812,1199.34,11:52,Jaipur,New,5,Travel,733,0
TXN004813,1767.35,15:40,Delhi,Known,2,Food,581,0
TXN004814,1726.4,13:44,Lucknow,Known,3,Fuel,76,0
TXN004815,2162.68,13:16,Pune,New,2,Fuel,1006,0
TXN004816,151.44,12:56,Jhansi,Known,3,Shopping,1339,0
TXN004817,12970.88,13:15,Mumbai,Known,4,Food,1113,0
TXN004818,1542.08,07:30,Jaipur,Known,4,Bills,516,0
TXN004819,3311.63,14:02,Kanpur,Known,4,Shopping,1030,0
TXN004820,423.49,06:53,Delhi,Known,3,Travel,250,0
TXN004821,1097.72,11:42,Delhi,Known,5,Travel,271,0
TXN004822,888.57,09:09,Jaipur,Known,2,Travel,405,0
TXN004823,8423.26,17:39,Mumbai,Known,4,Food,411,0
TXN004824,973.05,21:10,Pune,Known,7,Electronics,944,0
TXN004825,3989.92,15:26,Delhi,Known,5,Bills,1044,0
TXN004826,909.23,03:30,Delhi,Known,3,Fuel,525,0
TXN004827,1119.11,16:55,Pune,Known,3,Electronics,1366,0
TXN004828,1390.91,07:19,Jaipur,Known,4,Food,483,0
TXN004829,6929.75,01:00,Delhi,Known,5,Travel,1189,0
TXN004830,247.45,04:25,Delhi,New,5,Travel,545,0
TXN004831,452.19,23:55,Noida,Known,4,Bills,704,0
TXN004832,232.96,10:47,Kanpur,Known,5,Bills,728,0
TXN004833,574.59,04:03,Lucknow,Known,4,Shopping,1051,0
TXN004834,767.67,03:03,Mumbai,Known,6,Fuel,615,0
TXN004835,330.41,15:45,Jaipur,Known,1,Travel,10,0
TXN004836,832.71,18:43,Delhi,Known,2,Shopping,1022,0
TXN004837,217.04,08:33,Mumbai,Known,3,Shopping,696,0
TXN004838,618.1,02:05,Mumbai,New,3,Fuel,1430,0
TXN004839,6348.56,08:16,Delhi,Known,5,Fuel,156,0
TXN004840,2749.87,15:50,Kanpur,Known,3,Fuel,612,0
TXN004841,2191.59,02:08,Lucknow,Known,3,Shopping,22,0
TXN004842,628.05,06:12,Jhansi,Known,1,Electronics,742,0
TXN004843,358.76,00:27,Lucknow,Known,3,Food,742,0
TXN004844,544.26,11:44,Delhi,Known,5,Fuel,1288,0
TXN004845,1720.16,04:49,Pune,Known,6,Shopping,903,0
TXN004846,4478.88,04:35,Kanpur,Known,3,Shopping,486,0
TXN004847,4642.59,02:29,Mumbai,Known,3,Shopping,737,0
TXN004848,3490.1,17:23,Delhi,Known,4,Food,1112,0
TXN004849,829.74,11:02,Jhansi,Known,3,Electronics,10,0
TXN004850,1847.0,22:16,Pune,Known,2,Travel,927,0
TXN004851,1284.51,09:12,Jhansi,Known,5,Food,399,0
TXN004852,1457.23,05:03,Pune,Known,2,Shopping,546,0
TXN004853,15283.46,04:44,Delhi,Known,4,Entertainment,707,0
TXN004854,283.0,22:21,Jaipur,Known,3,Electronics,62,0
TXN004855,1406.88,14:30,Mumbai,Known,1,Shopping,66,0
TXN004856,6424.53,07:12,Mumbai,Known,5,Travel,973,0
TXN004857,386.2,15:35,Kanpur,Known,3,Shopping,521,0
TXN004858,915.63,13:08,Delhi,Known,6,Food,683,0
TXN004859,1032.82,02:40,Lucknow,Known,5,Bills,794,0
TXN004860,1423.8,16:44,Mumbai,Known,5,Bills,177,0
TXN004861,336.9,02:18,Noida,Known,3,Fuel,387,0
TXN004862,3363.01,04:12,Noida,Known,3,Shopping,323,0
TXN004863,3623.31,17:46,Jhansi,Known,1,Travel,10,0
TXN004864,3069.7,10:13,Lucknow,Known,6,Electronics,616,0
TXN004865,721.73,05:10,Mumbai,Known,4,Fuel,630,0
TXN004866,1971.16,01:20,Pune,Known,3,Fuel,899,0
TXN004867,700.03,14:57,Kanpur,Known,3,Shopping,847,0
TXN004868,1269.42,16:27,Kanpur,Known,6,Bills,10,0
TXN004869,17269.26,04:15,Delhi,Known,5,Fuel,10,0
TXN004870,1990.26,09:30,Mumbai,New,3,Fuel,438,0
TXN004871,517.31,08:20,Lucknow,Known,5,Fuel,787,0
TXN004872,2175.24,21:39,Noida,Known,2,Bills,482,0
TXN004873,435.35,18:26,Pune,Known,7,Travel,371,0
TXN004874,511.11,06:35,Jaipur,Known,8,Travel,1252,0
TXN004875,603.27,12:26,Lucknow,Known,6,Food,941,0
TXN004876,1128.92,22:28,Lucknow,Known,2,Travel,996,0
TXN004877,4814.36,08:26,Noida,Known,5,Entertainment,845,0
TXN004878,3303.9,03:23,Mumbai,Known,4,Shopping,234,0
TXN004879,3117.19,07:57,Kanpur,Known,6,Shopping,1007,0
TXN004880,567.74,14:15,Noida,Known,2,Travel,1759,0
TXN004881,1019.6,23:48,Mumbai,Known,6,Shopping,955,0
TXN004882,2395.01,07:42,Mumbai,New,1,Food,657,0
TXN004883,930.58,01:31,Lucknow,Known,4,Entertainment,54,0
TXN004884,1343.8,04:19,Kanpur,Known,2,Food,381,0
TXN004885,2861.12,09:29,Mumbai,Known,3,Shopping,991,0
TXN004886,1248.04,02:50,Mumbai,Known,2,Fuel,971,0
TXN004887,2282.22,00:10,Delhi,Known,8,Bills,265,0
TXN004888,9584.54,15:35,Pune,New,2,Food,902,0
TXN004889,1502.81,19:45,Pune,Known,4,Shopping,294,0
TXN004890,6209.57,05:38,Jaipur,Known,6,Bills,1063,0
TXN004891,3238.55,12:08,Pune,Known,4,Food,955,0
TXN004892,385.65,13:30,Delhi,Known,6,Food,1111,0
TXN004893,565.83,16:10,Delhi,Known,4,Food,493,0
TXN004894,750.14,23:55,Kanpur,Known,6,Bills,1004,0
TXN004895,733.6,21:21,Kanpur,Known,5,Bills,748,0
TXN004896,1637.19,07:25,Noida,Known,4,Electronics,866,0
TXN004897,3432.07,23:51,Mumbai,Known,2,Entertainment,727,0
TXN004898,6724.13,00:25,Jaipur,Known,3,Food,336,0
TXN004899,2487.73,23:11,Mumbai,Known,5,Food,837,0
TXN004900,1127.3,03:53,Kanpur,Known,3,Electronics,890,0
TXN004901,202.19,02:38,Pune,Known,4,Bills,236,0
TXN004902,1938.48,02:36,Kanpur,Known,5,Food,939,0
TXN004903,1849.37,02:04,Noida,Known,4,Shopping,917,0
TXN004904,2181.17,11:26,Noida,Known,4,Food,416,0
TXN004905,16433.78,15:27,Pune,Known,7,Fuel,811,0
TXN004906,6622.1,17:15,Pune,Known,4,Shopping,441,0
TXN004907,4104.57,00:33,Lucknow,Known,3,Travel,946,0
TXN004908,655.48,07:14,Lucknow,Known,6,Food,327,0
TXN004909,1050.37,03:28,Pune,New,2,Electronics,1255,1
TXN004910,1629.38,03:48,Kanpur,Known,6,Food,1233,0
TXN004911,797.41,17:44,Jhansi,Known,3,Entertainment,1043,0
TXN004912,3044.31,15:16,Lucknow,Known,5,Fuel,1518,0
TXN004913,2618.34,05:12,Mumbai,Known,5,Travel,1299,0
TXN004914,574.11,07:00,Lucknow,Known,4,Shopping,1093,0
TXN004915,6324.58,22:20,Jaipur,Known,3,Food,1356,0
TXN004916,2004.13,13:01,Mumbai,Known,3,Shopping,647,0
TXN004917,292.95,05:07,Mumbai,Known,3,Food,467,0
TXN004918,1705.53,22:58,Delhi,Known,2,Electronics,1111,0
TXN004919,2418.27,04:51,Kanpur,Known,2,Food,654,0
TXN004920,4998.9,06:33,Mumbai,Known,3,Travel,1087,0
TXN004921,1262.93,16:46,Noida,Known,4,Bills,376,0
TXN004922,4293.58,12:29,Delhi,Known,3,Shopping,423,0
TXN004923,2190.84,01:36,Mumbai,Known,3,Food,87,0
TXN004924,452.48,19:55,Delhi,Known,2,Travel,232,0
TXN004925,407.33,05:04,Delhi,Known,4,Entertainment,844,0
TXN004926,5850.19,16:21,Pune,New,3,Entertainment,107,0
TXN004927,6319.06,08:07,Jaipur,Known,4,Shopping,284,0
TXN004928,2526.52,18:47,Noida,Known,5,Electronics,363,0
TXN004929,8656.23,21:49,Pune,Known,2,Shopping,528,0
TXN004930,5458.79,18:43,Delhi,Known,2,Entertainment,736,0
TXN004931,3689.89,22:36,Pune,Known,9,Food,1523,0
TXN004932,691.36,12:28,Kanpur,Known,5,Travel,1033,0
TXN004933,11087.15,01:01,Noida,Known,6,Electronics,452,0
TXN004934,3161.05,12:46,Jhansi,Known,4,Food,709,0
TXN004935,1200.4,11:53,Lucknow,Known,3,Electronics,474,0
TXN004936,892.35,17:57,Mumbai,Known,3,Travel,1071,0
TXN004937,2357.05,05:20,Delhi,Known,5,Shopping,936,0
TXN004938,311.35,16:12,Lucknow,Known,3,Food,472,0
TXN004939,3752.58,10:39,Kanpur,New,2,Electronics,861,0
TXN004940,661.36,16:01,Jaipur,Known,5,Entertainment,890,0
TXN004941,2656.28,10:03,Delhi,Known,3,Entertainment,722,0
TXN004942,1040.9,09:49,Jhansi,Known,8,Shopping,864,0
TXN004943,1363.63,05:57,Kanpur,Known,2,Bills,942,0
TXN004944,813.05,19:24,Delhi,Known,4,Bills,1594,0
TXN004945,1519.67,01:30,Mumbai,Known,4,Entertainment,1203,0
TXN004946,13087.21,05:32,Lucknow,Known,5,Fuel,296,0
TXN004947,7706.77,10:08,Kanpur,Known,3,Shopping,805,0
TXN004948,2611.67,03:13,Mumbai,New,7,Entertainment,1593,0
TXN004949,1752.82,22:17,Delhi,Known,6,Shopping,853,0
TXN004950,4367.53,08:50,Mumbai,Known,5,Food,1474,0
TXN004951,5895.89,05:26,Pune,New,1,Electronics,1801,0
TXN004952,753.13,06:43,Pune,Known,5,Entertainment,309,0
TXN004953,1659.43,04:11,Mumbai,Known,5,Fuel,670,0
TXN004954,265.73,15:57,Jhansi,Known,2,Travel,730,0
TXN004955,5853.52,11:53,Jaipur,Known,2,Shopping,152,0
TXN004956,15737.75,05:28,Delhi,Known,4,Fuel,1284,0
TXN004957,1957.9,20:13,Delhi,Known,4,Food,844,0
TXN004958,193.31,15:58,Delhi,Known,2,Food,10,0
TXN004959,3411.4,09:48,Delhi,Known,2,Bills,835,0
TXN004960,696.63,12:30,Pune,Known,3,Electronics,369,0
TXN004961,896.97,15:16,Pune,Known,6,Bills,690,0
TXN004962,3475.34,03:37,Kanpur,Known,5,Food,10,0
TXN004963,2351.54,19:22,Mumbai,Known,2,Fuel,622,0
TXN004964,1078.18,06:40,Pune,Known,4,Food,1053,0
TXN004965,910.01,00:49,Mumbai,New,2,Food,523,0
TXN004966,2054.26,12:29,Delhi,Known,3,Food,10,0
TXN004967,1170.99,21:02,Delhi,Known,8,Food,675,0
TXN004968,561.63,17:33,Pune,Known,4,Entertainment,615,0
TXN004969,1269.46,07:51,Noida,Known,4,Fuel,1358,0
TXN004970,2571.16,09:13,Jhansi,Known,3,Entertainment,885,0
TXN004971,1492.99,14:57,Noida,Known,4,Food,603,0
TXN004972,408.04,05:21,Delhi,Known,6,Bills,195,0
TXN004973,5085.05,19:41,Lucknow,Known,6,Food,681,0
TXN004974,101.47,07:42,Pune,Known,2,Food,1513,0
TXN004975,1126.49,05:10,Jaipur,Known,3,Bills,859,0
TXN004976,938.55,02:02,Kanpur,Known,5,Food,976,0
TXN004977,2103.02,16:56,Delhi,Known,3,Bills,10,0
TXN004978,3246.35,00:42,Jaipur,Known,6,Entertainment,1085,0
TXN004979,5876.08,19:37,Lucknow,Known,5,Food,739,0
TXN004980,851.94,23:18,Mumbai,Known,5,Entertainment,709,0
TXN004981,3332.42,02:06,Delhi,Known,6,Travel,772,0
TXN004982,2210.89,02:16,Delhi,Known,2,Travel,784,0
TXN004983,298.4,22:32,Jhansi,New,4,Bills,591,0
TXN004984,13241.47,02:41,Jhansi,Known,3,Fuel,492,0
TXN004985,397.35,09:19,Mumbai,Known,4,Entertainment,110,0
TXN004986,2796.19,20:12,Delhi,Known,5,Entertainment,544,0
TXN004987,2710.8,03:14,Kanpur,Known,6,Shopping,1167,0
TXN004988,2404.17,15:57,Lucknow,Known,6,Fuel,465,0
TXN004989,1070.88,09:37,Mumbai,New,5,Shopping,1034,0
TXN004990,4290.49,10:59,Mumbai,Known,7,Food,250,0
TXN004991,349.73,22:00,Pune,Known,5,Shopping,131,0
TXN004992,1679.79,15:27,Jaipur,Known,3,Food,519,0
TXN004993,995.73,07:27,Lucknow,Known,3,Travel,1088,0
TXN004994,883.93,22:24,Noida,Known,5,Food,82,0
TXN004995,2823.48,13:23,Pune,New,5,Food,1445,0
TXN004996,5579.72,02:04,Delhi,Known,6,Entertainment,1597,0
TXN004997,1255.29,09:01,Jaipur,Known,2,Entertainment,997,0
TXN004998,4085.74,05:46,Kanpur,New,2,Travel,474,0
TXN004999,1896.51,15:26,Kanpur,Known,4,Entertainment,500,0
TXN005000,704.98,20:09,Kanpur,Known,5,Electronics,410,0
TXN005001,1372.92,00:20,Mumbai,Known,4,Electronics,410,0
TXN005002,1314.33,18:55,Pune,Known,3,Electronics,608,0
TXN005003,866.14,21:28,Noida,Known,3,Food,10,0
TXN005004,2822.7,23:59,Delhi,Known,4,Shopping,846,0
TXN005005,2302.89,15:09,Kanpur,New,6,Travel,224,0
TXN005006,338.78,07:07,Jaipur,Known,3,Electronics,338,0
TXN005007,317.81,03:33,Pune,New,3,Electronics,380,1
TXN005008,2811.46,22:40,Jhansi,Known,3,Shopping,851,0
TXN005009,764.71,09:58,Mumbai,Known,2,Fuel,1164,0
TXN005010,2471.76,08:27,Lucknow,Known,5,Entertainment,273,0
TXN005011,4086.81,17:12,Delhi,Known,6,Bills,1205,0
TXN005012,473.92,17:32,Pune,Known,4,Shopping,227,0
TXN005013,408.88,19:18,Noida,Known,5,Shopping,394,0
TXN005014,10443.08,21:10,Jaipur,New,5,Bills,1076,0
TXN005015,2603.71,21:05,Delhi,Known,5,Food,10,0
TXN005016,1159.03,04:43,Jaipur,Known,7,Food,468,0
TXN005017,675.13,04:38,Jaipur,Known,2,Shopping,310,0
TXN005018,1053.19,04:09,Noida,Known,4,Travel,507,0
TXN005019,515.66,15:33,Pune,Known,5,Food,411,0
TXN005020,4551.1,13:53,Lucknow,Known,3,Food,10,0
TXN005021,796.28,20:49,Mumbai,Known,5,Shopping,955,0
TXN005022,5674.59,20:27,Delhi,Known,5,Travel,845,0
TXN005023,1181.9,19:03,Delhi,Known,5,Fuel,1075,0
TXN005024,601.86,01:38,Delhi,Known,3,Entertainment,528,0
TXN005025,1150.47,16:30,Noida,Known,4,Food,660,0
TXN005026,114.45,20:55,Mumbai,Known,3,Fuel,1074,0
TXN005027,1585.63,23:33,Delhi,Known,3,Shopping,794,0
TXN005028,1505.55,08:44,Delhi,New,6,Travel,1080,0
TXN005029,4279.2,18:31,Noida,Known,4,Shopping,1050,0
TXN005030,248.37,09:32,Jaipur,Known,5,Electronics,718,0
TXN005031,6096.69,03:19,Lucknow,Known,4,Electronics,740,0
TXN005032,4260.63,08:24,Noida,Known,5,Entertainment,671,0
TXN005033,6702.18,06:17,Jaipur,Known,5,Shopping,740,0
TXN005034,1703.06,21:27,Noida,Known,6,Bills,470,0
TXN005035,5219.38,04:57,Noida,Known,6,Fuel,843,0
TXN005036,384.04,03:20,Jhansi,Known,4,Travel,777,0
TXN005037,3805.65,13:27,Jaipur,Known,5,Fuel,446,0
TXN005038,800.97,13:56,Mumbai,Known,3,Shopping,862,0
TXN005039,317.85,13:09,Pune,Known,5,Fuel,1217,0
TXN005040,552.91,03:15,Lucknow,Known,4,Food,703,0
TXN005041,1810.48,11:29,Delhi,Known,1,Bills,729,0
TXN005042,757.5,22:24,Noida,Known,2,Shopping,777,0
TXN005043,2671.56,02:20,Pune,Known,1,Entertainment,10,0
TXN005044,269.59,19:46,Pune,Known,5,Electronics,547,0
TXN005045,192.88,03:29,Jaipur,Known,4,Entertainment,1672,0
TXN005046,7604.91,05:21,Noida,Known,4,Shopping,717,0
TXN005047,4649.58,21:28,Kanpur,Known,4,Shopping,323,0
TXN005048,598.11,07:53,Jaipur,Known,3,Bills,683,0
TXN005049,1794.34,12:59,Mumbai,Known,2,Bills,463,0
TXN005050,5250.22,09:14,Delhi,Known,3,Electronics,771,0
TXN005051,2795.32,14:02,Lucknow,Known,3,Food,776,0
TXN005052,2103.12,09:01,Jhansi,Known,4,Shopping,673,0
TXN005053,5684.25,10:26,Noida,Known,3,Bills,1074,0
TXN005054,835.72,19:37,Pune,New,2,Electronics,191,1
TXN005055,1859.9,13:03,Delhi,Known,6,Fuel,838,0
TXN005056,1766.58,13:30,Pune,Known,5,Shopping,1138,0
TXN005057,1351.73,19:23,Jhansi,Known,4,Food,583,0
TXN005058,1195.41,10:55,Jaipur,Known,6,Fuel,1041,0
TXN005059,1943.13,19:36,Lucknow,New,3,Shopping,603,0
TXN005060,1866.22,17:25,Jhansi,Known,4,Electronics,241,0
TXN005061,598.66,21:35,Noida,New,3,Entertainment,10,0
TXN005062,4177.33,10:08,Kanpur,Known,2,Shopping,466,0
TXN005063,645.7,13:28,Delhi,Known,4,Shopping,567,0
TXN005064,1431.38,03:19,Delhi,Known,6,Food,1621,0
TXN005065,1320.15,02:10,Delhi,New,2,Food,719,0
TXN005066,2621.63,02:23,Kanpur,Known,4,Shopping,463,0
TXN005067,194.51,15:38,Jhansi,Known,7,Food,923,0
TXN005068,4587.07,07:34,Kanpur,Known,1,Shopping,536,0
TXN005069,884.22,06:57,Noida,Known,5,Bills,1133,0
TXN005070,6480.18,14:16,Delhi,Known,6,Food,1347,0
TXN005071,1089.49,09:41,Delhi,Known,2,Fuel,767,0
TXN005072,1710.01,03:33,Noida,Known,6,Shopping,10,0
TXN005073,13426.92,13:52,Pune,Known,4,Shopping,657,0
TXN005074,1345.25,13:54,Noida,Known,6,Electronics,632,0
TXN005075,6609.97,03:42,Noida,Known,4,Shopping,1387,0
TXN005076,1875.33,06:25,Jaipur,Known,3,Food,887,0
TXN005077,2784.24,05:32,Jaipur,Known,2,Bills,535,0
TXN005078,1937.2,16:39,Jhansi,Known,5,Food,1287,0
TXN005079,4384.3,05:48,Mumbai,Known,9,Fuel,650,0
TXN005080,876.32,00:13,Delhi,Known,3,Bills,646,0
TXN005081,640.53,06:52,Jhansi,Known,6,Food,489,0
TXN005082,920.61,11:48,Lucknow,Known,6,Food,1187,0
TXN005083,1998.67,18:05,Delhi,Known,7,Entertainment,474,0
TXN005084,1427.5,01:16,Mumbai,Known,4,Food,972,0
TXN005085,3794.59,21:14,Jaipur,New,6,Electronics,868,0
TXN005086,7083.41,07:34,Delhi,Known,4,Food,728,0
TXN005087,646.07,08:12,Pune,Known,3,Electronics,1083,0
TXN005088,832.89,00:18,Jaipur,New,5,Food,1347,0
TXN005089,398.41,06:11,Noida,New,2,Entertainment,182,0
TXN005090,15175.44,11:04,Delhi,Known,7,Shopping,631,0
TXN005091,2478.59,15:27,Pune,Known,2,Bills,597,0
TXN005092,2978.97,18:19,Jhansi,Known,5,Shopping,744,0
TXN005093,440.68,12:30,Mumbai,Known,3,Travel,456,0
TXN005094,1797.79,02:12,Jhansi,Known,5,Fuel,268,0
TXN005095,3072.52,09:17,Delhi,Known,2,Fuel,654,0
TXN005096,1380.42,17:53,Noida,Known,1,Bills,1127,0
TXN005097,5569.35,15:48,Jaipur,Known,7,Shopping,615,0
TXN005098,20393.36,14:15,Kanpur,Known,7,Electronics,874,0
TXN005099,665.89,12:09,Jaipur,Known,2,Bills,1343,0
TXN005100,615.45,12:58,Lucknow,New,3,Shopping,769,0
TXN005101,716.16,23:40,Pune,Known,8,Food,1115,0
TXN005102,9721.07,14:29,Noida,New,4,Shopping,1154,0
TXN005103,5377.69,14:41,Delhi,Known,2,Shopping,1221,0
TXN005104,1561.24,08:13,Jaipur,Known,3,Food,1574,0
TXN005105,1870.44,11:25,Jaipur,Known,5,Food,646,0
TXN005106,763.7,17:23,Lucknow,Known,1,Food,1083,0
TXN005107,4582.82,20:43,Pune,Known,3,Shopping,791,0
TXN005108,1207.91,18:11,Mumbai,Known,3,Entertainment,909,0
TXN005109,1369.86,15:29,Delhi,Known,4,Travel,872,0
TXN005110,3411.04,18:50,Mumbai,Known,3,Shopping,1201,0
TXN005111,1477.56,00:11,Kanpur,Known,4,Bills,486,0
TXN005112,1406.46,06:07,Delhi,Known,5,Travel,865,0
TXN005113,1820.1,05:49,Delhi,New,5,Food,166,0
TXN005114,4149.18,15:52,Jaipur,Known,1,Fuel,365,0
TXN005115,10141.18,18:25,Kanpur,Known,9,Entertainment,457,0
TXN005116,3328.58,03:02,Pune,Known,6,Food,948,0
TXN005117,4184.0,04:32,Mumbai,Known,3,Entertainment,876,0
TXN005118,1459.28,11:17,Delhi,Known,5,Electronics,1288,0
TXN005119,856.07,23:35,Pune,Known,3,Electronics,1114,0
TXN005120,3576.81,00:08,Lucknow,New,2,Food,693,0
TXN005121,2154.57,21:48,Lucknow,Known,2,Shopping,1965,0
TXN005122,404.15,04:41,Jaipur,Known,7,Shopping,779,0
TXN005123,1275.47,06:38,Mumbai,Known,5,Entertainment,112,0
TXN005124,1649.95,15:30,Kanpur,New,4,Fuel,168,0
TXN005125,1053.17,17:13,Jhansi,Known,3,Entertainment,992,0
TXN005126,8530.17,20:56,Delhi,Known,3,Fuel,43,0
TXN005127,2979.09,00:15,Noida,Known,2,Bills,776,0
TXN005128,7611.2,01:21,Lucknow,Known,6,Food,559,0
TXN005129,2373.54,11:55,Delhi,Known,4,Bills,1501,0
TXN005130,1960.59,13:02,Lucknow,Known,3,Bills,209,0
TXN005131,673.25,06:07,Kanpur,Known,1,Travel,1118,0
TXN005132,1822.69,15:45,Jhansi,Known,5,Fuel,553,0
TXN005133,1824.84,06:22,Jaipur,Known,3,Bills,515,0
TXN005134,428.41,22:34,Noida,Known,4,Food,1339,0
TXN005135,1021.51,04:34,Lucknow,Known,5,Shopping,483,0
TXN005136,1281.9,15:49,Jaipur,New,4,Entertainment,322,0
TXN005137,2778.58,12:37,Pune,Known,5,Shopping,502,0
TXN005138,2921.81,02:25,Delhi,Known,5,Food,276,0
TXN005139,977.66,14:32,Delhi,Known,4,Fuel,57,0
TXN005140,2944.97,03:44,Mumbai,Known,6,Shopping,372,0
TXN005141,1486.77,12:22,Delhi,Known,1,Bills,23,0
TXN005142,88.45,15:10,Kanpur,Known,3,Travel,337,0
TXN005143,1082.04,01:29,Lucknow,New,2,Entertainment,326,1
TXN005144,5588.58,05:59,Jaipur,Known,3,Fuel,804,0
TXN005145,307.86,07:06,Kanpur,Known,4,Fuel,156,0
TXN005146,2026.1,22:10,Mumbai,Known,4,Electronics,949,0
TXN005147,9509.69,05:59,Jaipur,Known,4,Food,10,0
TXN005148,809.89,22:49,Kanpur,Known,4,Food,309,0
TXN005149,1804.07,12:07,Delhi,Known,4,Fuel,609,0
TXN005150,457.75,22:12,Delhi,New,8,Bills,530,0
TXN005151,9938.13,19:41,Noida,New,4,Food,723,0
TXN005152,1649.2,07:46,Kanpur,Known,4,Travel,134,0
TXN005153,1890.32,13:44,Jhansi,Known,3,Shopping,1498,0
TXN005154,7461.84,17:51,Pune,Known,5,Fuel,1380,0
TXN005155,3605.06,01:30,Noida,Known,2,Bills,10,0
TXN005156,717.76,15:52,Pune,Known,4,Electronics,953,0
TXN005157,912.24,11:35,Noida,Known,2,Fuel,551,0
TXN005158,3026.67,00:28,Noida,Known,4,Shopping,647,0
TXN005159,934.69,20:38,Delhi,Known,2,Travel,656,0
TXN005160,194.89,06:25,Kanpur,Known,3,Fuel,363,0
TXN005161,1702.14,20:36,Lucknow,New,5,Food,649,0
TXN005162,380.44,04:50,Kanpur,Known,6,Food,1339,0
TXN005163,9824.53,12:57,Lucknow,Known,1,Fuel,1463,0
TXN005164,2167.15,08:34,Jhansi,Known,5,Bills,648,0
TXN005165,695.83,21:00,Lucknow,Known,2,Fuel,15,0
TXN005166,864.35,22:37,Kanpur,Known,5,Food,590,0
TXN005167,247.57,18:15,Lucknow,Known,2,Electronics,567,0
TXN005168,567.42,20:14,Jaipur,Known,2,Shopping,1301,0
TXN005169,5232.69,18:52,Lucknow,Known,3,Entertainment,190,0
TXN005170,18749.41,07:26,Noida,Known,6,Fuel,10,0
TXN005171,3859.37,22:47,Jhansi,New,5,Electronics,399,0
TXN005172,1634.18,12:22,Lucknow,Known,3,Shopping,971,0
TXN005173,1143.66,08:36,Pune,Known,6,Shopping,300,0
TXN005174,659.33,04:39,Jaipur,New,3,Food,588,0
TXN005175,15651.09,17:53,Noida,Known,3,Fuel,1006,0
TXN005176,1476.39,06:11,Jaipur,Known,3,Travel,45,0
TXN005177,16596.6,15:33,Lucknow,Known,5,Food,647,0
TXN005178,7775.53,01:24,Jaipur,Known,4,Shopping,792,0
TXN005179,289.37,15:27,Pune,Known,4,Bills,962,0
TXN005180,894.52,15:50,Noida,Known,5,Food,517,0
TXN005181,891.62,12:08,Pune,Known,2,Bills,1338,0
TXN005182,1655.24,15:32,Noida,Known,8,Electronics,485,0
TXN005183,1689.54,23:23,Kanpur,Known,4,Food,1030,0
TXN005184,41839.37,20:53,Kanpur,Known,4,Entertainment,1163,0
TXN005185,580.83,10:12,Lucknow,New,7,Food,10,0
TXN005186,2289.21,20:13,Noida,New,5,Food,1338,0
TXN005187,3438.79,22:05,Mumbai,Known,2,Travel,234,0
TXN005188,1797.03,03:26,Noida,Known,3,Food,507,0
TXN005189,2020.77,08:00,Kanpur,Known,4,Food,1150,0
TXN005190,600.94,17:30,Lucknow,Known,5,Fuel,508,0
TXN005191,2012.94,12:13,Delhi,Known,7,Food,655,0
TXN005192,3079.46,03:24,Mumbai,Known,4,Entertainment,1080,0
TXN005193,2538.99,11:36,Jhansi,Known,4,Bills,762,0
TXN005194,3275.59,08:41,Lucknow,Known,2,Bills,268,0
TXN005195,7932.95,17:03,Delhi,Known,6,Fuel,1192,0
TXN005196,4814.35,12:08,Mumbai,New,3,Travel,836,0
TXN005197,1939.92,03:19,Lucknow,Known,3,Fuel,35,0
TXN005198,525.94,01:31,Mumbai,Known,2,Travel,642,1
TXN005199,958.66,06:53,Mumbai,Known,7,Bills,833,0
TXN005200,1429.28,03:08,Noida,Known,4,Food,523,0
TXN005201,2346.09,21:04,Noida,Known,3,Food,10,0
TXN005202,1089.3,06:37,Jaipur,Known,2,Fuel,110,0
TXN005203,673.86,15:58,Delhi,Known,4,Food,410,0
TXN005204,516.94,03:49,Mumbai,Known,2,Entertainment,842,0
TXN005205,317.92,10:33,Delhi,New,3,Food,1179,0
TXN005206,1406.48,22:01,Jhansi,Known,5,Fuel,101,0
TXN005207,384.67,15:34,Delhi,New,5,Bills,446,0
TXN005208,629.54,06:27,Mumbai,Known,4,Shopping,10,0
TXN005209,1190.28,17:26,Jhansi,New,2,Fuel,675,0
TXN005210,442.67,12:29,Lucknow,Known,4,Entertainment,1323,0
TXN005211,2681.9,05:33,Kanpur,Known,1,Entertainment,1119,0
TXN005212,3915.8,23:43,Jhansi,Known,8,Food,575,0
TXN005213,1010.95,22:11,Pune,Known,5,Food,548,0
TXN005214,1137.59,13:04,Lucknow,Known,7,Shopping,536,0
TXN005215,3164.79,00:03,Mumbai,Known,5,Food,563,0
TXN005216,850.52,09:24,Kanpur,Known,8,Food,698,0
TXN005217,791.3,12:30,Delhi,Known,2,Shopping,535,0
TXN005218,6322.47,22:47,Delhi,Known,7,Food,684,0
TXN005219,4554.81,17:26,Lucknow,Known,4,Food,214,0
TXN005220,3385.2,05:31,Mumbai,New,4,Entertainment,875,0
TXN005221,4757.46,12:58,Delhi,Known,4,Fuel,948,0
TXN005222,225.74,04:44,Noida,Known,7,Shopping,1731,0
TXN005223,7458.2,11:41,Pune,Known,6,Food,896,0
TXN005224,2716.79,12:21,Delhi,Known,4,Electronics,624,0
TXN005225,5202.33,12:09,Kanpur,Known,2,Travel,1363,0
TXN005226,2702.85,10:55,Jaipur,Known,3,Shopping,1279,0
TXN005227,1894.88,10:33,Mumbai,Known,5,Travel,390,0
TXN005228,1348.12,19:04,Noida,Known,5,Electronics,1421,0
TXN005229,2646.63,12:28,Delhi,Known,4,Fuel,834,0
TXN005230,1297.52,01:05,Jaipur,Known,2,Shopping,104,0
TXN005231,4477.46,17:58,Delhi,Known,4,Electronics,389,0
TXN005232,340.28,14:31,Mumbai,Known,3,Food,434,0
TXN005233,1019.32,16:47,Jaipur,Known,1,Food,1319,0
TXN005234,15407.45,17:28,Noida,Known,4,Electronics,771,0
TXN005235,932.77,04:01,Mumbai,Known,5,Travel,739,0
TXN005236,1400.98,23:38,Pune,Known,6,Bills,672,0
TXN005237,712.54,23:39,Pune,Known,4,Food,1529,0
TXN005238,2561.07,03:13,Kanpur,Known,4,Fuel,610,0
TXN005239,830.86,05:42,Delhi,Known,6,Electronics,523,0
TXN005240,1481.26,05:13,Mumbai,Known,5,Food,1196,0
TXN005241,4388.98,23:41,Jaipur,Known,4,Food,767,0
TXN005242,864.23,22:44,Delhi,Known,3,Travel,1290,0
TXN005243,4119.9,06:08,Mumbai,Known,6,Fuel,523,0
TXN005244,4267.92,15:17,Delhi,Known,3,Bills,772,0
TXN005245,5449.32,05:09,Delhi,Known,8,Shopping,1452,0
TXN005246,2086.22,00:43,Kanpur,Known,7,Bills,489,0
TXN005247,54114.85,05:14,Lucknow,New,7,Food,1107,1
TXN005248,5446.9,01:38,Delhi,New,3,Fuel,47,0
TXN005249,2531.74,20:25,Delhi,Known,4,Food,1007,0
TXN005250,717.53,18:04,Delhi,Known,5,Fuel,423,0
TXN005251,1625.6,04:52,Delhi,Known,6,Shopping,1069,0
TXN005252,8048.05,13:42,Delhi,Known,7,Shopping,225,0
TXN005253,10835.18,04:15,Noida,Known,4,Fuel,1126,0
TXN005254,8499.71,13:52,Delhi,New,3,Travel,668,0
TXN005255,4105.13,21:42,Mumbai,Known,5,Food,866,0
TXN005256,481.59,21:48,Kanpur,Known,2,Travel,745,0
TXN005257,3002.08,19:10,Noida,Known,2,Travel,649,0
TXN005258,488.86,05:00,Noida,Known,2,Fuel,415,0
TXN005259,377.55,04:03,Jaipur,Known,4,Bills,288,0
TXN005260,2313.83,03:32,Mumbai,New,4,Food,985,0
TXN005261,3117.86,03:47,Delhi,Known,4,Fuel,215,0
TXN005262,4647.51,14:54,Delhi,Known,2,Shopping,626,0
TXN005263,3033.69,15:57,Delhi,Known,1,Shopping,266,0
TXN005264,3145.43,21:35,Jaipur,Known,1,Fuel,546,0
TXN005265,640.12,02:37,Kanpur,Known,3,Electronics,10,0
TXN005266,1612.14,06:17,Pune,Known,5,Bills,1186,0
TXN005267,369.84,17:00,Jaipur,Known,6,Shopping,993,0
TXN005268,219.64,16:11,Pune,New,6,Food,670,0
TXN005269,3917.53,10:03,Lucknow,Known,2,Electronics,768,0
TXN005270,816.28,03:41,Pune,Known,4,Bills,1186,0
TXN005271,4499.25,11:30,Lucknow,Known,1,Electronics,466,0
TXN005272,5763.54,04:46,Delhi,Known,7,Electronics,1242,0
TXN005273,939.42,12:08,Kanpur,Known,6,Fuel,395,0
TXN005274,3345.49,21:54,Jaipur,Known,3,Travel,675,0
TXN005275,899.04,04:43,Pune,New,2,Fuel,108,0
TXN005276,259.14,02:54,Lucknow,Known,5,Bills,1270,0
TXN005277,2048.81,17:38,Pune,Known,7,Entertainment,572,0
TXN005278,1097.87,00:20,Kanpur,Known,2,Shopping,835,0
TXN005279,1133.93,23:37,Noida,Known,2,Travel,369,0
TXN005280,14323.43,18:36,Mumbai,New,4,Travel,606,0
TXN005281,362.63,09:10,Mumbai,Known,3,Shopping,269,0
TXN005282,2690.7,08:06,Mumbai,Known,3,Entertainment,336,0
TXN005283,633.33,09:39,Pune,Known,4,Bills,10,0
TXN005284,4671.41,09:05,Jaipur,Known,4,Shopping,580,0
TXN005285,2462.41,20:06,Mumbai,New,5,Entertainment,390,0
TXN005286,2680.75,19:04,Delhi,Known,3,Shopping,1616,0
TXN005287,667.41,04:37,Delhi,Known,4,Shopping,213,0
TXN005288,805.67,04:55,Noida,Known,2,Food,392,0
TXN005289,4765.49,12:29,Kanpur,New,9,Food,1002,0
TXN005290,11555.07,15:09,Kanpur,Known,2,Food,264,0
TXN005291,2980.56,17:30,Delhi,Known,6,Entertainment,619,0
TXN005292,701.52,07:28,Delhi,Known,5,Bills,977,0
TXN005293,2569.4,11:35,Jaipur,Known,2,Fuel,946,0
TXN005294,23026.19,02:25,Kanpur,Known,3,Shopping,691,0
TXN005295,2004.37,10:31,Mumbai,Known,4,Bills,631,0
TXN005296,8353.83,16:19,Mumbai,Known,4,Electronics,1075,0
TXN005297,827.32,07:54,Mumbai,New,6,Entertainment,1180,0
TXN005298,1722.19,07:32,Delhi,Known,4,Food,697,0
TXN005299,3449.85,11:18,Delhi,New,9,Food,884,0
TXN005300,2731.86,20:00,Noida,Known,3,Shopping,449,0
TXN005301,804.99,14:40,Mumbai,Known,3,Bills,1148,0
TXN005302,769.35,22:22,Lucknow,Known,7,Fuel,992,0
TXN005303,5080.88,01:14,Kanpur,Known,7,Shopping,531,0
TXN005304,6289.71,20:28,Mumbai,Known,6,Food,446,0
TXN005305,8806.92,01:29,Kanpur,Known,4,Travel,1425,0
TXN005306,11964.14,07:48,Pune,Known,4,Travel,454,0
TXN005307,2073.29,10:32,Mumbai,Known,1,Food,578,0
TXN005308,1298.26,05:42,Pune,Known,5,Bills,141,0
TXN005309,7435.96,23:38,Mumbai,Known,2,Bills,1097,0
TXN005310,3805.74,21:50,Mumbai,Known,4,Electronics,450,0
TXN005311,641.6,13:00,Delhi,Known,3,Food,677,0
TXN005312,608.03,10:22,Noida,Known,4,Travel,640,0
TXN005313,3017.15,18:42,Lucknow,Known,3,Fuel,1663,0
TXN005314,1494.29,16:08,Noida,Known,5,Entertainment,1422,0
TXN005315,1750.73,11:26,Delhi,Known,4,Shopping,808,0
TXN005316,5550.83,19:24,Jhansi,Known,5,Bills,401,0
TXN005317,3993.93,04:48,Delhi,Known,5,Electronics,728,0
TXN005318,7272.89,06:57,Mumbai,Known,3,Food,647,0
TXN005319,236.85,00:06,Jhansi,New,4,Bills,1344,0
TXN005320,2348.68,02:12,Delhi,Known,2,Travel,1758,0
TXN005321,3732.99,04:46,Lucknow,New,3,Food,816,0
TXN005322,362.36,14:10,Kanpur,Known,4,Fuel,1014,0
TXN005323,904.97,20:29,Noida,New,3,Travel,1503,0
TXN005324,744.74,14:56,Noida,New,4,Shopping,901,0
TXN005325,1841.48,10:58,Delhi,Known,6,Food,342,0
TXN005326,9944.64,06:56,Delhi,New,3,Bills,636,0
TXN005327,15051.92,02:08,Lucknow,Known,6,Entertainment,681,0
TXN005328,765.51,14:08,Mumbai,Known,5,Entertainment,379,0
TXN005329,3128.87,03:10,Mumbai,Known,2,Fuel,704,0
TXN005330,3236.6,18:46,Lucknow,Known,4,Food,46,0
TXN005331,2704.17,09:10,Lucknow,Known,4,Fuel,10,0
TXN005332,2736.6,08:25,Kanpur,Known,2,Bills,661,0
TXN005333,2476.18,00:49,Delhi,Known,6,Entertainment,594,0
TXN005334,10588.15,05:29,Mumbai,Known,3,Travel,1438,0
TXN005335,5728.06,00:56,Mumbai,Known,3,Shopping,489,0
TXN005336,591.33,17:29,Mumbai,New,2,Electronics,819,0
TXN005337,4150.77,11:22,Pune,Known,3,Travel,515,1
TXN005338,4594.13,18:58,Mumbai,Known,2,Bills,10,0
TXN005339,2505.54,13:32,Delhi,New,7,Entertainment,672,0
TXN005340,5904.9,22:11,Pune,Known,7,Shopping,788,0
TXN005341,2192.99,18:38,Lucknow,Known,2,Shopping,465,0
TXN005342,2221.71,03:46,Mumbai,Known,6,Bills,612,0
TXN005343,2044.37,02:50,Noida,Known,3,Electronics,1093,0
TXN005344,216.24,21:00,Jhansi,Known,8,Shopping,582,0
TXN005345,1654.28,06:06,Jaipur,Known,2,Food,1233,0
TXN005346,892.37,18:37,Pune,New,1,Food,789,0
TXN005347,517.89,15:44,Noida,Known,3,Shopping,1142,0
TXN005348,8113.31,16:39,Delhi,New,5,Food,1364,0
TXN005349,3056.3,06:22,Kanpur,Known,5,Entertainment,320,0
TXN005350,1744.49,07:45,Delhi,Known,2,Travel,1151,0
TXN005351,994.76,13:34,Kanpur,Known,3,Bills,1254,0
TXN005352,2456.57,00:55,Jaipur,New,4,Electronics,1150,0
TXN005353,5097.73,07:22,Delhi,Known,2,Entertainment,587,0
TXN005354,755.39,12:45,Pune,Known,2,Electronics,10,0
TXN005355,1790.9,04:08,Kanpur,New,4,Shopping,1729,0
TXN005356,4478.36,06:43,Delhi,Known,2,Fuel,40,0
TXN005357,235.74,23:43,Pune,Known,4,Travel,1538,0
TXN005358,1694.42,06:15,Kanpur,Known,2,Shopping,210,0
TXN005359,1146.86,21:03,Lucknow,Known,4,Food,172,0
TXN005360,1564.03,22:59,Kanpur,Known,5,Food,733,0
TXN005361,1062.98,16:04,Delhi,Known,6,Shopping,672,0
TXN005362,2079.84,03:28,Delhi,Known,3,Food,1617,0
TXN005363,13566.39,04:00,Noida,Known,4,Electronics,425,0
TXN005364,1281.03,22:25,Pune,New,2,Shopping,1085,0
TXN005365,2445.09,00:49,Noida,Known,4,Fuel,914,0
TXN005366,14618.24,12:30,Pune,Known,5,Electronics,328,0
TXN005367,1010.32,14:14,Pune,Known,5,Food,935,0
TXN005368,12099.88,20:23,Delhi,Known,5,Electronics,668,0
TXN005369,1810.09,21:05,Noida,Known,4,Fuel,1197,0
TXN005370,11690.51,06:35,Noida,Known,4,Travel,611,0
TXN005371,3957.05,12:00,Lucknow,Known,5,Electronics,1326,0
TXN005372,2484.94,15:20,Lucknow,New,2,Shopping,859,0
TXN005373,1680.14,23:03,Noida,Known,5,Fuel,195,0
TXN005374,934.77,13:14,Jaipur,Known,4,Fuel,10,0
TXN005375,1949.1,02:04,Jaipur,Known,3,Fuel,1471,0
TXN005376,4618.25,22:55,Kanpur,Known,6,Travel,679,0
TXN005377,1775.39,12:46,Pune,Known,4,Shopping,676,0
TXN005378,1290.89,04:55,Kanpur,Known,4,Fuel,808,0
TXN005379,1383.29,04:40,Pune,Known,4,Bills,686,0
TXN005380,5103.3,04:29,Jhansi,Known,5,Food,751,0
TXN005381,6515.64,17:10,Jaipur,New,2,Entertainment,17,0
TXN005382,893.4,22:57,Jaipur,Known,4,Shopping,1095,0
TXN005383,892.05,10:55,Mumbai,Known,1,Food,775,0
TXN005384,2680.8,02:24,Jaipur,Known,4,Fuel,997,0
TXN005385,8950.37,21:13,Noida,Known,2,Electronics,470,0
TXN005386,5995.9,15:23,Mumbai,Known,4,Entertainment,699,0
TXN005387,483.52,13:23,Delhi,Known,3,Shopping,100,0
TXN005388,1364.12,01:55,Noida,New,3,Fuel,1170,0
TXN005389,677.5,23:04,Mumbai,Known,2,Food,652,0
TXN005390,1359.2,01:37,Mumbai,New,3,Shopping,10,0
TXN005391,9702.83,14:46,Kanpur,Known,5,Fuel,552,0
TXN005392,404.16,14:45,Delhi,Known,4,Food,863,0
TXN005393,328.89,12:11,Lucknow,Known,3,Travel,1322,0
TXN005394,754.13,13:24,Pune,Known,6,Entertainment,88,0
TXN005395,2433.82,09:20,Delhi,Known,3,Shopping,1251,0
TXN005396,3454.16,13:24,Jhansi,Known,4,Travel,1001,0
TXN005397,2849.4,08:05,Delhi,New,3,Fuel,513,0
TXN005398,6185.8,11:04,Pune,New,5,Bills,1078,0
TXN005399,282.68,16:01,Lucknow,Known,1,Food,834,0
TXN005400,6268.52,17:58,Pune,New,2,Fuel,469,0
TXN005401,1297.04,03:25,Noida,New,3,Travel,1167,1
TXN005402,3880.08,23:13,Pune,Known,5,Travel,1288,0
TXN005403,448.52,02:47,Kanpur,Known,7,Fuel,110,0
TXN005404,1809.39,06:29,Kanpur,Known,1,Bills,854,0
TXN005405,2306.82,08:21,Delhi,Known,3,Fuel,635,0
TXN005406,6057.67,07:06,Kanpur,Known,4,Food,899,0
TXN005407,340.71,08:23,Kanpur,New,3,Electronics,563,0
TXN005408,1859.07,07:38,Jhansi,New,3,Fuel,1337,0
TXN005409,575.96,10:37,Delhi,New,7,Food,10,0
TXN005410,3060.44,18:23,Kanpur,Known,1,Shopping,776,0
TXN005411,4070.9,19:36,Lucknow,Known,2,Food,478,0
TXN005412,6953.99,08:46,Jhansi,Known,4,Shopping,601,0
TXN005413,1026.35,06:55,Noida,Known,4,Bills,10,0
TXN005414,4765.37,16:31,Lucknow,Known,5,Bills,1235,0
TXN005415,7513.74,01:13,Kanpur,New,2,Fuel,110,0
TXN005416,320.58,10:07,Lucknow,Known,5,Food,890,0
TXN005417,3423.79,05:09,Noida,Known,2,Fuel,466,0
TXN005418,4924.5,14:00,Pune,Known,3,Fuel,583,0
TXN005419,1371.8,01:33,Mumbai,Known,3,Food,946,0
TXN005420,504.83,19:12,Mumbai,Known,2,Travel,1219,0
TXN005421,4844.72,06:13,Noida,Known,4,Electronics,142,0
TXN005422,510.84,12:43,Noida,New,3,Fuel,526,0
TXN005423,1492.6,13:19,Delhi,Known,4,Fuel,816,0
TXN005424,1725.74,11:49,Lucknow,Known,5,Food,681,0
TXN005425,3815.61,10:08,Mumbai,New,2,Shopping,1056,0
TXN005426,932.23,06:20,Noida,Known,4,Bills,1332,0
TXN005427,877.19,18:03,Delhi,Known,2,Electronics,419,0
TXN005428,1997.0,12:32,Noida,New,6,Bills,348,0
TXN005429,5178.4,05:07,Noida,Known,4,Shopping,931,0
TXN005430,19877.91,06:14,Pune,Known,6,Entertainment,200,0
TXN005431,369.7,10:44,Jaipur,Known,2,Electronics,899,0
TXN005432,2506.52,20:52,Kanpur,Known,2,Electronics,677,0
TXN005433,575.18,23:32,Noida,Known,6,Shopping,630,0
TXN005434,5246.38,09:57,Noida,Known,6,Bills,997,0
TXN005435,671.87,09:45,Pune,Known,7,Fuel,495,0
TXN005436,886.39,03:45,Kanpur,Known,5,Bills,2079,0
TXN005437,969.53,13:59,Delhi,Known,7,Electronics,575,0
TXN005438,1661.59,05:05,Jaipur,Known,2,Bills,387,0
TXN005439,2527.28,19:13,Delhi,Known,5,Electronics,1654,0
TXN005440,2991.2,12:26,Jaipur,Known,4,Shopping,688,0
TXN005441,1789.13,05:37,Mumbai,New,7,Entertainment,252,0
TXN005442,445.48,21:59,Kanpur,Known,5,Shopping,630,0
TXN005443,3865.0,19:05,Jaipur,Known,3,Food,1466,0
TXN005444,1702.64,07:13,Noida,Known,7,Travel,806,0
TXN005445,6095.85,02:17,Jhansi,Known,5,Bills,313,0
TXN005446,856.12,06:40,Mumbai,Known,1,Food,1100,0
TXN005447,334.67,09:57,Mumbai,Known,3,Bills,965,0
TXN005448,1736.83,09:56,Delhi,Known,9,Entertainment,953,0
TXN005449,7018.41,19:44,Jhansi,Known,5,Electronics,11,0
TXN005450,2131.39,23:46,Lucknow,Known,5,Entertainment,256,0
TXN005451,1459.56,17:24,Mumbai,Known,1,Food,49,0
TXN005452,721.75,20:36,Lucknow,Known,5,Travel,556,0
TXN005453,11398.04,03:10,Jaipur,Known,3,Bills,1313,0
TXN005454,610.61,03:30,Pune,Known,6,Electronics,10,0
TXN005455,840.4,21:17,Lucknow,Known,6,Bills,198,0
TXN005456,3275.02,14:55,Jaipur,New,5,Fuel,10,0
TXN005457,256.4,05:22,Kanpur,Known,4,Shopping,1028,0
TXN005458,6862.74,19:23,Lucknow,Known,2,Entertainment,1484,0
TXN005459,3466.65,04:24,Lucknow,Known,3,Shopping,806,0
TXN005460,4627.33,18:54,Pune,Known,5,Food,898,0
TXN005461,3234.29,21:55,Mumbai,Known,1,Shopping,683,0
TXN005462,1519.84,11:25,Mumbai,New,3,Bills,622,0
TXN005463,589.48,15:59,Jaipur,Known,3,Fuel,992,0
TXN005464,1553.81,17:45,Noida,Known,1,Fuel,315,0
TXN005465,646.48,21:50,Noida,Known,2,Food,967,0
TXN005466,2998.91,14:54,Noida,Known,1,Bills,566,0
TXN005467,4199.25,07:19,Noida,Known,4,Travel,681,0
TXN005468,8486.15,04:33,Delhi,New,6,Food,462,0
TXN005469,2659.51,08:17,Noida,Known,4,Electronics,10,0
TXN005470,4752.12,01:18,Mumbai,Known,6,Shopping,1010,0
TXN005471,1317.56,16:27,Delhi,New,4,Fuel,647,0
TXN005472,1089.37,08:03,Jaipur,Known,4,Shopping,669,0
TXN005473,2959.86,17:12,Delhi,Known,1,Fuel,1494,0
TXN005474,1199.6,01:48,Delhi,Known,1,Entertainment,756,0
TXN005475,2387.94,07:09,Mumbai,Known,5,Electronics,383,0
TXN005476,590.69,09:37,Pune,Known,5,Bills,47,0
TXN005477,713.25,02:45,Jaipur,Known,5,Shopping,561,0
TXN005478,3507.72,19:15,Delhi,Known,3,Shopping,868,0
TXN005479,4566.79,14:27,Lucknow,Known,3,Food,87,0
TXN005480,639.45,20:52,Noida,Known,8,Fuel,1149,0
TXN005481,3639.81,19:50,Jhansi,Known,6,Fuel,527,0
TXN005482,1028.82,00:55,Mumbai,Known,5,Food,623,0
TXN005483,1831.47,20:37,Mumbai,New,9,Entertainment,685,0
TXN005484,7969.15,01:53,Jhansi,Known,4,Shopping,94,0
TXN005485,4202.37,20:23,Delhi,Known,4,Fuel,471,0
TXN005486,4151.43,16:36,Noida,Known,3,Bills,864,0
TXN005487,13356.68,19:40,Mumbai,Known,2,Electronics,657,0
TXN005488,859.6,11:58,Pune,Known,7,Bills,482,0
TXN005489,639.3,03:22,Noida,Known,3,Bills,551,0
TXN005490,843.29,03:52,Jhansi,New,3,Shopping,923,0
TXN005491,1377.9,02:30,Noida,Known,5,Electronics,1281,0
TXN005492,151.91,19:06,Delhi,Known,3,Fuel,616,0
TXN005493,1447.72,12:39,Mumbai,Known,4,Bills,319,0
TXN005494,1016.12,05:58,Kanpur,Known,4,Entertainment,1723,0
TXN005495,4098.96,02:27,Noida,Known,4,Food,1119,0
TXN005496,2606.03,01:32,Pune,Known,2,Fuel,642,0
TXN005497,957.96,06:55,Lucknow,Known,7,Entertainment,440,0
TXN005498,3344.26,17:55,Pune,Known,3,Shopping,1414,0
TXN005499,3846.69,21:24,Mumbai,Known,6,Electronics,336,0
TXN005500,803.17,14:45,Delhi,Known,4,Fuel,699,0
TXN005501,1072.63,23:37,Mumbai,Known,3,Electronics,985,0
TXN005502,173.97,09:38,Jaipur,Known,1,Food,778,0
TXN005503,572.69,07:43,Kanpur,Known,3,Food,295,0
TXN005504,825.47,16:19,Kanpur,Known,5,Travel,527,0
TXN005505,1945.78,03:18,Noida,New,3,Entertainment,690,0
TXN005506,667.07,21:01,Delhi,Known,7,Food,204,0
TXN005507,1049.87,18:51,Delhi,Known,2,Electronics,621,0
TXN005508,497.18,00:16,Delhi,Known,7,Food,1312,0
TXN005509,2154.28,04:40,Delhi,Known,3,Bills,1454,0
TXN005510,2814.51,15:41,Lucknow,Known,3,Bills,602,0
TXN005511,2746.34,17:42,Mumbai,Known,5,Fuel,669,0
TXN005512,1823.51,05:51,Pune,Known,7,Fuel,609,0
TXN005513,356.89,17:52,Pune,Known,7,Bills,10,0
TXN005514,938.79,11:00,Jaipur,Known,2,Fuel,885,0
TXN005515,1173.65,16:50,Mumbai,Known,3,Travel,803,0
TXN005516,1178.6,10:12,Kanpur,Known,3,Fuel,1127,0
TXN005517,1947.44,10:38,Delhi,Known,6,Food,1138,0
TXN005518,8041.42,09:40,Mumbai,Known,2,Shopping,952,0
TXN005519,4222.75,03:03,Jhansi,Known,3,Fuel,957,0
TXN005520,638.2,04:17,Lucknow,New,3,Bills,257,0
TXN005521,3669.7,04:54,Noida,Known,6,Food,767,0
TXN005522,3525.79,19:08,Pune,Known,4,Shopping,102,0
TXN005523,772.14,10:13,Delhi,New,4,Electronics,532,0
TXN005524,4388.98,09:04,Jaipur,Known,6,Entertainment,1377,0
TXN005525,1521.04,20:10,Delhi,Known,6,Shopping,913,0
TXN005526,409.56,21:38,Jaipur,Known,4,Food,815,0
TXN005527,2903.01,05:50,Jhansi,Known,2,Bills,678,0
TXN005528,2260.52,08:35,Delhi,Known,5,Shopping,684,0
TXN005529,1417.26,09:17,Lucknow,Known,3,Bills,762,0
TXN005530,1730.59,20:51,Mumbai,Known,5,Food,728,0
TXN005531,845.99,16:22,Pune,Known,3,Entertainment,971,0
TXN005532,3415.84,13:18,Mumbai,Known,2,Entertainment,1547,0
TXN005533,1719.72,05:30,Pune,Known,6,Shopping,1301,0
TXN005534,2143.75,09:08,Mumbai,Known,1,Food,511,0
TXN005535,2618.98,00:21,Jaipur,Known,4,Shopping,437,0
TXN005536,535.51,16:47,Mumbai,Known,4,Shopping,475,0
TXN005537,703.84,22:36,Noida,Known,6,Bills,430,0
TXN005538,176.81,18:59,Pune,Known,1,Food,10,0
TXN005539,3256.87,07:46,Mumbai,Known,8,Food,744,0
TXN005540,504.07,11:21,Delhi,New,5,Fuel,525,0
TXN005541,2068.83,22:46,Kanpur,Known,4,Bills,686,0
TXN005542,2657.34,10:51,Noida,Known,5,Food,487,0
TXN005543,3388.06,20:37,Pune,New,3,Shopping,723,0
TXN005544,508.43,13:45,Mumbai,New,3,Travel,421,0
TXN005545,1680.96,11:30,Pune,Known,3,Shopping,430,0
TXN005546,10397.66,14:54,Jaipur,Known,7,Fuel,1537,0
TXN005547,10889.7,05:14,Noida,Known,8,Travel,184,0
TXN005548,5075.76,10:25,Delhi,Known,5,Electronics,2009,0
TXN005549,2565.5,07:15,Delhi,Known,7,Bills,128,0
TXN005550,626.52,18:06,Jaipur,Known,4,Food,349,0
TXN005551,3827.99,14:36,Noida,New,4,Food,168,0
TXN005552,1524.8,09:07,Jhansi,New,3,Food,535,0
TXN005553,3242.49,19:13,Jaipur,Known,3,Entertainment,10,0
TXN005554,926.17,10:45,Delhi,New,4,Shopping,1111,0
TXN005555,1501.11,22:14,Noida,Known,3,Shopping,352,0
TXN005556,2138.58,14:51,Jhansi,Known,7,Shopping,832,0
TXN005557,2331.19,21:02,Pune,Known,7,Fuel,1424,0
TXN005558,3022.84,23:27,Noida,Known,5,Shopping,480,0
TXN005559,979.84,07:04,Kanpur,Known,3,Travel,862,0
TXN005560,439.26,06:03,Delhi,Known,3,Food,314,0
TXN005561,9912.64,20:47,Jaipur,Known,5,Bills,1047,0
TXN005562,24569.44,05:04,Noida,Known,1,Entertainment,844,1
TXN005563,2879.39,18:53,Lucknow,Known,2,Shopping,171,0
TXN005564,448.25,04:35,Jaipur,New,4,Food,1269,0
TXN005565,799.26,20:28,Mumbai,Known,6,Shopping,653,0
TXN005566,3072.1,16:55,Lucknow,Known,3,Food,628,0
TXN005567,7359.25,12:23,Jaipur,Known,4,Bills,988,0
TXN005568,503.71,10:23,Noida,Known,4,Entertainment,1131,0
TXN005569,1579.7,15:24,Pune,New,3,Shopping,265,0
TXN005570,2211.16,09:39,Pune,Known,7,Bills,1089,0
TXN005571,4461.99,09:50,Kanpur,Known,5,Bills,716,0
TXN005572,1254.84,04:32,Mumbai,New,7,Bills,596,0
TXN005573,348.46,03:16,Pune,Known,2,Food,427,0
TXN005574,3455.77,21:53,Kanpur,Known,5,Bills,793,0
TXN005575,5863.94,17:35,Kanpur,Known,1,Electronics,106,0
TXN005576,1650.48,10:49,Kanpur,Known,4,Bills,349,0
TXN005577,2754.65,19:25,Delhi,Known,1,Shopping,10,0
TXN005578,1093.7,14:11,Delhi,Known,5,Entertainment,1050,0
TXN005579,740.61,14:56,Jhansi,Known,3,Shopping,769,0
TXN005580,5288.49,02:40,Pune,Known,6,Food,798,0
TXN005581,2703.8,12:18,Lucknow,Known,1,Food,505,0
TXN005582,3012.21,02:50,Mumbai,Known,2,Shopping,617,0
TXN005583,8714.67,16:00,Lucknow,Known,4,Electronics,619,0
TXN005584,594.64,01:55,Noida,New,7,Bills,842,0
TXN005585,1008.19,12:34,Delhi,Known,4,Food,55,0
TXN005586,2124.67,08:35,Kanpur,Known,3,Shopping,739,0
TXN005587,995.27,03:00,Noida,Known,5,Travel,890,0
TXN005588,4096.28,11:10,Lucknow,Known,4,Bills,906,0
TXN005589,1478.48,04:43,Jhansi,Known,2,Fuel,1541,0
TXN005590,634.85,05:33,Pune,Known,2,Bills,811,0
TXN005591,1928.7,21:07,Mumbai,Known,7,Bills,1065,0
TXN005592,2152.53,08:39,Delhi,Known,3,Food,1099,0
TXN005593,4802.82,09:44,Delhi,New,2,Shopping,388,0
TXN005594,2719.87,00:16,Noida,Known,2,Bills,1032,0
TXN005595,2921.19,07:41,Jaipur,Known,4,Fuel,10,0
TXN005596,2519.58,08:58,Noida,Known,5,Entertainment,358,0
TXN005597,1477.21,17:28,Jaipur,New,3,Entertainment,991,0
TXN005598,848.54,02:13,Noida,Known,6,Food,229,0
TXN005599,2437.73,22:57,Mumbai,Known,3,Travel,1157,0
TXN005600,1268.72,03:54,Mumbai,Known,3,Bills,1139,0
TXN005601,10613.22,15:27,Noida,New,7,Fuel,884,0
TXN005602,7367.5,00:25,Noida,Known,6,Food,825,0
TXN005603,3498.27,19:50,Kanpur,Known,2,Fuel,605,0
TXN005604,2678.29,16:00,Kanpur,Known,2,Electronics,781,0
TXN005605,1641.2,20:18,Lucknow,New,4,Travel,1134,1
TXN005606,478.84,22:32,Lucknow,Known,6,Bills,1189,0
TXN005607,1434.48,20:39,Jhansi,Known,6,Food,747,0
TXN005608,2002.22,14:37,Noida,Known,3,Shopping,142,0
TXN005609,2290.38,20:22,Pune,Known,8,Food,583,0
TXN005610,2947.04,02:52,Mumbai,Known,3,Travel,812,0
TXN005611,4735.95,15:38,Pune,Known,3,Food,1040,0
TXN005612,870.25,23:32,Mumbai,Known,3,Shopping,884,0
TXN005613,878.58,09:56,Mumbai,Known,3,Bills,1247,0
TXN005614,8258.03,23:05,Pune,Known,6,Food,418,0
TXN005615,4044.34,12:42,Jaipur,Known,6,Shopping,420,0
TXN005616,1194.2,11:55,Jaipur,New,2,Bills,1122,0
TXN005617,1608.36,07:39,Delhi,Known,5,Bills,320,0
TXN005618,1615.97,02:33,Mumbai,Known,4,Fuel,268,0
TXN005619,1860.68,21:21,Noida,New,4,Travel,728,0
TXN005620,2956.79,17:16,Pune,Known,3,Fuel,1020,0
TXN005621,25778.2,09:32,Kanpur,Known,4,Fuel,796,0
TXN005622,2196.86,23:53,Delhi,Known,2,Travel,10,0
TXN005623,3609.3,04:27,Kanpur,Known,1,Shopping,643,0
TXN005624,306.35,18:07,Delhi,Known,2,Food,390,0
TXN005625,1081.82,10:29,Mumbai,Known,4,Bills,1203,0
TXN005626,6540.69,14:05,Jhansi,New,8,Electronics,55,0
TXN005627,2746.2,00:56,Delhi,Known,5,Bills,941,0
TXN005628,50.0,14:32,Noida,Known,2,Electronics,707,0
TXN005629,3652.86,16:12,Jhansi,Known,2,Fuel,812,0
TXN005630,13488.79,23:37,Lucknow,New,6,Entertainment,1036,0
TXN005631,221.37,08:32,Lucknow,Known,2,Food,614,0
TXN005632,8874.16,01:30,Jaipur,Known,4,Shopping,741,0
TXN005633,98.0,01:35,Kanpur,Known,2,Shopping,1431,0
TXN005634,4819.57,03:55,Pune,New,3,Bills,1121,0
TXN005635,1783.73,07:51,Lucknow,Known,6,Food,1091,0
TXN005636,152.64,19:15,Jhansi,Known,5,Bills,1077,0
TXN005637,2875.51,04:14,Jaipur,New,5,Food,1499,0
TXN005638,6026.51,03:59,Delhi,Known,3,Entertainment,944,0
TXN005639,2637.6,00:38,Mumbai,Known,8,Food,753,0
TXN005640,3326.28,09:01,Jaipur,Known,7,Food,967,0
TXN005641,1168.27,14:31,Lucknow,Known,4,Entertainment,467,0
TXN005642,254.95,06:07,Mumbai,Known,8,Entertainment,1056,0
TXN005643,3721.94,11:01,Jaipur,Known,4,Electronics,1132,0
TXN005644,11302.55,05:11,Delhi,Known,6,Travel,562,0
TXN005645,5893.48,19:15,Jhansi,New,4,Food,647,1
TXN005646,223.25,00:04,Pune,Known,5,Entertainment,848,0
TXN005647,366.83,04:50,Pune,Known,4,Bills,435,0
TXN005648,740.46,13:26,Lucknow,Known,4,Bills,267,0
TXN005649,337.96,20:33,Delhi,Known,2,Bills,600,0
TXN005650,1885.49,09:51,Pune,New,6,Travel,732,0
TXN005651,2720.66,01:50,Pune,Known,4,Shopping,981,0
TXN005652,400.93,13:49,Mumbai,Known,2,Entertainment,934,0
TXN005653,4070.52,06:11,Lucknow,Known,4,Shopping,682,0
TXN005654,3383.62,07:44,Kanpur,Known,2,Entertainment,943,0
TXN005655,1012.29,22:59,Delhi,Known,3,Shopping,481,0
TXN005656,1501.76,22:00,Pune,Known,4,Travel,68,0
TXN005657,232.35,06:52,Jaipur,New,3,Travel,616,0
TXN005658,1269.87,14:51,Mumbai,Known,5,Shopping,805,0
TXN005659,1814.01,12:50,Jaipur,Known,4,Shopping,457,0
TXN005660,2148.93,23:23,Pune,Known,4,Bills,86,0
TXN005661,2679.44,22:11,Noida,Known,6,Shopping,337,0
TXN005662,2326.21,08:43,Jaipur,Known,3,Fuel,194,0
TXN005663,1363.73,00:37,Mumbai,Known,2,Travel,127,0
TXN005664,2430.97,00:43,Jaipur,Known,4,Food,725,0
TXN005665,5154.76,00:15,Delhi,Known,4,Shopping,1200,0
TXN005666,1628.26,18:10,Kanpur,Known,5,Shopping,718,0
TXN005667,2512.46,17:54,Kanpur,Known,4,Shopping,1195,0
TXN005668,1480.39,19:30,Delhi,Known,3,Food,10,0
TXN005669,912.73,03:51,Noida,Known,2,Food,784,0
TXN005670,3116.81,01:55,Kanpur,Known,4,Bills,937,0
TXN005671,1004.81,04:27,Lucknow,Known,5,Shopping,380,0
TXN005672,2699.97,15:15,Jhansi,Known,1,Bills,329,0
TXN005673,1854.2,00:53,Delhi,Known,4,Food,552,0
TXN005674,1308.2,15:42,Mumbai,Known,4,Bills,1076,0
TXN005675,1275.37,21:39,Mumbai,New,7,Shopping,206,0
TXN005676,1055.76,03:57,Jaipur,Known,3,Fuel,356,0
TXN005677,319.72,17:14,Noida,Known,5,Fuel,150,0
TXN005678,2690.77,13:21,Kanpur,New,4,Food,954,0
TXN005679,2295.41,22:02,Jhansi,Known,2,Food,406,0
TXN005680,4392.68,05:23,Jhansi,Known,7,Bills,659,0
TXN005681,1030.2,05:26,Mumbai,Known,2,Shopping,900,0
TXN005682,13169.97,00:27,Delhi,Known,3,Food,491,0
TXN005683,1208.12,16:09,Kanpur,Known,4,Fuel,84,0
TXN005684,718.15,20:48,Mumbai,Known,5,Food,912,0
TXN005685,634.08,00:29,Pune,Known,5,Fuel,943,0
TXN005686,291.47,11:26,Mumbai,Known,5,Electronics,1374,0
TXN005687,8998.39,17:51,Kanpur,Known,3,Shopping,830,0
TXN005688,7594.37,18:29,Lucknow,Known,4,Food,731,0
TXN005689,3382.34,22:53,Noida,Known,3,Shopping,816,0
TXN005690,702.5,17:13,Jaipur,New,6,Shopping,623,0
TXN005691,12056.67,22:51,Lucknow,Known,4,Fuel,686,0
TXN005692,1244.19,23:59,Delhi,Known,5,Electronics,448,0
TXN005693,1357.05,22:45,Noida,Known,3,Entertainment,811,0
TXN005694,8140.96,10:53,Delhi,Known,5,Food,819,0
TXN005695,3595.36,09:44,Delhi,Known,5,Electronics,631,0
TXN005696,18154.98,10:36,Noida,New,5,Shopping,304,0
TXN005697,2337.18,22:45,Delhi,Known,2,Electronics,77,0
TXN005698,1186.38,06:57,Delhi,Known,3,Food,476,0
TXN005699,946.86,18:36,Lucknow,New,3,Shopping,432,0
TXN005700,258.84,15:41,Lucknow,Known,6,Fuel,533,0
TXN005701,1343.48,01:04,Jaipur,Known,7,Bills,506,0
TXN005702,5987.12,11:57,Mumbai,Known,4,Travel,1420,0
TXN005703,3375.56,04:46,Lucknow,Known,4,Shopping,536,0
TXN005704,1838.79,17:09,Noida,Known,4,Shopping,139,0
TXN005705,633.25,10:17,Pune,Known,4,Electronics,707,0
TXN005706,2284.17,08:13,Lucknow,Known,2,Travel,539,0
TXN005707,5213.45,01:19,Jhansi,Known,6,Bills,1480,0
TXN005708,2829.34,03:53,Jhansi,Known,2,Entertainment,824,0
TXN005709,2144.4,18:27,Mumbai,Known,8,Food,1076,0
TXN005710,779.57,20:25,Delhi,Known,5,Entertainment,712,0
TXN005711,4474.2,06:46,Noida,New,4,Travel,780,0
TXN005712,67.16,19:22,Mumbai,Known,2,Shopping,475,0
TXN005713,2690.63,13:53,Mumbai,Known,3,Food,678,0
TXN005714,26752.41,08:45,Kanpur,Known,1,Fuel,320,0
TXN005715,369.35,10:15,Delhi,Known,5,Fuel,515,1
TXN005716,1397.03,16:37,Mumbai,Known,2,Bills,832,0
TXN005717,1785.11,21:28,Lucknow,Known,2,Shopping,861,0
TXN005718,1107.47,11:20,Pune,Known,6,Travel,791,0
TXN005719,5344.03,08:54,Noida,New,2,Fuel,443,0
TXN005720,2956.07,18:23,Mumbai,Known,4,Bills,1630,0
TXN005721,2112.14,12:07,Mumbai,Known,4,Bills,660,0
TXN005722,4157.54,09:24,Jaipur,New,3,Fuel,801,0
TXN005723,1831.94,11:31,Jhansi,Known,3,Shopping,1230,0
TXN005724,50736.44,12:07,Noida,Known,8,Electronics,308,0
TXN005725,2110.03,03:44,Delhi,Known,4,Travel,624,0
TXN005726,2209.65,01:13,Delhi,Known,5,Entertainment,1470,0
TXN005727,298.73,15:05,Mumbai,Known,1,Travel,892,0
TXN005728,1017.31,04:32,Pune,Known,3,Food,1033,0
TXN005729,6004.64,12:09,Jaipur,Known,4,Fuel,543,0
TXN005730,442.89,18:46,Mumbai,Known,3,Shopping,527,0
TXN005731,186.81,05:04,Noida,Known,2,Electronics,247,0
TXN005732,1862.12,09:25,Pune,Known,2,Fuel,1540,0
TXN005733,7591.8,23:03,Pune,Known,6,Entertainment,511,0
TXN005734,1881.91,00:23,Lucknow,Known,3,Bills,133,0
TXN005735,1264.73,18:55,Mumbai,Known,5,Shopping,1194,0
TXN005736,255.73,04:39,Jaipur,Known,2,Food,420,0
TXN005737,2894.04,21:32,Mumbai,New,5,Entertainment,996,0
TXN005738,3604.29,09:09,Mumbai,Known,6,Food,983,0
TXN005739,277.2,00:18,Mumbai,Known,2,Food,1135,0
TXN005740,5924.2,17:22,Kanpur,Known,5,Bills,114,0
TXN005741,4021.95,03:34,Delhi,Known,8,Electronics,857,1
TXN005742,5910.43,08:12,Kanpur,Known,5,Food,243,0
TXN005743,3321.74,12:59,Jaipur,New,4,Travel,724,0
TXN005744,3575.67,17:39,Kanpur,Known,4,Shopping,1060,0
TXN005745,3109.75,10:18,Jaipur,Known,6,Electronics,10,0
TXN005746,4480.27,20:06,Jaipur,Known,6,Travel,515,0
TXN005747,266.63,11:35,Pune,Known,3,Entertainment,302,0
TXN005748,372.2,08:26,Jhansi,Known,3,Food,767,0
TXN005749,831.09,08:40,Pune,Known,3,Shopping,230,0
TXN005750,1570.63,19:35,Kanpur,Known,4,Bills,986,0
TXN005751,2705.62,15:38,Mumbai,New,6,Food,595,0
TXN005752,2531.22,03:50,Jaipur,Known,2,Entertainment,677,0
TXN005753,5816.79,18:31,Kanpur,Known,4,Shopping,796,0
TXN005754,6011.69,09:43,Jaipur,Known,4,Fuel,10,0
TXN005755,720.21,08:21,Lucknow,Known,3,Food,251,0
TXN005756,2312.41,02:56,Mumbai,Known,4,Shopping,1312,0
TXN005757,739.02,23:24,Noida,Known,5,Travel,183,0
TXN005758,1477.17,01:40,Jhansi,Known,3,Entertainment,256,0
TXN005759,2523.55,23:59,Lucknow,Known,3,Shopping,548,0
TXN005760,50.22,01:20,Pune,Known,4,Entertainment,1027,0
TXN005761,22637.16,12:06,Kanpur,Known,2,Food,117,0
TXN005762,3262.57,02:13,Delhi,Known,3,Food,588,0
TXN005763,963.0,11:14,Noida,Known,6,Bills,1212,0
TXN005764,13619.8,20:03,Delhi,Known,4,Fuel,833,0
TXN005765,1249.8,14:32,Kanpur,New,3,Food,283,0
TXN005766,2068.72,13:16,Mumbai,Known,3,Food,1134,0
TXN005767,1079.3,02:05,Mumbai,Known,6,Bills,560,0
TXN005768,10199.9,22:08,Jaipur,Known,3,Food,892,0
TXN005769,1612.12,09:16,Delhi,Known,4,Electronics,371,0
TXN005770,2105.9,12:22,Noida,Known,4,Bills,1115,0
TXN005771,6371.01,21:58,Jhansi,Known,2,Travel,561,0
TXN005772,3327.37,15:42,Mumbai,Known,4,Entertainment,793,0
TXN005773,1700.16,17:42,Jaipur,New,1,Food,10,0
TXN005774,5775.92,04:41,Mumbai,Known,6,Electronics,1328,0
TXN005775,25872.85,11:48,Kanpur,Known,8,Food,1248,0
TXN005776,2511.97,12:19,Pune,Known,3,Shopping,203,0
TXN005777,2034.77,04:05,Noida,Known,1,Bills,1344,0
TXN005778,2153.18,09:30,Mumbai,Known,4,Bills,137,0
TXN005779,7125.91,19:00,Pune,Known,7,Food,168,0
TXN005780,959.47,22:13,Jaipur,Known,5,Shopping,612,0
TXN005781,1343.87,19:45,Kanpur,Known,5,Electronics,777,0
TXN005782,358.25,22:30,Jhansi,Known,5,Shopping,1073,0
TXN005783,519.3,23:41,Lucknow,Known,4,Food,662,0
TXN005784,1045.08,04:30,Lucknow,Known,2,Bills,254,0
TXN005785,1697.32,20:32,Kanpur,Known,4,Bills,1150,0
TXN005786,11534.29,14:18,Mumbai,Known,2,Food,627,0
TXN005787,3160.02,20:13,Noida,Known,4,Entertainment,969,0
TXN005788,690.81,15:15,Delhi,Known,5,Bills,1101,0
TXN005789,838.12,02:47,Delhi,Known,5,Shopping,466,0
TXN005790,7623.78,13:58,Lucknow,Known,10,Fuel,595,0
TXN005791,5875.13,18:04,Delhi,Known,3,Electronics,974,0
TXN005792,1854.0,02:32,Kanpur,Known,9,Food,1105,0
TXN005793,1131.04,12:28,Kanpur,Known,4,Food,445,0
TXN005794,5864.79,15:33,Delhi,Known,6,Travel,687,0
TXN005795,634.32,11:13,Mumbai,Known,3,Food,118,0
TXN005796,2716.7,19:00,Delhi,Known,3,Bills,531,0
TXN005797,19571.58,03:12,Jhansi,Known,4,Fuel,1324,0
TXN005798,2233.14,08:10,Mumbai,Known,4,Fuel,10,0
TXN005799,797.24,22:03,Noida,Known,6,Travel,1464,0
TXN005800,2769.52,12:21,Jhansi,New,3,Travel,1474,0
TXN005801,1098.86,04:41,Lucknow,Known,2,Entertainment,199,0
TXN005802,416.43,02:57,Delhi,Known,3,Travel,259,1
TXN005803,3757.95,14:39,Mumbai,Known,3,Shopping,708,0
TXN005804,5821.24,22:10,Mumbai,New,5,Fuel,530,0
TXN005805,1298.66,01:21,Mumbai,Known,2,Shopping,1146,0
TXN005806,1211.29,02:18,Jaipur,Known,5,Bills,1027,0
TXN005807,655.83,09:12,Delhi,Known,3,Electronics,669,0
TXN005808,1537.8,05:59,Mumbai,Known,2,Shopping,148,0
TXN005809,997.3,02:39,Pune,New,6,Food,589,0
TXN005810,622.63,07:28,Jaipur,Known,3,Shopping,1771,0
TXN005811,13125.59,15:26,Kanpur,Known,2,Electronics,800,0
TXN005812,2937.63,19:19,Kanpur,New,5,Food,1309,0
TXN005813,3283.14,07:25,Delhi,Known,3,Entertainment,864,0
TXN005814,4551.04,16:38,Pune,Known,4,Travel,1436,0
TXN005815,4044.57,19:55,Jhansi,Known,4,Bills,679,0
TXN005816,1166.52,00:29,Kanpur,Known,2,Food,1217,0
TXN005817,2396.4,20:11,Mumbai,Known,5,Shopping,1116,0
TXN005818,1357.04,04:57,Lucknow,Known,1,Shopping,744,0
TXN005819,2852.44,16:18,Noida,Known,1,Fuel,746,0
TXN005820,2576.84,18:04,Delhi,Known,2,Electronics,91,0
TXN005821,1204.41,20:32,Kanpur,Known,2,Shopping,549,0
TXN005822,445.76,09:47,Delhi,Known,2,Fuel,1755,0
TXN005823,2098.74,15:15,Noida,Known,7,Fuel,1463,0
TXN005824,1452.53,00:16,Mumbai,Known,3,Shopping,673,0
TXN005825,247.31,10:17,Jaipur,Known,3,Bills,352,0
TXN005826,3067.4,23:48,Kanpur,Known,4,Food,1230,0
TXN005827,4959.95,03:57,Lucknow,Known,3,Electronics,833,0
TXN005828,25599.2,03:50,Lucknow,New,1,Bills,911,0
TXN005829,1193.67,16:13,Kanpur,New,4,Fuel,584,0
TXN005830,1022.39,12:50,Mumbai,Known,6,Travel,1339,1
TXN005831,561.52,10:18,Lucknow,Known,4,Food,820,0
TXN005832,2240.86,05:52,Mumbai,Known,4,Food,974,0
TXN005833,2226.03,04:59,Lucknow,Known,3,Fuel,269,0
TXN005834,767.92,17:43,Pune,Known,4,Electronics,383,0
TXN005835,1497.97,08:57,Mumbai,New,3,Shopping,228,0
TXN005836,225.41,18:08,Pune,Known,6,Shopping,897,0
TXN005837,4761.12,10:39,Pune,Known,7,Food,743,0
TXN005838,801.37,09:03,Noida,Known,5,Travel,147,0
TXN005839,1735.68,05:39,Delhi,New,2,Shopping,839,0
TXN005840,402.43,15:20,Kanpur,Known,2,Food,760,0
TXN005841,976.59,06:58,Pune,Known,5,Entertainment,10,0
TXN005842,1342.07,21:29,Lucknow,Known,5,Electronics,399,0
TXN005843,1778.79,09:45,Mumbai,Known,6,Shopping,806,0
TXN005844,2978.76,19:18,Mumbai,Known,3,Fuel,268,0
TXN005845,8156.5,11:04,Lucknow,Known,6,Bills,591,0
TXN005846,3885.04,09:44,Delhi,Known,3,Shopping,387,0
TXN005847,4943.43,10:13,Mumbai,Known,5,Entertainment,36,0
TXN005848,8216.92,10:43,Jhansi,Known,2,Travel,10,0
TXN005849,3273.89,11:27,Kanpur,Known,3,Shopping,204,0
TXN005850,1731.94,21:58,Mumbai,Known,4,Fuel,1534,0
TXN005851,5193.22,16:21,Jaipur,Known,3,Travel,178,0
TXN005852,5553.6,00:24,Mumbai,Known,5,Entertainment,626,0
TXN005853,3556.51,01:44,Delhi,Known,3,Bills,671,0
TXN005854,390.79,00:47,Mumbai,Known,1,Travel,1513,0
TXN005855,743.98,16:07,Mumbai,Known,5,Fuel,10,0
TXN005856,1348.77,04:44,Kanpur,Known,3,Food,396,0
TXN005857,4081.19,09:29,Delhi,Known,2,Fuel,819,0
TXN005858,1760.1,19:59,Pune,Known,7,Bills,644,0
TXN005859,5938.75,03:37,Pune,Known,4,Entertainment,516,0
TXN005860,7161.97,03:46,Mumbai,New,4,Shopping,926,0
TXN005861,6340.23,01:20,Noida,Known,3,Travel,10,0
TXN005862,6382.78,06:17,Jhansi,Known,2,Entertainment,567,0
TXN005863,605.89,02:47,Pune,Known,1,Fuel,450,0
TXN005864,2987.85,15:00,Mumbai,Known,4,Shopping,1060,0
TXN005865,951.12,17:34,Jhansi,Known,2,Food,10,0
TXN005866,318.63,04:58,Delhi,Known,5,Entertainment,594,0
TXN005867,1331.02,12:59,Delhi,Known,3,Fuel,612,0
TXN005868,7233.77,07:42,Pune,Known,3,Bills,502,0
TXN005869,2919.95,01:29,Mumbai,Known,5,Food,433,0
TXN005870,14976.56,11:48,Lucknow,Known,2,Travel,622,0
TXN005871,2168.16,16:00,Mumbai,Known,5,Entertainment,1139,0
TXN005872,23523.02,05:47,Pune,Known,2,Fuel,950,0
TXN005873,2168.82,18:11,Lucknow,Known,4,Shopping,375,0
TXN005874,1842.99,23:44,Delhi,Known,6,Shopping,372,0
TXN005875,469.74,01:20,Jhansi,Known,5,Food,217,0
TXN005876,5776.96,03:45,Mumbai,Known,3,Food,1098,0
TXN005877,1062.43,06:36,Mumbai,Known,5,Shopping,422,0
TXN005878,912.46,20:55,Noida,New,5,Travel,155,0
TXN005879,6910.75,03:47,Jaipur,Known,7,Bills,707,0
TXN005880,6073.41,11:54,Noida,Known,8,Entertainment,784,0
TXN005881,5908.79,12:09,Delhi,Known,2,Food,548,0
TXN005882,1230.58,03:22,Mumbai,Known,4,Shopping,712,0
TXN005883,1706.19,01:26,Pune,Known,6,Food,592,0
TXN005884,1690.36,02:01,Mumbai,Known,6,Shopping,876,0
TXN005885,4093.62,01:01,Noida,Known,1,Fuel,777,0
TXN005886,9198.4,12:02,Kanpur,New,5,Shopping,394,0
TXN005887,2649.42,22:46,Pune,Known,5,Bills,935,0
TXN005888,14316.64,08:26,Lucknow,Known,5,Food,304,0
TXN005889,4617.44,06:45,Jaipur,Known,2,Fuel,212,0
TXN005890,1406.7,05:50,Lucknow,Known,4,Entertainment,733,0
TXN005891,4297.07,23:02,Noida,Known,9,Food,821,0
TXN005892,10794.36,23:50,Mumbai,Known,7,Entertainment,1023,0
TXN005893,14672.72,15:13,Kanpur,Known,3,Bills,1441,0
TXN005894,6259.01,11:24,Mumbai,Known,4,Shopping,10,0
TXN005895,1849.18,03:57,Delhi,Known,3,Electronics,417,0
TXN005896,1433.7,22:18,Lucknow,Known,4,Food,716,0
TXN005897,3295.84,00:56,Delhi,Known,2,Fuel,1374,0
TXN005898,10438.07,03:30,Jaipur,Known,5,Travel,497,0
TXN005899,2838.41,16:00,Pune,Known,4,Food,10,0
TXN005900,2900.97,04:49,Noida,Known,3,Travel,204,0
TXN005901,1899.81,02:02,Lucknow,Known,6,Entertainment,579,0
TXN005902,1275.71,14:38,Mumbai,Known,5,Entertainment,827,0
TXN005903,1518.23,00:27,Mumbai,Known,3,Bills,1588,0
TXN005904,2075.05,06:08,Mumbai,Known,11,Food,388,0
TXN005905,10933.06,15:30,Kanpur,Known,4,Shopping,887,0
TXN005906,1399.46,04:21,Pune,Known,5,Travel,1099,0
TXN005907,1902.23,18:05,Mumbai,Known,5,Food,421,0
TXN005908,725.52,02:33,Delhi,Known,3,Bills,1362,0
TXN005909,3820.0,14:02,Delhi,Known,4,Fuel,416,0
TXN005910,7559.46,01:32,Kanpur,Known,4,Shopping,225,0
TXN005911,9909.65,17:13,Delhi,Known,2,Bills,1307,0
TXN005912,2228.48,18:49,Lucknow,Known,2,Fuel,640,0
TXN005913,3289.9,19:57,Delhi,Known,5,Bills,188,0
TXN005914,1531.98,06:55,Delhi,New,6,Fuel,474,0
TXN005915,3133.67,05:56,Noida,Known,2,Entertainment,357,0
TXN005916,2502.9,23:06,Jaipur,Known,3,Bills,424,0
TXN005917,1913.56,17:30,Mumbai,Known,2,Entertainment,732,0
TXN005918,2080.13,04:13,Mumbai,Known,8,Entertainment,512,0
TXN005919,2893.03,00:05,Mumbai,Known,7,Travel,1522,0
TXN005920,1321.71,08:23,Pune,Known,3,Bills,506,0
TXN005921,1395.38,15:25,Kanpur,Known,2,Shopping,593,0
TXN005922,10810.49,08:17,Kanpur,Known,3,Food,1278,0
TXN005923,30996.08,19:06,Kanpur,Known,3,Electronics,1180,0
TXN005924,508.24,12:24,Jaipur,New,3,Food,973,0
TXN005925,479.67,23:09,Delhi,Known,4,Food,489,0
TXN005926,658.87,20:02,Delhi,Known,5,Travel,1262,0
TXN005927,1615.0,11:27,Lucknow,New,7,Shopping,494,0
TXN005928,4610.59,20:03,Kanpur,New,5,Food,210,0
TXN005929,3348.8,10:57,Delhi,New,4,Shopping,406,0
TXN005930,2156.36,00:50,Pune,Known,4,Travel,992,0
TXN005931,3136.69,07:55,Noida,New,1,Electronics,546,0
TXN005932,870.31,09:06,Jaipur,Known,3,Shopping,741,0
TXN005933,1393.0,23:27,Jaipur,Known,1,Fuel,245,0
TXN005934,1762.42,19:49,Kanpur,Known,3,Shopping,1002,0
TXN005935,341.08,03:34,Pune,Known,2,Fuel,346,0
TXN005936,531.75,00:18,Noida,Known,4,Food,286,0
TXN005937,554.41,12:49,Lucknow,Known,6,Food,568,0
TXN005938,4015.25,12:18,Jhansi,Known,3,Shopping,109,0
TXN005939,2328.93,17:58,Jaipur,New,5,Bills,269,0
TXN005940,3419.18,06:06,Noida,Known,5,Fuel,291,0
TXN005941,260.84,19:42,Noida,Known,4,Fuel,754,0
TXN005942,379.1,09:00,Mumbai,Known,4,Food,358,0
TXN005943,3611.64,08:54,Pune,Known,3,Food,783,0
TXN005944,97.31,10:21,Lucknow,Known,4,Fuel,589,0
TXN005945,6512.01,22:01,Jhansi,Known,6,Fuel,459,0
TXN005946,265.35,09:50,Noida,Known,3,Shopping,1176,0
TXN005947,4363.61,13:58,Kanpur,Known,4,Entertainment,10,0
TXN005948,708.06,21:55,Delhi,New,6,Entertainment,915,0
TXN005949,5414.8,00:29,Noida,Known,8,Food,180,0
TXN005950,52266.5,12:03,Mumbai,Known,3,Shopping,314,0
TXN005951,165.46,17:13,Mumbai,Known,3,Entertainment,475,0
TXN005952,3735.69,21:01,Delhi,Known,3,Bills,560,0
TXN005953,269.61,01:02,Jhansi,New,5,Shopping,634,0
TXN005954,2817.62,17:09,Delhi,Known,8,Bills,700,0
TXN005955,1448.71,19:33,Lucknow,Known,5,Fuel,441,0
TXN005956,2062.79,08:45,Pune,Known,2,Travel,10,0
TXN005957,691.09,17:35,Lucknow,Known,6,Fuel,347,0
TXN005958,4085.14,11:12,Pune,Known,3,Shopping,1003,0
TXN005959,393.38,15:36,Kanpur,Known,5,Shopping,888,0
TXN005960,6629.34,09:13,Delhi,Known,4,Electronics,901,0
TXN005961,1171.25,04:27,Noida,Known,4,Shopping,547,0
TXN005962,412.7,19:53,Lucknow,Known,9,Food,853,0
TXN005963,9606.79,05:08,Jaipur,New,3,Shopping,453,0
TXN005964,1677.12,04:52,Mumbai,New,4,Food,494,0
TXN005965,13340.5,21:16,Pune,Known,1,Fuel,404,0
TXN005966,6489.66,22:40,Kanpur,Known,4,Entertainment,1053,0
TXN005967,778.59,14:15,Pune,New,6,Fuel,10,0
TXN005968,1646.33,13:09,Mumbai,Known,2,Electronics,698,0
TXN005969,2043.93,08:27,Jhansi,Known,3,Electronics,697,0
TXN005970,8938.83,14:22,Delhi,Known,5,Travel,732,0
TXN005971,2849.6,14:30,Pune,Known,5,Entertainment,611,0
TXN005972,2166.03,12:14,Mumbai,Known,6,Entertainment,1165,0
TXN005973,1459.24,15:58,Lucknow,Known,4,Fuel,663,0
TXN005974,1706.94,13:40,Jhansi,Known,7,Electronics,556,0
TXN005975,7082.37,21:50,Kanpur,Known,4,Shopping,919,0
TXN005976,1807.02,16:46,Noida,Known,2,Food,10,0
TXN005977,1188.91,09:43,Noida,Known,5,Food,340,0
TXN005978,995.07,15:08,Delhi,New,4,Shopping,1089,0
TXN005979,1006.35,05:35,Noida,Known,4,Food,763,0
TXN005980,412.96,05:53,Lucknow,Known,8,Fuel,58,0
TXN005981,818.64,19:05,Jhansi,Known,6,Food,1748,0
TXN005982,8680.92,13:27,Mumbai,Known,3,Bills,577,0
TXN005983,1448.98,01:11,Lucknow,Known,4,Shopping,325,0
TXN005984,3771.3,08:47,Pune,Known,2,Bills,45,0
TXN005985,133.33,23:55,Jaipur,Known,4,Food,1215,0
TXN005986,3269.1,15:03,Jaipur,Known,2,Food,254,0
TXN005987,1519.48,20:48,Noida,Known,3,Bills,484,0
TXN005988,1085.75,13:21,Delhi,Known,3,Fuel,785,0
TXN005989,2176.67,01:57,Lucknow,Known,4,Food,10,0
TXN005990,1069.48,04:00,Mumbai,New,5,Entertainment,992,0
TXN005991,193.54,02:11,Noida,Known,3,Fuel,270,0
TXN005992,4740.52,17:43,Delhi,Known,3,Electronics,1100,0
TXN005993,2323.22,18:46,Jaipur,Known,4,Fuel,767,0
TXN005994,1294.53,10:04,Mumbai,Known,6,Fuel,1128,0
TXN005995,652.65,17:09,Delhi,Known,2,Food,734,0
TXN005996,384.6,13:20,Pune,Known,3,Bills,1080,0
TXN005997,2277.03,17:02,Mumbai,New,5,Bills,841,0
TXN005998,9795.27,16:46,Delhi,New,2,Travel,624,0
TXN005999,2228.02,10:40,Kanpur,New,8,Travel,793,0
TXN006000,421.43,15:44,Jaipur,Known,5,Bills,10,0
TXN006001,2279.96,07:28,Mumbai,Known,4,Food,421,0
TXN006002,1701.95,17:38,Lucknow,Known,3,Entertainment,1146,0
TXN006003,4459.48,21:34,Mumbai,Known,5,Entertainment,113,0
TXN006004,3403.68,04:41,Kanpur,Known,4,Electronics,405,1
TXN006005,78.29,16:27,Mumbai,Known,2,Travel,12,0
TXN006006,3190.86,02:39,Jhansi,Known,4,Fuel,10,0
TXN006007,627.59,09:38,Kanpur,Known,4,Bills,486,0
TXN006008,404.53,16:38,Jaipur,Known,6,Bills,821,0
TXN006009,1476.82,06:52,Noida,Known,5,Fuel,528,0
TXN006010,2771.27,05:20,Noida,Known,6,Bills,115,0
TXN006011,321.43,09:52,Kanpur,Known,3,Shopping,146,0
TXN006012,3771.95,02:01,Mumbai,Known,3,Electronics,235,0
TXN006013,4012.01,15:29,Mumbai,New,5,Bills,515,0
TXN006014,1891.01,03:26,Kanpur,Known,4,Fuel,240,0
TXN006015,723.82,07:52,Mumbai,New,2,Bills,1100,1
TXN006016,643.68,07:02,Delhi,Known,2,Electronics,339,0
TXN006017,5285.75,23:13,Lucknow,New,3,Travel,434,0
TXN006018,368.25,23:28,Delhi,Known,4,Food,861,0
TXN006019,5504.03,01:48,Mumbai,Known,4,Fuel,10,0
TXN006020,1513.35,03:27,Kanpur,Known,2,Travel,1275,0
TXN006021,1627.69,17:38,Pune,Known,4,Entertainment,987,0
TXN006022,299.48,07:10,Mumbai,Known,5,Electronics,975,0
TXN006023,1543.01,15:56,Pune,Known,5,Electronics,328,0
TXN006024,3428.26,22:47,Delhi,New,5,Travel,276,0
TXN006025,442.44,03:02,Jaipur,Known,6,Bills,383,0
TXN006026,3038.47,23:42,Kanpur,Known,5,Travel,476,0
TXN006027,1976.35,01:07,Kanpur,Known,8,Electronics,1172,0
TXN006028,915.62,05:33,Jhansi,Known,5,Shopping,10,0
TXN006029,4415.82,12:42,Kanpur,Known,3,Entertainment,1188,0
TXN006030,178.25,21:55,Lucknow,Known,6,Fuel,551,0
TXN006031,2590.37,13:04,Lucknow,Known,3,Food,1093,0
TXN006032,9857.12,03:17,Jaipur,Known,6,Food,803,0
TXN006033,8163.94,05:41,Pune,Known,4,Travel,910,0
TXN006034,2710.37,18:15,Kanpur,Known,2,Fuel,1042,0
TXN006035,1311.3,13:42,Pune,Known,4,Shopping,591,0
TXN006036,923.3,00:11,Delhi,New,2,Food,243,0
TXN006037,1309.59,12:09,Kanpur,Known,6,Fuel,261,0
TXN006038,3186.06,09:32,Lucknow,Known,3,Food,1046,0
TXN006039,771.19,00:41,Mumbai,New,7,Travel,1290,1
TXN006040,3987.17,05:12,Jaipur,Known,2,Entertainment,336,0
TXN006041,16904.93,22:52,Pune,Known,1,Electronics,1110,0
TXN006042,1686.76,16:52,Jaipur,New,4,Food,1049,0
TXN006043,438.75,01:04,Jhansi,Known,2,Travel,10,0
TXN006044,438.59,00:18,Lucknow,Known,4,Food,1034,0
TXN006045,4068.12,08:33,Noida,Known,2,Bills,393,0
TXN006046,1690.55,11:29,Delhi,Known,5,Travel,1281,0
TXN006047,4519.76,10:15,Pune,Known,1,Shopping,750,0
TXN006048,1027.85,16:31,Delhi,Known,4,Travel,1700,0
TXN006049,4305.71,04:57,Pune,Known,4,Food,641,0
TXN006050,1524.36,01:18,Noida,Known,5,Shopping,396,0
TXN006051,834.15,16:13,Delhi,Known,8,Shopping,882,0
TXN006052,1181.44,21:44,Delhi,Known,3,Fuel,985,0
TXN006053,512.16,04:34,Lucknow,Known,10,Travel,901,0
TXN006054,14535.79,08:41,Mumbai,Known,2,Food,504,0
TXN006055,1626.75,15:38,Pune,Known,2,Bills,990,0
TXN006056,3541.42,03:45,Mumbai,Known,4,Shopping,170,0
TXN006057,1024.37,20:43,Lucknow,Known,6,Bills,10,0
TXN006058,596.46,05:36,Mumbai,Known,3,Shopping,817,0
TXN006059,1408.06,12:27,Delhi,New,4,Electronics,1602,0
TXN006060,5720.4,08:27,Mumbai,Known,5,Electronics,924,0
TXN006061,1041.87,16:15,Pune,Known,3,Fuel,341,0
TXN006062,721.61,04:26,Noida,New,5,Shopping,530,0
TXN006063,2119.17,02:36,Jaipur,Known,6,Fuel,667,0
TXN006064,3039.7,12:42,Lucknow,Known,2,Electronics,286,0
TXN006065,10102.44,20:46,Mumbai,Known,5,Fuel,251,0
TXN006066,2609.67,15:22,Delhi,Known,5,Travel,824,0
TXN006067,3539.48,18:43,Kanpur,Known,5,Bills,848,0
TXN006068,3830.62,10:26,Delhi,Known,4,Bills,275,0
TXN006069,536.4,03:21,Delhi,Known,4,Shopping,88,0
TXN006070,654.61,10:09,Jhansi,Known,2,Food,572,0
TXN006071,576.77,23:15,Delhi,Known,4,Food,481,0
TXN006072,444.43,18:40,Kanpur,Known,6,Shopping,927,0
TXN006073,4149.63,16:12,Kanpur,Known,4,Travel,342,0
TXN006074,2440.83,07:04,Noida,New,3,Fuel,792,0
TXN006075,1956.7,14:16,Lucknow,Known,3,Fuel,827,0
TXN006076,118.3,14:59,Noida,Known,3,Food,987,0
TXN006077,15580.77,15:08,Lucknow,Known,2,Electronics,620,0
TXN006078,703.84,21:08,Delhi,Known,5,Bills,366,0
TXN006079,15520.94,16:24,Mumbai,New,5,Bills,528,0
TXN006080,393.01,05:22,Delhi,Known,3,Travel,574,0
TXN006081,767.03,05:55,Kanpur,Known,5,Food,1488,0
TXN006082,178.14,14:14,Noida,Known,3,Electronics,431,0
TXN006083,2632.72,20:25,Pune,Known,6,Food,1447,0
TXN006084,566.36,22:17,Mumbai,Known,2,Fuel,673,0
TXN006085,583.41,14:14,Delhi,Known,6,Shopping,485,0
TXN006086,425.98,12:19,Mumbai,Known,3,Food,371,0
TXN006087,4071.49,19:15,Jaipur,Known,6,Shopping,199,0
TXN006088,3799.33,23:43,Mumbai,Known,5,Food,574,0
TXN006089,12066.37,00:47,Lucknow,Known,4,Bills,622,0
TXN006090,876.16,07:10,Delhi,Known,2,Food,655,0
TXN006091,2264.94,08:29,Pune,Known,7,Shopping,1578,0
TXN006092,464.86,13:15,Lucknow,Known,6,Fuel,1230,0
TXN006093,1266.17,07:52,Delhi,Known,3,Bills,687,0
TXN006094,1043.94,07:06,Kanpur,Known,5,Entertainment,478,0
TXN006095,2931.34,00:24,Noida,Known,6,Shopping,56,1
TXN006096,5236.53,00:19,Kanpur,Known,5,Food,759,0
TXN006097,5095.75,10:21,Jaipur,Known,5,Fuel,1065,0
TXN006098,742.92,23:56,Pune,New,3,Electronics,1198,0
TXN006099,5135.5,07:32,Kanpur,Known,4,Shopping,414,0
TXN006100,1718.58,05:22,Jaipur,Known,6,Fuel,79,0
TXN006101,1280.13,06:48,Pune,Known,6,Entertainment,652,0
TXN006102,855.43,23:46,Lucknow,Known,1,Shopping,851,0
TXN006103,999.85,15:08,Noida,Known,4,Fuel,510,0
TXN006104,11214.6,15:27,Kanpur,Known,5,Travel,847,0
TXN006105,2485.73,04:24,Kanpur,Known,2,Travel,600,0
TXN006106,2162.21,21:26,Kanpur,Known,7,Travel,714,0
TXN006107,1366.74,04:20,Pune,Known,4,Entertainment,748,0
TXN006108,23478.01,23:49,Jaipur,Known,4,Shopping,618,0
TXN006109,7085.48,22:59,Mumbai,Known,3,Bills,110,0
TXN006110,844.23,13:01,Jhansi,Known,3,Fuel,1157,0
TXN006111,1350.52,20:51,Jhansi,Known,8,Entertainment,399,0
TXN006112,1437.39,23:51,Pune,Known,4,Bills,10,0
TXN006113,2097.93,13:21,Lucknow,Known,2,Fuel,596,0
TXN006114,862.0,18:29,Mumbai,Known,3,Food,796,0
TXN006115,2853.49,14:06,Mumbai,New,7,Travel,1037,0
TXN006116,8268.72,12:21,Delhi,Known,3,Shopping,725,0
TXN006117,453.15,08:14,Delhi,Known,2,Shopping,671,0
TXN006118,550.59,15:54,Mumbai,Known,3,Shopping,702,0
TXN006119,1083.8,06:06,Delhi,Known,2,Bills,342,0
TXN006120,1137.86,04:20,Pune,Known,3,Entertainment,494,0
TXN006121,14675.45,06:28,Lucknow,Known,3,Bills,1006,0
TXN006122,5153.01,00:58,Lucknow,Known,5,Food,425,0
TXN006123,4851.68,22:49,Noida,Known,7,Shopping,698,0
TXN006124,1363.7,06:56,Mumbai,Known,1,Food,460,0
TXN006125,1332.63,19:18,Noida,Known,3,Bills,374,0
TXN006126,392.0,10:16,Pune,Known,7,Food,562,0
TXN006127,4090.28,08:34,Lucknow,Known,5,Fuel,569,0
TXN006128,3014.38,05:20,Kanpur,New,9,Travel,581,0
TXN006129,6945.43,19:00,Mumbai,New,7,Shopping,757,0
TXN006130,1442.55,12:48,Lucknow,Known,7,Travel,10,0
TXN006131,1551.03,10:05,Jhansi,Known,3,Shopping,465,0
TXN006132,2151.86,15:11,Lucknow,Known,5,Shopping,873,0
TXN006133,4591.83,19:56,Kanpur,Known,7,Food,1226,0
TXN006134,384.45,15:43,Kanpur,Known,9,Travel,136,0
TXN006135,3898.71,11:38,Delhi,New,2,Bills,180,0
TXN006136,1761.68,21:07,Delhi,Known,4,Shopping,731,0
TXN006137,592.28,21:15,Kanpur,Known,6,Travel,1066,0
TXN006138,201.68,23:12,Delhi,Known,4,Shopping,319,0
TXN006139,1559.69,02:38,Noida,Known,3,Shopping,10,0
TXN006140,8230.82,21:30,Jaipur,Known,2,Electronics,738,1
TXN006141,10445.86,04:21,Noida,Known,5,Shopping,277,0
TXN006142,2614.13,14:44,Mumbai,Known,5,Fuel,1302,0
TXN006143,14124.24,15:46,Lucknow,Known,1,Entertainment,588,0
TXN006144,1720.64,04:44,Jhansi,New,2,Shopping,146,0
TXN006145,4897.65,00:06,Noida,Known,3,Fuel,263,0
TXN006146,1120.75,22:36,Jaipur,Known,6,Shopping,697,0
TXN006147,1048.6,21:12,Kanpur,Known,2,Electronics,495,0
TXN006148,883.74,04:16,Mumbai,Known,7,Travel,678,0
TXN006149,206.85,14:58,Lucknow,Known,5,Bills,1862,0
TXN006150,6953.42,03:24,Jaipur,Known,2,Fuel,195,0
TXN006151,917.66,13:47,Jhansi,Known,5,Shopping,951,0
TXN006152,775.91,07:14,Pune,Known,5,Bills,1191,0
TXN006153,521.43,18:58,Noida,Known,5,Bills,1136,0
TXN006154,1452.39,13:16,Jaipur,Known,2,Travel,212,0
TXN006155,11466.77,11:10,Kanpur,New,5,Travel,679,0
TXN006156,16220.15,16:19,Jaipur,Known,2,Fuel,30,0
TXN006157,314.7,11:10,Pune,Known,5,Electronics,966,0
TXN006158,1240.63,00:35,Pune,Known,9,Travel,441,0
TXN006159,607.57,14:08,Jaipur,Known,4,Fuel,774,0
TXN006160,5081.17,18:12,Kanpur,Known,3,Shopping,1211,0
TXN006161,2431.99,11:42,Noida,Known,3,Food,736,0
TXN006162,922.55,04:02,Kanpur,Known,2,Shopping,729,0
TXN006163,1942.52,00:26,Noida,Known,3,Shopping,543,0
TXN006164,1090.35,07:41,Noida,Known,3,Bills,1164,0
TXN006165,9803.55,18:26,Noida,Known,4,Entertainment,406,0
TXN006166,3196.62,07:01,Lucknow,Known,2,Travel,818,0
TXN006167,3636.79,22:09,Pune,Known,7,Food,882,0
TXN006168,109.43,07:58,Pune,Known,4,Food,958,0
TXN006169,1678.09,10:46,Jhansi,Known,6,Food,774,0
TXN006170,16041.16,18:21,Lucknow,Known,3,Electronics,224,0
TXN006171,7244.35,14:52,Pune,Known,5,Fuel,643,0
TXN006172,258.81,00:00,Noida,Known,4,Entertainment,10,0
TXN006173,1295.23,01:02,Kanpur,Known,4,Shopping,541,0
TXN006174,509.76,04:53,Kanpur,Known,3,Food,917,0
TXN006175,10853.02,20:40,Noida,New,4,Shopping,1065,0
TXN006176,2326.3,00:35,Noida,Known,1,Travel,381,0
TXN006177,803.8,01:20,Mumbai,Known,3,Food,1510,0
TXN006178,1865.73,18:49,Mumbai,New,4,Bills,10,0
TXN006179,116.49,14:36,Pune,Known,3,Travel,845,0
TXN006180,576.13,23:26,Jaipur,Known,6,Bills,887,0
TXN006181,1870.21,05:22,Lucknow,Known,3,Entertainment,894,0
TXN006182,4374.3,15:21,Jaipur,Known,3,Fuel,820,0
TXN006183,234.43,03:34,Kanpur,Known,2,Bills,688,0
TXN006184,1206.32,14:39,Delhi,Known,5,Fuel,1365,0
TXN006185,5196.35,02:48,Noida,New,2,Shopping,219,0
TXN006186,392.1,21:24,Delhi,New,3,Food,519,0
TXN006187,2289.72,09:15,Delhi,Known,4,Entertainment,705,0
TXN006188,1929.11,06:33,Jaipur,New,4,Shopping,597,0
TXN006189,10890.45,23:35,Kanpur,Known,3,Electronics,265,0
TXN006190,1413.61,01:16,Mumbai,New,8,Food,913,0
TXN006191,1503.21,19:04,Kanpur,Known,2,Food,763,0
TXN006192,4417.15,12:19,Kanpur,Known,3,Electronics,1364,0
TXN006193,447.14,16:04,Jhansi,Known,5,Fuel,1001,0
TXN006194,1427.41,06:04,Lucknow,Known,3,Bills,1115,0
TXN006195,1115.47,21:57,Lucknow,Known,5,Shopping,1099,0
TXN006196,1555.71,10:46,Kanpur,Known,9,Shopping,235,0
TXN006197,4386.86,10:02,Jhansi,Known,5,Bills,523,0
TXN006198,3220.89,10:20,Jaipur,New,6,Fuel,535,0
TXN006199,820.1,07:15,Lucknow,Known,6,Shopping,1137,0
TXN006200,2077.82,07:58,Pune,Known,8,Entertainment,742,0
TXN006201,8608.5,03:26,Jaipur,New,4,Food,686,0
TXN006202,751.9,11:15,Mumbai,Known,5,Fuel,657,0
TXN006203,2096.38,11:38,Delhi,Known,5,Entertainment,1135,0
TXN006204,1469.57,09:28,Jhansi,Known,3,Food,269,0
TXN006205,1684.77,23:11,Jaipur,Known,3,Travel,703,0
TXN006206,324.85,02:18,Delhi,Known,4,Shopping,1314,0
TXN006207,7917.6,21:07,Mumbai,Known,2,Shopping,903,0
TXN006208,798.29,20:41,Noida,Known,7,Shopping,533,0
TXN006209,5286.53,00:58,Pune,Known,1,Entertainment,805,0
TXN006210,937.39,16:48,Delhi,Known,3,Food,80,0
TXN006211,933.33,05:22,Lucknow,Known,3,Food,409,0
TXN006212,6433.8,00:29,Mumbai,Known,4,Food,558,1
TXN006213,5110.85,20:03,Jaipur,Known,7,Food,228,0
TXN006214,2240.92,02:22,Noida,Known,5,Travel,975,0
TXN006215,4002.8,07:01,Kanpur,Known,6,Shopping,196,0
TXN006216,1329.5,02:44,Pune,Known,4,Entertainment,1189,0
TXN006217,1784.25,03:54,Kanpur,Known,5,Bills,915,0
TXN006218,898.6,01:11,Jaipur,Known,5,Travel,416,0
TXN006219,4650.87,20:40,Mumbai,Known,7,Shopping,476,0
TXN006220,869.1,01:35,Delhi,Known,3,Entertainment,686,0
TXN006221,8560.86,18:25,Lucknow,Known,5,Food,1067,0
TXN006222,1291.96,03:44,Mumbai,Known,6,Entertainment,662,0
TXN006223,1839.18,21:40,Pune,Known,5,Shopping,1110,0
TXN006224,3992.63,20:16,Kanpur,Known,3,Fuel,685,0
TXN006225,1845.67,15:47,Mumbai,Known,2,Fuel,960,0
TXN006226,1316.51,19:39,Noida,New,6,Travel,1298,0
TXN006227,1744.14,07:18,Kanpur,New,3,Shopping,780,0
TXN006228,4601.1,18:44,Kanpur,Known,8,Shopping,248,0
TXN006229,897.44,05:38,Mumbai,Known,2,Electronics,610,0
TXN006230,1576.55,14:07,Jaipur,Known,7,Entertainment,1503,0
TXN006231,1819.55,22:09,Jhansi,Known,4,Shopping,477,0
TXN006232,4462.02,17:19,Pune,Known,4,Travel,10,0
TXN006233,1620.85,06:02,Noida,Known,5,Food,292,0
TXN006234,12019.14,17:24,Kanpur,Known,5,Food,591,0
TXN006235,1527.18,21:27,Delhi,Known,5,Food,893,0
TXN006236,1402.45,21:46,Noida,New,7,Entertainment,1170,0
TXN006237,1504.11,17:10,Delhi,Known,4,Travel,349,0
TXN006238,451.72,17:34,Jaipur,Known,5,Fuel,1248,0
TXN006239,606.06,18:39,Mumbai,Known,3,Fuel,991,0
TXN006240,1031.06,17:26,Lucknow,New,5,Food,1134,0
TXN006241,5932.28,03:54,Kanpur,Known,4,Electronics,1103,0
TXN006242,1738.47,19:19,Kanpur,Known,3,Bills,530,0
TXN006243,1082.11,04:24,Jhansi,Known,6,Fuel,1446,0
TXN006244,6525.05,13:00,Pune,Known,4,Fuel,1241,0
TXN006245,9175.37,08:24,Noida,Known,4,Fuel,730,0
TXN006246,6725.72,05:01,Jaipur,Known,5,Shopping,1283,0
TXN006247,734.95,06:59,Kanpur,Known,2,Shopping,1797,0
TXN006248,1070.13,02:14,Kanpur,Known,5,Food,1111,0
TXN006249,12087.96,10:48,Pune,Known,7,Fuel,10,0
TXN006250,2318.65,10:07,Mumbai,Known,6,Shopping,19,1
TXN006251,1359.04,09:16,Mumbai,New,4,Shopping,822,0
TXN006252,3826.89,02:07,Delhi,New,6,Food,321,0
TXN006253,5183.35,14:22,Noida,Known,4,Bills,396,0
TXN006254,987.84,04:36,Noida,Known,5,Food,802,0
TXN006255,2266.41,20:25,Mumbai,Known,6,Electronics,546,0
TXN006256,4762.03,00:36,Delhi,New,2,Shopping,1063,0
TXN006257,532.32,01:48,Delhi,Known,3,Food,1116,0
TXN006258,1823.48,07:02,Kanpur,Known,3,Bills,271,0
TXN006259,558.6,09:25,Mumbai,Known,6,Shopping,822,0
TXN006260,640.84,23:35,Pune,Known,5,Shopping,496,0
TXN006261,996.54,12:31,Jaipur,Known,2,Bills,1007,0
TXN006262,2970.59,09:08,Noida,Known,4,Shopping,613,0
TXN006263,1283.59,20:12,Pune,Known,4,Travel,1095,0
TXN006264,911.15,05:22,Jaipur,Known,4,Bills,671,0
TXN006265,1900.12,21:39,Noida,Known,3,Shopping,1363,0
TXN006266,539.82,09:59,Kanpur,Known,5,Electronics,812,0
TXN006267,2823.65,07:22,Pune,Known,7,Shopping,58,0
TXN006268,5904.67,07:31,Kanpur,Known,2,Food,937,0
TXN006269,1656.36,00:18,Lucknow,Known,5,Fuel,574,0
TXN006270,1455.0,16:02,Delhi,Known,3,Shopping,10,0
TXN006271,2664.19,13:23,Jhansi,Known,6,Food,563,0
TXN006272,213.93,15:20,Pune,New,3,Entertainment,932,0
TXN006273,3162.76,15:09,Noida,Known,5,Electronics,1026,0
TXN006274,46747.78,00:40,Lucknow,Known,3,Food,980,0
TXN006275,1582.45,21:15,Jhansi,Known,3,Shopping,691,0
TXN006276,1588.37,12:13,Pune,Known,2,Fuel,544,0
TXN006277,3929.74,16:23,Noida,Known,4,Shopping,319,0
TXN006278,10128.83,00:57,Kanpur,Known,6,Food,1053,0
TXN006279,5010.34,18:38,Lucknow,Known,6,Entertainment,995,0
TXN006280,187.2,16:25,Lucknow,Known,8,Fuel,452,0
TXN006281,3252.28,08:49,Jaipur,Known,4,Electronics,1319,0
TXN006282,26797.63,22:01,Delhi,Known,3,Bills,1081,0
TXN006283,3460.28,15:20,Pune,Known,2,Shopping,1086,0
TXN006284,535.5,21:32,Mumbai,Known,3,Fuel,691,0
TXN006285,2419.86,19:29,Jaipur,Known,3,Food,1544,0
TXN006286,469.1,04:40,Lucknow,Known,9,Shopping,360,0
TXN006287,6568.14,23:42,Noida,New,3,Food,10,1
TXN006288,659.75,17:27,Noida,Known,7,Food,1082,0
TXN006289,1945.93,04:55,Noida,Known,2,Bills,1105,0
TXN006290,731.34,19:55,Pune,Known,4,Shopping,1059,0
TXN006291,1014.11,10:28,Delhi,Known,8,Food,1223,0
TXN006292,8569.8,20:54,Mumbai,Known,5,Entertainment,1187,0
TXN006293,2006.55,04:38,Mumbai,New,5,Electronics,1209,0
TXN006294,1000.62,06:08,Noida,Known,4,Food,868,0
TXN006295,540.8,08:07,Noida,Known,4,Shopping,868,0
TXN006296,252.21,10:04,Mumbai,Known,6,Food,765,0
TXN006297,483.81,15:12,Pune,Known,2,Shopping,1157,0
TXN006298,2024.54,05:18,Mumbai,Known,3,Shopping,414,0
TXN006299,5038.12,16:04,Lucknow,Known,4,Entertainment,647,0
TXN006300,999.42,00:36,Lucknow,Known,1,Fuel,261,0
TXN006301,9363.86,07:24,Noida,Known,2,Fuel,977,0
TXN006302,847.39,15:36,Delhi,Known,5,Entertainment,1393,0
TXN006303,1401.96,06:30,Jaipur,Known,3,Food,362,0
TXN006304,579.4,10:16,Noida,Known,6,Travel,14,0
TXN006305,5094.12,14:36,Jhansi,Known,8,Fuel,677,0
TXN006306,16283.83,05:57,Mumbai,Known,4,Electronics,833,0
TXN006307,283.05,23:19,Pune,Known,5,Food,635,0
TXN006308,1251.47,20:18,Pune,Known,6,Shopping,198,0
TXN006309,6792.41,23:30,Kanpur,New,2,Food,1164,0
TXN006310,393.96,11:48,Mumbai,Known,6,Shopping,842,0
TXN006311,3263.51,08:31,Lucknow,Known,5,Travel,1458,0
TXN006312,6490.45,23:49,Lucknow,Known,4,Bills,1110,0
TXN006313,1954.09,17:04,Mumbai,Known,6,Fuel,347,0
TXN006314,3207.73,19:05,Noida,Known,8,Entertainment,903,0
TXN006315,11435.63,04:24,Lucknow,Known,7,Entertainment,950,0
TXN006316,13924.29,20:13,Pune,Known,2,Shopping,1386,0
TXN006317,1686.61,12:01,Kanpur,Known,2,Fuel,459,0
TXN006318,1029.21,18:12,Jhansi,New,2,Fuel,176,0
TXN006319,685.1,19:16,Jaipur,Known,3,Food,715,0
TXN006320,5020.85,02:55,Lucknow,Known,2,Electronics,618,0
TXN006321,426.31,02:46,Delhi,Known,5,Bills,607,0
TXN006322,1380.69,01:21,Kanpur,Known,3,Electronics,841,0
TXN006323,2004.93,15:57,Kanpur,Known,4,Shopping,10,0
TXN006324,1061.45,21:50,Pune,Known,6,Travel,225,0
TXN006325,2414.76,00:15,Pune,Known,5,Food,752,0
TXN006326,26589.75,03:28,Noida,Known,5,Food,665,0
TXN006327,1584.25,11:55,Jaipur,Known,6,Food,1541,0
TXN006328,1139.52,09:27,Mumbai,Known,5,Shopping,704,0
TXN006329,5227.25,02:22,Mumbai,Known,4,Electronics,130,0
TXN006330,2314.86,14:54,Mumbai,Known,8,Entertainment,408,0
TXN006331,8158.74,21:39,Noida,Known,4,Entertainment,1116,0
TXN006332,2139.79,05:26,Mumbai,Known,2,Shopping,593,0
TXN006333,1386.72,00:52,Delhi,Known,7,Entertainment,10,0
TXN006334,276.62,05:44,Jaipur,Known,5,Food,980,0
TXN006335,328.59,04:20,Mumbai,Known,7,Shopping,1181,0
TXN006336,261.93,11:25,Mumbai,Known,3,Electronics,655,0
TXN006337,2680.74,02:02,Lucknow,Known,7,Shopping,469,0
TXN006338,430.6,08:06,Delhi,Known,3,Travel,1057,0
TXN006339,6727.09,02:57,Delhi,Known,4,Food,10,0
TXN006340,1858.08,16:03,Mumbai,Known,5,Fuel,1018,0
TXN006341,1392.9,11:50,Mumbai,Known,6,Shopping,717,0
TXN006342,742.11,01:12,Pune,Known,4,Shopping,1071,0
TXN006343,3459.62,01:32,Lucknow,Known,4,Entertainment,224,0
TXN006344,773.42,11:43,Noida,Known,5,Bills,675,0
TXN006345,639.63,14:59,Noida,Known,4,Shopping,1108,0
TXN006346,6268.61,04:22,Pune,Known,5,Shopping,930,0
TXN006347,2612.06,07:55,Jaipur,Known,3,Bills,10,0
TXN006348,1406.51,14:27,Kanpur,Known,6,Fuel,1058,0
TXN006349,3529.98,11:52,Delhi,Known,4,Food,1147,0
TXN006350,1816.96,02:06,Delhi,Known,3,Shopping,877,0
TXN006351,2691.1,09:16,Mumbai,Known,3,Electronics,729,0
TXN006352,763.45,04:37,Pune,Known,4,Electronics,1122,0
TXN006353,15826.81,22:42,Kanpur,Known,3,Food,752,0
TXN006354,979.4,19:48,Delhi,Known,4,Fuel,10,0
TXN006355,9222.11,07:21,Delhi,Known,1,Fuel,391,0
TXN006356,1476.2,05:37,Pune,Known,5,Bills,1350,0
TXN006357,4200.65,03:37,Kanpur,Known,6,Travel,601,0
TXN006358,3891.21,17:59,Delhi,Known,6,Food,797,0
TXN006359,6001.33,22:07,Pune,Known,5,Shopping,10,0
TXN006360,744.63,06:00,Noida,Known,4,Travel,927,0
TXN006361,5568.94,15:34,Kanpur,Known,6,Shopping,953,0
TXN006362,12510.25,05:00,Kanpur,Known,7,Travel,1660,0
TXN006363,1371.85,22:11,Noida,Known,4,Food,1038,0
TXN006364,1866.8,07:30,Mumbai,New,6,Shopping,1106,0
TXN006365,1038.91,02:16,Jaipur,Known,2,Food,10,0
TXN006366,1251.11,21:15,Pune,New,3,Travel,465,0
TXN006367,10856.68,22:20,Jhansi,Known,2,Food,1589,0
TXN006368,627.09,09:41,Noida,Known,2,Shopping,1080,0
TXN006369,669.36,21:21,Jaipur,Known,5,Bills,903,0
TXN006370,9769.18,05:47,Delhi,Known,5,Fuel,1468,0
TXN006371,3467.95,06:09,Delhi,Known,4,Electronics,347,0
TXN006372,16679.42,12:06,Pune,Known,6,Electronics,862,0
TXN006373,1121.68,14:09,Mumbai,Known,3,Food,907,0
TXN006374,2055.22,09:55,Noida,Known,3,Bills,646,0
TXN006375,899.49,19:16,Kanpur,New,7,Shopping,104,0
TXN006376,2092.28,18:01,Mumbai,New,6,Shopping,1329,0
TXN006377,279.43,02:18,Mumbai,Known,4,Shopping,741,0
TXN006378,3695.03,23:41,Noida,Known,6,Food,888,0
TXN006379,2528.02,03:21,Delhi,Known,5,Bills,413,0
TXN006380,1694.44,12:23,Delhi,Known,2,Food,397,0
TXN006381,1194.71,10:05,Lucknow,New,5,Electronics,561,0
TXN006382,703.49,10:40,Delhi,Known,3,Fuel,604,0
TXN006383,3864.7,03:13,Jhansi,Known,4,Food,1171,0
TXN006384,526.31,08:05,Jaipur,Known,4,Travel,862,0
TXN006385,3081.07,00:42,Noida,Known,2,Shopping,285,0
TXN006386,15894.3,23:56,Jhansi,New,1,Fuel,69,0
TXN006387,8564.14,03:36,Lucknow,New,2,Bills,1094,1
TXN006388,370.61,11:56,Jaipur,Known,3,Food,1139,0
TXN006389,1024.51,05:24,Pune,Known,2,Shopping,572,0
TXN006390,2801.93,04:31,Pune,New,5,Fuel,436,0
TXN006391,1671.95,09:21,Mumbai,Known,4,Entertainment,722,0
TXN006392,414.12,23:30,Delhi,Known,3,Entertainment,724,0
TXN006393,2697.62,11:53,Delhi,Known,3,Entertainment,818,0
TXN006394,1781.17,23:38,Mumbai,Known,2,Bills,1149,0
TXN006395,13434.53,19:01,Delhi,Known,4,Food,1115,0
TXN006396,1379.74,10:34,Pune,New,5,Bills,1064,0
TXN006397,6136.11,21:22,Mumbai,New,4,Food,273,0
TXN006398,475.85,08:32,Mumbai,Known,3,Electronics,921,0
TXN006399,611.63,12:33,Pune,New,3,Travel,841,0
TXN006400,3840.23,16:35,Jaipur,Known,3,Fuel,162,0
TXN006401,5616.47,14:51,Mumbai,Known,7,Food,543,0
TXN006402,658.71,19:51,Mumbai,Known,4,Bills,908,0
TXN006403,1846.09,03:58,Pune,Known,6,Food,105,0
TXN006404,421.95,11:36,Jaipur,New,6,Entertainment,450,0
TXN006405,1488.11,15:17,Jhansi,Known,2,Electronics,739,0
TXN006406,4334.28,07:11,Lucknow,New,7,Shopping,523,0
TXN006407,1140.06,20:50,Noida,Known,3,Food,1154,0
TXN006408,1385.83,07:54,Pune,Known,2,Entertainment,1010,0
TXN006409,549.64,07:02,Delhi,Known,7,Fuel,151,0
TXN006410,911.2,07:12,Lucknow,Known,4,Travel,338,0
TXN006411,11402.16,16:40,Pune,Known,4,Fuel,1179,0
TXN006412,1943.24,02:09,Noida,Known,4,Bills,939,0
TXN006413,628.36,03:03,Delhi,Known,5,Electronics,10,0
TXN006414,1293.4,18:59,Noida,Known,5,Entertainment,1298,0
TXN006415,336.38,04:05,Noida,New,3,Shopping,706,0
TXN006416,620.59,02:12,Mumbai,Known,6,Bills,684,0
TXN006417,7509.31,06:59,Lucknow,Known,4,Fuel,328,0
TXN006418,1549.88,09:06,Mumbai,New,3,Entertainment,1230,0
TXN006419,13105.78,00:47,Jaipur,Known,2,Bills,918,0
TXN006420,1628.52,20:33,Mumbai,Known,3,Entertainment,643,0
TXN006421,1733.27,02:32,Pune,Known,2,Fuel,10,0
TXN006422,3527.98,09:49,Kanpur,Known,1,Travel,495,0
TXN006423,108.78,04:01,Pune,Known,6,Electronics,242,0
TXN006424,2232.17,07:03,Jaipur,Known,3,Electronics,535,0
TXN006425,1709.76,01:11,Jaipur,Known,3,Fuel,328,0
TXN006426,8568.8,22:29,Pune,Known,4,Food,1036,0
TXN006427,4956.5,22:57,Lucknow,Known,4,Shopping,1350,0
TXN006428,547.39,03:04,Mumbai,Known,3,Electronics,669,0
TXN006429,6632.83,04:25,Mumbai,Known,5,Bills,213,0
TXN006430,1366.64,21:25,Jhansi,Known,3,Food,550,0
TXN006431,696.36,09:11,Lucknow,Known,6,Food,514,0
TXN006432,2213.88,01:20,Lucknow,Known,5,Bills,1361,0
TXN006433,1454.82,03:12,Delhi,Known,6,Electronics,717,0
TXN006434,9053.72,09:08,Noida,Known,6,Shopping,1309,0
TXN006435,2573.95,13:31,Delhi,Known,4,Food,105,0
TXN006436,2233.85,15:55,Mumbai,Known,4,Travel,701,0
TXN006437,4634.21,03:24,Jhansi,Known,3,Fuel,263,0
TXN006438,5670.64,08:38,Kanpur,Known,3,Food,647,0
TXN006439,4098.3,06:40,Pune,Known,3,Fuel,911,0
TXN006440,7990.26,12:50,Jhansi,New,3,Entertainment,67,1
TXN006441,3410.65,07:49,Pune,Known,5,Travel,470,0
TXN006442,2146.46,04:54,Mumbai,Known,1,Shopping,619,0
TXN006443,6612.21,19:48,Delhi,Known,2,Bills,777,0
TXN006444,1636.15,13:55,Noida,Known,1,Food,48,0
TXN006445,1863.95,11:57,Delhi,Known,2,Food,872,0
TXN006446,10973.05,03:44,Pune,Known,8,Fuel,886,0
TXN006447,9882.91,01:29,Jaipur,Known,4,Bills,1117,0
TXN006448,1784.61,19:18,Mumbai,Known,2,Shopping,30,0
TXN006449,1118.02,23:34,Noida,Known,6,Travel,565,0
TXN006450,8365.52,14:49,Lucknow,Known,7,Travel,691,0
TXN006451,4171.29,00:45,Mumbai,New,5,Fuel,778,0
TXN006452,2507.15,11:31,Lucknow,New,8,Food,728,0
TXN006453,1283.79,06:04,Jhansi,Known,3,Food,465,0
TXN006454,2549.94,01:16,Jaipur,Known,1,Fuel,741,0
TXN006455,1759.44,03:34,Mumbai,New,5,Entertainment,1901,0
TXN006456,896.04,11:23,Noida,Known,2,Entertainment,938,0
TXN006457,2061.19,10:27,Mumbai,Known,5,Bills,49,0
TXN006458,2378.53,13:18,Mumbai,New,2,Entertainment,1338,0
TXN006459,1213.64,16:04,Jhansi,Known,2,Shopping,1395,0
TXN006460,4649.7,06:27,Noida,New,5,Food,1047,0
TXN006461,6966.14,06:26,Noida,Known,5,Food,1243,0
TXN006462,4983.73,16:46,Jaipur,Known,3,Travel,1681,0
TXN006463,1346.79,04:06,Delhi,Known,4,Travel,819,0
TXN006464,3980.47,01:29,Kanpur,Known,3,Entertainment,1144,0
TXN006465,1953.55,20:51,Mumbai,New,4,Food,1339,0
TXN006466,491.77,05:16,Pune,Known,4,Food,377,0
TXN006467,3647.9,02:18,Delhi,New,6,Food,1333,0
TXN006468,2098.5,17:05,Delhi,Known,1,Shopping,784,0
TXN006469,27412.86,12:34,Noida,New,2,Shopping,1106,0
TXN006470,8313.84,03:51,Lucknow,Known,3,Shopping,1086,0
TXN006471,3798.07,20:28,Noida,Known,4,Food,417,0
TXN006472,2338.28,05:25,Jaipur,Known,2,Travel,1272,0
TXN006473,2137.62,16:44,Lucknow,Known,4,Shopping,517,0
TXN006474,627.45,15:26,Kanpur,Known,5,Food,816,0
TXN006475,289.92,19:23,Jaipur,New,3,Shopping,1049,0
TXN006476,720.07,17:45,Noida,New,5,Entertainment,940,0
TXN006477,1712.04,16:17,Mumbai,Known,2,Entertainment,462,0
TXN006478,197.3,01:50,Pune,Known,6,Food,161,0
TXN006479,1016.38,22:16,Kanpur,Known,3,Food,353,0
TXN006480,1387.9,03:30,Pune,Known,2,Fuel,1003,0
TXN006481,1435.61,06:15,Jhansi,Known,4,Bills,925,0
TXN006482,898.5,10:37,Mumbai,Known,6,Travel,617,0
TXN006483,1257.59,06:26,Pune,Known,2,Travel,602,0
TXN006484,10999.78,14:14,Delhi,New,3,Travel,569,0
TXN006485,3607.59,01:44,Pune,Known,3,Fuel,241,0
TXN006486,999.47,10:56,Pune,Known,5,Entertainment,1084,0
TXN006487,1675.35,08:01,Jaipur,Known,4,Fuel,235,0
TXN006488,1747.28,15:34,Delhi,New,3,Food,752,0
TXN006489,803.67,12:43,Lucknow,Known,4,Entertainment,1234,0
TXN006490,802.68,18:43,Delhi,New,5,Shopping,684,0
TXN006491,5200.93,03:13,Lucknow,New,2,Food,1364,0
TXN006492,1158.37,22:06,Lucknow,Known,4,Travel,251,0
TXN006493,570.27,09:30,Jhansi,Known,4,Bills,142,0
TXN006494,1720.28,08:38,Lucknow,Known,1,Fuel,10,0
TXN006495,2037.45,13:17,Jaipur,Known,5,Food,1017,0
TXN006496,226.83,03:22,Mumbai,Known,3,Travel,10,0
TXN006497,1724.61,19:31,Lucknow,Known,1,Bills,1367,0
TXN006498,4477.95,06:27,Noida,Known,4,Electronics,1428,0
TXN006499,2890.93,22:29,Mumbai,Known,6,Shopping,812,0
TXN006500,18710.25,03:40,Noida,Known,4,Entertainment,360,0
TXN006501,6695.61,20:59,Noida,Known,7,Food,10,0
TXN006502,8241.38,09:47,Noida,Known,6,Food,867,0
TXN006503,34051.6,14:00,Noida,Known,3,Fuel,693,0
TXN006504,3990.24,20:20,Pune,Known,4,Shopping,797,0
TXN006505,2136.16,03:00,Jaipur,New,3,Entertainment,925,0
TXN006506,5003.88,08:52,Delhi,New,2,Bills,240,0
TXN006507,1000.59,22:38,Kanpur,Known,4,Electronics,608,0
TXN006508,2015.48,03:13,Pune,Known,4,Electronics,763,0
TXN006509,911.81,02:50,Delhi,Known,2,Bills,1657,0
TXN006510,2733.74,12:33,Kanpur,Known,3,Bills,1029,0
TXN006511,907.81,00:03,Jhansi,Known,2,Fuel,762,0
TXN006512,875.04,23:09,Mumbai,Known,2,Fuel,274,0
TXN006513,2778.56,21:48,Lucknow,Known,2,Bills,1237,0
TXN006514,1557.67,04:17,Pune,Known,3,Food,1410,0
TXN006515,237.85,04:31,Delhi,Known,5,Food,67,0
TXN006516,390.41,18:53,Delhi,Known,5,Shopping,10,0
TXN006517,539.65,12:17,Pune,Known,6,Shopping,725,0
TXN006518,712.24,19:00,Pune,Known,6,Food,619,0
TXN006519,2781.34,23:05,Jhansi,Known,6,Fuel,1295,0
TXN006520,2265.22,09:54,Lucknow,Known,6,Shopping,225,0
TXN006521,5508.71,06:35,Delhi,Known,2,Shopping,303,0
TXN006522,3967.87,14:19,Pune,Known,5,Bills,58,0
TXN006523,5547.15,15:04,Mumbai,Known,4,Travel,279,0
TXN006524,3409.63,10:41,Jaipur,Known,3,Shopping,768,0
TXN006525,2243.3,07:02,Noida,Known,5,Bills,60,0
TXN006526,5709.35,06:05,Delhi,Known,3,Electronics,2059,0
TXN006527,4726.43,12:35,Jhansi,Known,9,Shopping,10,0
TXN006528,2671.62,10:38,Jaipur,Known,7,Fuel,470,0
TXN006529,6837.43,10:34,Pune,Known,7,Entertainment,796,0
TXN006530,153.31,02:54,Jhansi,Known,5,Fuel,1238,0
TXN006531,1326.84,21:16,Delhi,Known,2,Entertainment,272,0
TXN006532,1305.66,16:33,Noida,Known,2,Entertainment,10,0
TXN006533,6038.19,22:18,Noida,Known,6,Bills,268,0
TXN006534,9372.23,19:21,Jhansi,Known,6,Fuel,1469,0
TXN006535,392.62,14:09,Mumbai,Known,4,Electronics,10,0
TXN006536,7920.96,07:47,Jaipur,Known,6,Shopping,1138,0
TXN006537,526.12,15:42,Kanpur,Known,3,Fuel,819,0
TXN006538,543.09,13:42,Mumbai,Known,2,Electronics,867,0
TXN006539,1407.46,22:08,Mumbai,Known,8,Electronics,1203,0
TXN006540,1288.75,05:07,Mumbai,Known,2,Bills,386,0
TXN006541,350.45,00:46,Kanpur,Known,5,Bills,1110,0
TXN006542,3561.42,03:39,Mumbai,Known,2,Shopping,766,0
TXN006543,3673.55,04:01,Kanpur,New,3,Travel,147,0
TXN006544,5444.09,15:39,Mumbai,New,3,Entertainment,660,0
TXN006545,1141.86,03:58,Mumbai,Known,2,Bills,681,0
TXN006546,1726.72,03:45,Delhi,Known,4,Food,10,0
TXN006547,1743.4,09:16,Lucknow,Known,4,Bills,288,0
TXN006548,10592.88,18:18,Lucknow,Known,4,Bills,904,0
TXN006549,91.8,10:45,Lucknow,Known,5,Shopping,761,0
TXN006550,659.02,06:24,Noida,Known,7,Entertainment,1141,0
TXN006551,1810.5,06:44,Kanpur,Known,2,Electronics,1240,0
TXN006552,575.76,19:57,Noida,Known,4,Fuel,324,0
TXN006553,1372.39,10:24,Delhi,Known,4,Food,390,0
TXN006554,1576.82,08:34,Lucknow,Known,5,Food,38,0
TXN006555,902.32,18:29,Delhi,Known,5,Shopping,914,0
TXN006556,1926.06,08:30,Kanpur,Known,3,Food,470,0
TXN006557,3481.08,08:04,Jhansi,Known,4,Travel,1190,0
TXN006558,1404.54,18:59,Pune,Known,3,Shopping,1135,0
TXN006559,1118.44,07:32,Kanpur,Known,4,Shopping,906,0
TXN006560,1512.45,12:13,Lucknow,Known,3,Fuel,514,0
TXN006561,1786.0,15:34,Mumbai,Known,6,Electronics,1158,0
TXN006562,289.51,04:23,Jaipur,New,2,Food,698,0
TXN006563,2922.44,03:49,Mumbai,Known,1,Food,800,0
TXN006564,1121.02,20:45,Delhi,New,3,Shopping,10,0
TXN006565,6769.31,07:22,Delhi,Known,1,Shopping,859,0
TXN006566,3348.1,08:42,Jaipur,New,3,Entertainment,718,0
TXN006567,6149.41,14:01,Jaipur,New,3,Fuel,651,0
TXN006568,622.65,02:58,Mumbai,Known,5,Shopping,453,0
TXN006569,1218.76,01:30,Delhi,Known,4,Entertainment,51,0
TXN006570,488.31,09:39,Noida,Known,5,Entertainment,674,0
TXN006571,858.42,23:38,Mumbai,Known,4,Bills,10,0
TXN006572,6702.61,13:18,Delhi,Known,7,Fuel,601,0
TXN006573,8581.87,13:41,Lucknow,Known,2,Bills,461,0
TXN006574,539.15,14:23,Lucknow,Known,5,Electronics,1249,0
TXN006575,1112.48,20:40,Lucknow,Known,5,Shopping,1485,0
TXN006576,1661.6,20:05,Jhansi,New,1,Travel,59,0
TXN006577,3329.0,00:08,Noida,Known,1,Bills,1028,0
TXN006578,283.65,12:55,Kanpur,Known,3,Shopping,418,0
TXN006579,334.42,13:44,Delhi,Known,3,Shopping,498,0
TXN006580,3009.86,05:07,Delhi,Known,6,Food,491,0
TXN006581,232.54,23:12,Pune,Known,8,Bills,1244,0
TXN006582,1125.98,06:32,Mumbai,Known,3,Fuel,650,0
TXN006583,2133.97,20:00,Lucknow,New,4,Travel,875,0
TXN006584,2784.97,02:24,Delhi,New,4,Shopping,10,0
TXN006585,1551.13,14:19,Mumbai,Known,5,Travel,217,0
TXN006586,1225.98,17:08,Kanpur,Known,3,Food,465,0
TXN006587,4369.23,12:17,Mumbai,Known,3,Food,699,0
TXN006588,2428.45,02:17,Jhansi,Known,5,Shopping,980,0
TXN006589,912.49,02:04,Lucknow,Known,1,Food,452,0
TXN006590,1872.73,14:38,Pune,Known,5,Food,1287,0
TXN006591,2691.54,20:16,Jhansi,Known,10,Shopping,583,0
TXN006592,10934.64,14:01,Mumbai,New,2,Bills,408,0
TXN006593,4110.01,02:01,Pune,Known,5,Food,1060,0
TXN006594,6443.5,18:57,Jaipur,Known,6,Bills,996,0
TXN006595,948.05,11:07,Delhi,New,3,Travel,10,0
TXN006596,1038.1,01:54,Noida,Known,1,Food,1364,0
TXN006597,1405.84,08:09,Jhansi,Known,4,Shopping,469,0
TXN006598,1548.11,04:05,Noida,Known,7,Fuel,606,0
TXN006599,624.6,23:32,Delhi,New,6,Food,328,0
TXN006600,6800.64,21:52,Delhi,Known,4,Food,516,0
TXN006601,4550.81,02:04,Mumbai,New,2,Food,10,0
TXN006602,1305.81,13:19,Delhi,Known,3,Bills,820,0
TXN006603,3531.01,00:45,Lucknow,Known,5,Food,429,0
TXN006604,2274.66,10:04,Pune,Known,8,Fuel,564,0
TXN006605,3832.84,03:10,Lucknow,Known,6,Shopping,1108,0
TXN006606,438.79,17:18,Lucknow,Known,6,Travel,885,0
TXN006607,1544.72,01:48,Mumbai,Known,8,Food,691,0
TXN006608,1693.58,21:48,Lucknow,Known,6,Travel,1519,0
TXN006609,3464.65,05:42,Pune,Known,3,Bills,201,0
TXN006610,930.46,06:39,Pune,Known,4,Bills,720,0
TXN006611,130.4,21:01,Lucknow,Known,2,Travel,1226,0
TXN006612,578.11,21:14,Lucknow,Known,2,Food,1333,0
TXN006613,1688.24,02:55,Mumbai,Known,4,Bills,71,0
TXN006614,1924.88,02:43,Jaipur,Known,4,Travel,384,0
TXN006615,10545.74,20:14,Mumbai,New,9,Shopping,1171,0
TXN006616,3319.02,23:42,Lucknow,Known,3,Entertainment,497,0
TXN006617,1960.88,11:43,Lucknow,Known,3,Travel,717,0
TXN006618,1739.81,03:44,Delhi,Known,1,Entertainment,489,0
TXN006619,5738.39,03:58,Mumbai,Known,7,Electronics,688,0
TXN006620,968.67,06:32,Jaipur,Known,3,Electronics,10,0
TXN006621,1553.47,16:03,Delhi,Known,6,Shopping,533,0
TXN006622,573.54,02:49,Mumbai,Known,2,Shopping,669,0
TXN006623,7985.58,15:00,Mumbai,Known,4,Shopping,506,0
TXN006624,2718.04,19:38,Mumbai,Known,2,Bills,745,0
TXN006625,856.32,03:47,Jaipur,Known,5,Shopping,140,0
TXN006626,1596.17,23:07,Noida,Known,4,Shopping,813,0
TXN006627,3073.82,23:47,Jaipur,Known,5,Bills,1392,0
TXN006628,1383.38,07:48,Pune,Known,9,Entertainment,1242,0
TXN006629,1026.95,02:39,Jhansi,Known,4,Electronics,995,0
TXN006630,905.56,07:19,Kanpur,Known,2,Food,809,0
TXN006631,2569.46,06:12,Kanpur,New,4,Food,400,0
TXN006632,1235.94,06:42,Noida,Known,3,Travel,491,0
TXN006633,1117.78,22:09,Noida,Known,6,Bills,1062,0
TXN006634,442.6,03:40,Jhansi,Known,4,Fuel,639,0
TXN006635,1952.89,07:10,Lucknow,Known,6,Bills,1587,0
TXN006636,1488.1,18:20,Noida,Known,3,Shopping,10,0
TXN006637,1284.1,01:30,Delhi,Known,1,Entertainment,612,0
TXN006638,2217.76,01:09,Kanpur,Known,4,Fuel,464,0
TXN006639,3947.92,07:47,Kanpur,Known,3,Fuel,1025,0
TXN006640,3760.04,23:41,Kanpur,Known,4,Fuel,1115,0
TXN006641,3216.04,20:00,Kanpur,Known,4,Food,159,0
TXN006642,1398.06,22:50,Noida,Known,2,Bills,136,0
TXN006643,992.47,20:43,Noida,Known,2,Shopping,375,0
TXN006644,601.5,02:50,Mumbai,Known,4,Food,930,0
TXN006645,965.58,09:36,Lucknow,Known,6,Entertainment,883,0
TXN006646,1837.52,12:37,Delhi,Known,1,Shopping,14,0
TXN006647,788.35,03:23,Delhi,Known,2,Entertainment,823,0
TXN006648,1991.02,23:13,Mumbai,New,6,Bills,766,0
TXN006649,653.15,14:14,Noida,Known,3,Fuel,675,0
TXN006650,314.66,20:18,Pune,Known,4,Bills,947,0
TXN006651,4255.29,06:17,Mumbai,New,2,Bills,795,0
TXN006652,1093.79,17:45,Pune,New,3,Fuel,733,0
TXN006653,747.44,02:31,Lucknow,Known,4,Travel,1189,0
TXN006654,570.78,00:24,Pune,Known,4,Fuel,1341,0
TXN006655,2806.6,15:43,Kanpur,Known,3,Food,527,0
TXN006656,7625.06,01:43,Noida,Known,2,Fuel,673,0
TXN006657,1178.87,06:56,Lucknow,Known,5,Food,982,0
TXN006658,1435.4,19:18,Delhi,Known,4,Bills,620,0
TXN006659,5545.57,11:14,Mumbai,Known,3,Fuel,992,0
TXN006660,268.96,09:00,Noida,Known,3,Food,754,0
TXN006661,14196.55,06:09,Jaipur,Known,5,Entertainment,1026,0
TXN006662,23431.75,16:36,Jhansi,Known,3,Entertainment,981,0
TXN006663,104.99,22:48,Noida,Known,2,Travel,664,0
TXN006664,1624.84,17:36,Delhi,Known,5,Food,1076,0
TXN006665,846.11,08:59,Noida,Known,3,Bills,999,0
TXN006666,1363.12,10:37,Pune,New,4,Entertainment,1673,0
TXN006667,1160.07,02:52,Lucknow,Known,6,Food,10,0
TXN006668,4221.26,03:16,Kanpur,Known,5,Electronics,979,0
TXN006669,1599.34,06:19,Delhi,New,6,Entertainment,1138,0
TXN006670,691.66,09:48,Delhi,Known,4,Bills,1635,0
TXN006671,1502.29,23:39,Delhi,Known,3,Entertainment,483,0
TXN006672,3090.43,20:29,Noida,Known,4,Fuel,746,0
TXN006673,519.38,02:57,Pune,Known,2,Shopping,506,0
TXN006674,319.58,07:45,Delhi,Known,7,Fuel,1446,0
TXN006675,14587.52,01:17,Jaipur,Known,2,Electronics,376,0
TXN006676,916.9,01:36,Pune,Known,4,Fuel,494,0
TXN006677,1558.25,08:23,Kanpur,Known,2,Electronics,88,0
TXN006678,1185.43,23:24,Jaipur,Known,2,Bills,10,0
TXN006679,3200.41,04:48,Pune,Known,3,Travel,702,0
TXN006680,11579.27,16:40,Mumbai,Known,4,Shopping,657,0
TXN006681,3309.24,09:00,Jaipur,Known,3,Shopping,603,0
TXN006682,365.5,12:34,Lucknow,Known,6,Fuel,956,0
TXN006683,420.82,20:38,Delhi,Known,6,Bills,1022,0
TXN006684,1183.97,19:30,Mumbai,Known,7,Entertainment,411,0
TXN006685,1358.17,19:17,Noida,Known,4,Entertainment,726,0
TXN006686,295.15,09:38,Jaipur,Known,3,Food,651,0
TXN006687,4255.0,01:56,Lucknow,Known,8,Travel,701,0
TXN006688,575.31,23:05,Kanpur,Known,6,Fuel,1327,0
TXN006689,8634.39,23:36,Mumbai,Known,5,Food,873,0
TXN006690,12175.81,20:54,Pune,New,2,Shopping,1135,0
TXN006691,1386.97,11:24,Delhi,Known,3,Fuel,613,0
TXN006692,2853.96,06:20,Jhansi,Known,5,Entertainment,222,0
TXN006693,493.73,04:14,Jhansi,Known,5,Food,1150,1
TXN006694,3464.77,08:13,Delhi,Known,2,Fuel,1006,0
TXN006695,1066.82,08:23,Jaipur,Known,4,Electronics,500,0
TXN006696,574.76,06:46,Jaipur,New,3,Shopping,623,0
TXN006697,1328.41,22:10,Kanpur,New,3,Shopping,929,0
TXN006698,1103.79,15:13,Noida,Known,6,Bills,852,0
TXN006699,1279.37,05:59,Pune,Known,3,Food,646,0
TXN006700,4879.05,15:59,Delhi,Known,5,Fuel,240,0
TXN006701,789.16,16:13,Delhi,New,3,Shopping,1502,0
TXN006702,11129.07,12:25,Noida,Known,3,Shopping,696,0
TXN006703,447.75,22:24,Kanpur,Known,7,Fuel,1182,0
TXN006704,9815.75,23:17,Noida,New,2,Electronics,10,1
TXN006705,619.06,10:09,Kanpur,Known,4,Food,181,0
TXN006706,1798.09,11:03,Noida,Known,2,Bills,1163,0
TXN006707,1075.82,05:36,Delhi,Known,2,Electronics,621,0
TXN006708,1254.67,18:02,Mumbai,Known,2,Shopping,1142,0
TXN006709,4175.41,22:37,Mumbai,Known,3,Travel,451,0
TXN006710,8693.75,15:05,Lucknow,Known,1,Fuel,644,0
TXN006711,6282.94,04:09,Noida,Known,4,Entertainment,380,0
TXN006712,1176.67,12:00,Pune,Known,5,Food,1110,0
TXN006713,2184.21,19:23,Lucknow,Known,7,Fuel,560,0
TXN006714,791.84,01:19,Jhansi,Known,4,Food,1049,0
TXN006715,635.5,14:19,Mumbai,Known,4,Food,1333,0
TXN006716,540.19,15:18,Kanpur,Known,7,Bills,615,0
TXN006717,1136.93,12:56,Jaipur,Known,2,Entertainment,660,0
TXN006718,2339.35,15:25,Mumbai,New,3,Shopping,483,0
TXN006719,241.81,21:48,Pune,Known,6,Electronics,1533,0
TXN006720,1714.49,02:13,Delhi,Known,3,Travel,654,0
TXN006721,8842.88,13:28,Lucknow,Known,8,Travel,601,0
TXN006722,5846.21,19:03,Jhansi,Known,4,Bills,232,0
TXN006723,973.7,19:15,Noida,Known,4,Shopping,466,0
TXN006724,415.23,11:04,Jhansi,Known,3,Travel,514,0
TXN006725,2917.15,23:01,Pune,Known,6,Food,1160,0
TXN006726,157.94,07:10,Pune,Known,4,Bills,574,0
TXN006727,5774.48,10:09,Jhansi,Known,1,Fuel,549,0
TXN006728,1438.38,19:18,Lucknow,Known,5,Travel,1021,0
TXN006729,12312.96,10:44,Lucknow,Known,4,Food,712,0
TXN006730,293.6,08:08,Jhansi,Known,3,Food,243,0
TXN006731,4720.15,13:36,Jhansi,Known,4,Food,1351,0
TXN006732,1619.72,14:21,Lucknow,Known,2,Shopping,468,0
TXN006733,1271.48,23:24,Lucknow,Known,7,Electronics,819,0
TXN006734,427.18,14:55,Delhi,Known,3,Electronics,888,0
TXN006735,3364.64,04:27,Delhi,Known,4,Food,10,1
TXN006736,3660.98,01:15,Kanpur,Known,6,Electronics,562,0
TXN006737,11730.25,23:14,Pune,Known,4,Electronics,452,0
TXN006738,5187.44,10:10,Noida,Known,5,Food,201,0
TXN006739,964.83,04:48,Jaipur,Known,4,Food,649,0
TXN006740,627.34,05:39,Noida,Known,4,Fuel,748,0
TXN006741,427.79,02:16,Mumbai,Known,3,Entertainment,926,0
TXN006742,8454.27,04:29,Noida,Known,2,Food,746,0
TXN006743,795.09,18:30,Pune,Known,6,Electronics,679,0
TXN006744,8516.69,15:02,Jhansi,Known,4,Food,1372,0
TXN006745,3123.99,14:54,Kanpur,Known,5,Food,552,0
TXN006746,2545.14,00:47,Jhansi,Known,4,Food,10,0
TXN006747,1304.18,16:32,Delhi,Known,4,Shopping,358,0
TXN006748,3602.01,23:42,Mumbai,Known,5,Travel,1172,0
TXN006749,1771.0,22:06,Delhi,Known,4,Travel,615,0
TXN006750,1221.54,09:58,Lucknow,Known,3,Electronics,331,0
TXN006751,3738.15,14:38,Pune,Known,1,Shopping,1002,0
TXN006752,1547.46,07:56,Mumbai,Known,4,Shopping,1354,0
TXN006753,778.44,21:51,Delhi,Known,9,Food,622,0
TXN006754,3379.08,22:35,Noida,New,3,Shopping,973,0
TXN006755,1683.04,05:17,Pune,Known,4,Food,1320,0
TXN006756,3007.6,11:41,Kanpur,New,4,Travel,1575,0
TXN006757,1117.66,05:30,Lucknow,Known,6,Electronics,938,0
TXN006758,505.71,14:24,Lucknow,Known,3,Food,680,0
TXN006759,11129.67,07:42,Jhansi,Known,6,Food,675,0
TXN006760,9131.49,16:53,Pune,Known,8,Fuel,10,0
TXN006761,4552.88,23:10,Mumbai,Known,3,Entertainment,165,0
TXN006762,1197.92,20:33,Jaipur,Known,4,Shopping,913,0
TXN006763,1313.18,04:46,Jhansi,New,4,Travel,1803,1
TXN006764,7684.69,03:19,Noida,Known,2,Food,464,0
TXN006765,1241.43,19:20,Delhi,Known,5,Shopping,609,0
TXN006766,926.45,01:00,Jaipur,Known,3,Food,878,0
TXN006767,12853.72,09:19,Kanpur,Known,3,Travel,1362,0
TXN006768,1712.11,23:35,Lucknow,Known,3,Food,354,0
TXN006769,11526.32,10:58,Lucknow,New,2,Electronics,516,0
TXN006770,414.57,00:31,Mumbai,Known,4,Entertainment,714,0
TXN006771,3101.48,23:17,Delhi,Known,4,Food,768,0
TXN006772,15838.18,16:48,Delhi,Known,5,Travel,793,0
TXN006773,1857.12,07:11,Mumbai,Known,2,Food,872,0
TXN006774,1364.22,14:11,Kanpur,Known,4,Travel,957,0
TXN006775,528.16,14:31,Noida,Known,3,Bills,855,0
TXN006776,5608.3,13:48,Noida,Known,5,Food,715,0
TXN006777,801.84,23:12,Jhansi,Known,5,Shopping,138,0
TXN006778,1629.44,18:00,Delhi,Known,3,Shopping,170,0
TXN006779,492.41,06:43,Lucknow,Known,8,Bills,404,0
TXN006780,9230.62,23:35,Noida,Known,3,Food,1194,0
TXN006781,6052.17,23:41,Noida,Known,4,Shopping,1315,0
TXN006782,1741.28,01:23,Mumbai,New,4,Food,155,0
TXN006783,535.76,07:07,Jaipur,Known,4,Fuel,1117,0
TXN006784,9029.43,14:19,Pune,New,2,Electronics,59,0
TXN006785,1225.76,21:28,Pune,Known,3,Travel,979,0
TXN006786,564.01,17:25,Noida,Known,6,Food,534,0
TXN006787,282.96,13:53,Lucknow,Known,2,Shopping,10,0
TXN006788,913.5,07:13,Jaipur,Known,6,Bills,297,0
TXN006789,390.79,02:18,Jaipur,Known,4,Travel,474,0
TXN006790,935.97,21:11,Pune,Known,2,Bills,908,0
TXN006791,3933.05,12:34,Pune,Known,2,Fuel,703,0
TXN006792,1213.63,10:48,Jaipur,Known,3,Travel,672,0
TXN006793,2615.0,23:52,Noida,Known,5,Bills,603,0
TXN006794,842.22,03:13,Mumbai,Known,4,Electronics,1138,1
TXN006795,1927.48,06:25,Kanpur,Known,4,Fuel,301,0
TXN006796,13527.61,20:44,Jhansi,New,2,Food,943,0
TXN006797,1248.42,06:02,Noida,Known,3,Food,1727,0
TXN006798,2695.11,22:42,Kanpur,New,3,Electronics,948,0
TXN006799,347.84,20:08,Kanpur,Known,5,Shopping,933,0
TXN006800,8880.86,02:02,Jaipur,Known,3,Shopping,443,0
TXN006801,1090.59,10:06,Lucknow,Known,4,Shopping,1576,0
TXN006802,5424.07,18:52,Delhi,Known,1,Fuel,385,0
TXN006803,1581.62,11:40,Noida,Known,4,Fuel,683,0
TXN006804,3421.04,05:47,Lucknow,Known,4,Food,10,1
TXN006805,3641.33,01:41,Mumbai,Known,4,Entertainment,442,0
TXN006806,1119.32,00:47,Jhansi,Known,4,Fuel,1034,0
TXN006807,5664.9,04:29,Jaipur,Known,3,Shopping,659,0
TXN006808,811.28,06:48,Mumbai,Known,5,Food,1156,0
TXN006809,4073.97,07:03,Lucknow,Known,4,Bills,801,0
TXN006810,1194.91,20:34,Kanpur,Known,6,Shopping,920,0
TXN006811,2598.21,12:45,Noida,Known,2,Shopping,1133,0
TXN006812,1108.15,03:59,Lucknow,Known,3,Shopping,48,0
TXN006813,1896.98,01:21,Lucknow,Known,7,Shopping,1066,0
TXN006814,582.37,03:10,Noida,Known,3,Bills,556,0
TXN006815,2334.32,07:43,Jaipur,Known,5,Fuel,509,0
TXN006816,1885.48,17:04,Mumbai,Known,2,Shopping,259,0
TXN006817,1020.84,01:46,Jhansi,Known,3,Shopping,901,0
TXN006818,1698.94,09:42,Pune,Known,3,Entertainment,767,0
TXN006819,2071.95,10:41,Mumbai,Known,5,Fuel,1065,0
TXN006820,942.34,03:17,Pune,New,4,Fuel,62,0
TXN006821,1572.38,01:07,Lucknow,Known,3,Shopping,1152,0
TXN006822,626.23,05:36,Delhi,Known,4,Entertainment,923,0
TXN006823,21132.38,03:21,Delhi,Known,4,Fuel,337,0
TXN006824,5473.19,19:23,Delhi,New,3,Shopping,1130,0
TXN006825,2397.76,22:11,Pune,Known,4,Entertainment,872,0
TXN006826,6162.64,14:20,Noida,Known,2,Shopping,170,0
TXN006827,225.28,18:49,Pune,Known,5,Food,778,0
TXN006828,122.73,18:53,Noida,New,2,Shopping,10,0
TXN006829,1183.56,21:20,Lucknow,Known,5,Bills,990,0
TXN006830,423.29,02:08,Jaipur,Known,3,Electronics,423,0
TXN006831,1404.04,23:02,Pune,Known,1,Travel,10,0
TXN006832,2233.85,10:11,Lucknow,New,4,Electronics,10,0
TXN006833,4731.4,13:00,Noida,Known,3,Entertainment,828,0
TXN006834,544.77,19:40,Pune,Known,4,Food,645,0
TXN006835,2738.47,11:38,Kanpur,New,4,Shopping,561,0
TXN006836,1827.4,06:46,Delhi,Known,5,Bills,805,0
TXN006837,2592.63,00:19,Mumbai,Known,3,Food,704,0
TXN006838,1042.92,04:49,Jaipur,Known,1,Shopping,1010,0
TXN006839,7691.21,02:10,Noida,Known,3,Bills,694,0
TXN006840,1614.62,09:13,Noida,Known,4,Food,500,0
TXN006841,11596.21,18:54,Jaipur,Known,1,Food,508,0
TXN006842,784.96,08:52,Mumbai,New,3,Shopping,790,0
TXN006843,3926.53,14:35,Jaipur,New,1,Fuel,894,0
TXN006844,1690.69,04:36,Kanpur,Known,9,Shopping,450,0
TXN006845,1275.91,14:42,Noida,Known,4,Bills,497,0
TXN006846,3496.34,22:49,Mumbai,Known,3,Food,811,0
TXN006847,1314.76,07:13,Mumbai,Known,2,Food,836,0
TXN006848,110.0,11:04,Lucknow,New,7,Bills,307,0
TXN006849,72.21,23:11,Lucknow,New,4,Shopping,165,0
TXN006850,6847.13,14:21,Delhi,Known,3,Electronics,722,0
TXN006851,6550.61,09:14,Mumbai,Known,4,Entertainment,900,0
TXN006852,13059.22,02:31,Jhansi,Known,6,Food,814,0
TXN006853,1767.17,22:08,Jaipur,Known,4,Fuel,113,0
TXN006854,463.25,14:34,Delhi,Known,5,Fuel,840,0
TXN006855,1158.61,01:42,Delhi,Known,2,Electronics,1062,0
TXN006856,1821.72,13:05,Jhansi,Known,2,Shopping,519,0
TXN006857,625.25,23:17,Noida,Known,2,Food,424,0
TXN006858,10163.37,22:32,Jhansi,Known,3,Travel,1194,0
TXN006859,18901.94,04:03,Jaipur,Known,4,Food,1148,0
TXN006860,2974.22,09:39,Mumbai,Known,5,Shopping,306,0
TXN006861,1779.58,23:45,Kanpur,Known,6,Shopping,783,0
TXN006862,462.12,18:21,Jaipur,Known,2,Travel,241,0
TXN006863,9129.79,13:00,Jhansi,Known,4,Bills,881,0
TXN006864,1950.15,07:30,Kanpur,Known,2,Fuel,497,0
TXN006865,1328.65,18:52,Jaipur,Known,5,Travel,284,0
TXN006866,2983.27,13:17,Mumbai,Known,3,Food,100,0
TXN006867,973.16,12:50,Delhi,Known,4,Food,1222,0
TXN006868,2100.14,22:52,Delhi,Known,3,Shopping,503,0
TXN006869,395.82,09:16,Pune,Known,1,Travel,2031,0
TXN006870,5636.3,15:35,Pune,Known,2,Fuel,1297,0
TXN006871,1613.1,01:02,Mumbai,Known,3,Shopping,1246,0
TXN006872,6077.1,17:33,Lucknow,Known,3,Travel,10,0
TXN006873,1457.31,13:52,Jhansi,Known,2,Fuel,647,0
TXN006874,1560.14,21:56,Delhi,Known,6,Travel,10,0
TXN006875,504.02,07:11,Pune,Known,6,Entertainment,899,0
TXN006876,3996.95,22:39,Lucknow,Known,3,Food,676,0
TXN006877,717.6,13:03,Pune,New,2,Fuel,1324,0
TXN006878,1080.09,04:16,Noida,Known,6,Food,259,0
TXN006879,1801.98,03:50,Mumbai,Known,2,Food,897,0
TXN006880,2044.33,04:38,Noida,Known,3,Food,716,0
TXN006881,300.11,07:23,Noida,Known,5,Shopping,688,0
TXN006882,1412.61,13:57,Mumbai,Known,5,Food,1030,0
TXN006883,4148.63,20:45,Mumbai,Known,4,Bills,905,0
TXN006884,1209.89,23:01,Pune,Known,2,Electronics,1066,0
TXN006885,1421.65,16:04,Noida,Known,2,Fuel,927,0
TXN006886,2134.67,11:37,Noida,Known,1,Fuel,855,0
TXN006887,1577.01,14:52,Mumbai,Known,3,Bills,387,0
TXN006888,610.03,07:09,Noida,Known,1,Food,570,0
TXN006889,1732.6,05:32,Noida,Known,1,Food,263,0
TXN006890,5111.86,12:48,Mumbai,Known,2,Fuel,574,0
TXN006891,596.93,19:51,Mumbai,Known,2,Bills,887,0
TXN006892,1214.8,01:38,Lucknow,New,3,Food,99,0
TXN006893,421.93,02:59,Noida,Known,3,Travel,1033,0
TXN006894,4836.72,04:56,Mumbai,New,3,Shopping,589,0
TXN006895,1633.64,05:50,Pune,New,6,Entertainment,640,0
TXN006896,737.18,03:40,Mumbai,Known,2,Fuel,692,0
TXN006897,1983.11,03:59,Pune,Known,2,Entertainment,773,0
TXN006898,508.65,00:01,Delhi,Known,4,Shopping,10,0
TXN006899,608.12,08:05,Noida,Known,3,Food,658,0
TXN006900,388.54,17:30,Kanpur,Known,2,Fuel,406,0
TXN006901,587.23,03:40,Noida,Known,2,Bills,589,0
TXN006902,7485.67,07:54,Jaipur,Known,4,Electronics,1020,0
TXN006903,833.61,23:40,Delhi,Known,6,Food,491,0
TXN006904,2936.81,04:13,Delhi,New,2,Food,375,0
TXN006905,748.02,23:54,Delhi,Known,4,Fuel,831,0
TXN006906,3996.01,12:04,Kanpur,Known,3,Food,204,0
TXN006907,612.87,17:05,Pune,Known,2,Food,1201,0
TXN006908,1875.69,07:43,Delhi,Known,5,Fuel,1516,0
TXN006909,1902.71,07:57,Noida,New,3,Fuel,119,0
TXN006910,20738.3,09:30,Lucknow,Known,3,Travel,962,0
TXN006911,3489.41,03:08,Jaipur,Known,2,Bills,1328,0
TXN006912,965.83,07:02,Lucknow,Known,5,Shopping,501,0
TXN006913,3695.4,21:58,Jaipur,New,3,Electronics,453,0
TXN006914,16994.16,00:16,Kanpur,Known,6,Entertainment,446,0
TXN006915,325.19,13:38,Jaipur,New,3,Shopping,1219,0
TXN006916,743.18,16:19,Jhansi,Known,1,Food,1258,0
TXN006917,1403.61,03:12,Lucknow,New,4,Shopping,590,0
TXN006918,1161.65,02:40,Pune,Known,1,Electronics,1338,0
TXN006919,1269.21,13:44,Kanpur,Known,6,Bills,194,0
TXN006920,457.65,05:28,Mumbai,Known,3,Electronics,914,0
TXN006921,7861.21,23:30,Kanpur,Known,3,Fuel,336,0
TXN006922,404.16,04:29,Pune,Known,6,Travel,769,0
TXN006923,1458.73,03:35,Noida,Known,2,Electronics,552,0
TXN006924,5397.35,07:48,Delhi,Known,4,Bills,259,0
TXN006925,1743.85,07:42,Pune,Known,4,Food,840,0
TXN006926,643.66,03:16,Lucknow,New,2,Bills,190,0
TXN006927,436.78,15:14,Delhi,Known,2,Fuel,1002,0
TXN006928,1413.81,08:40,Delhi,Known,3,Entertainment,1008,0
TXN006929,812.94,12:38,Delhi,Known,7,Shopping,747,0
TXN006930,2232.85,05:22,Noida,Known,3,Food,572,0
TXN006931,413.24,02:50,Mumbai,Known,5,Shopping,1004,0
TXN006932,4226.92,01:25,Delhi,Known,4,Shopping,1042,0
TXN006933,2032.19,01:20,Lucknow,Known,2,Bills,495,0
TXN006934,2197.05,20:33,Pune,Known,2,Fuel,774,0
TXN006935,8173.66,06:11,Jhansi,Known,8,Electronics,530,0
TXN006936,1136.67,07:41,Kanpur,Known,3,Fuel,893,0
TXN006937,840.03,13:53,Noida,Known,7,Food,390,0
TXN006938,1012.72,02:56,Delhi,Known,5,Shopping,786,0
TXN006939,1470.55,14:26,Pune,New,9,Shopping,656,0
TXN006940,1636.03,12:16,Delhi,Known,6,Entertainment,1074,0
TXN006941,752.43,18:28,Delhi,New,2,Shopping,471,0
TXN006942,215.14,02:06,Lucknow,Known,2,Shopping,813,0
TXN006943,998.81,00:40,Delhi,Known,9,Entertainment,522,0
TXN006944,2626.37,18:25,Delhi,Known,3,Bills,57,0
TXN006945,2076.86,08:07,Noida,Known,2,Fuel,593,0
TXN006946,6342.79,01:32,Lucknow,Known,5,Food,964,0
TXN006947,14027.89,13:43,Delhi,Known,4,Shopping,977,0
TXN006948,3995.17,11:13,Jhansi,Known,1,Food,439,0
TXN006949,7686.25,22:24,Noida,Known,3,Bills,1112,0
TXN006950,4026.51,22:53,Jaipur,Known,3,Entertainment,1234,0
TXN006951,10839.33,12:42,Delhi,Known,4,Fuel,310,0
TXN006952,12568.37,03:47,Pune,Known,3,Bills,756,0
TXN006953,4886.67,17:26,Noida,Known,4,Electronics,1146,0
TXN006954,3779.1,04:29,Kanpur,Known,3,Food,1247,0
TXN006955,1451.06,20:29,Mumbai,Known,6,Fuel,788,0
TXN006956,1723.54,14:27,Lucknow,Known,3,Bills,1166,0
TXN006957,1262.45,08:08,Mumbai,New,6,Bills,1247,0
TXN006958,3455.96,23:02,Noida,New,5,Food,940,0
TXN006959,844.86,12:49,Noida,Known,1,Entertainment,584,0
TXN006960,1472.74,09:32,Mumbai,Known,4,Electronics,856,0
TXN006961,151.81,04:31,Mumbai,Known,4,Electronics,418,0
TXN006962,10990.5,15:35,Jaipur,Known,7,Electronics,440,0
TXN006963,1428.02,06:24,Kanpur,Known,6,Shopping,53,0
TXN006964,2904.17,03:53,Kanpur,New,3,Electronics,1068,0
TXN006965,8318.34,02:28,Jaipur,Known,7,Travel,1144,0
TXN006966,2467.23,15:30,Mumbai,New,5,Entertainment,10,0
TXN006967,8201.75,22:31,Jhansi,Known,3,Entertainment,500,0
TXN006968,488.68,06:09,Noida,Known,5,Shopping,444,0
TXN006969,22309.93,05:10,Mumbai,Known,4,Food,915,0
TXN006970,5636.44,14:10,Mumbai,Known,3,Food,695,0
TXN006971,2242.18,03:15,Pune,Known,1,Shopping,971,0
TXN006972,8037.52,02:09,Delhi,Known,5,Travel,710,0
TXN006973,527.67,15:13,Delhi,Known,5,Electronics,812,0
TXN006974,1329.42,12:56,Lucknow,Known,2,Food,718,0
TXN006975,8200.95,00:21,Pune,Known,4,Food,1191,0
TXN006976,253.44,05:47,Lucknow,Known,4,Fuel,286,0
TXN006977,3242.25,04:23,Mumbai,New,2,Bills,383,0
TXN006978,3147.38,16:49,Lucknow,New,5,Bills,334,0
TXN006979,14231.73,15:45,Lucknow,Known,2,Food,885,0
TXN006980,341.53,17:50,Noida,Known,2,Electronics,14,0
TXN006981,9756.16,02:17,Pune,Known,4,Entertainment,10,1
TXN006982,1000.34,20:05,Mumbai,Known,3,Entertainment,987,0
TXN006983,1125.72,05:18,Noida,Known,4,Entertainment,119,0
TXN006984,498.92,23:42,Noida,New,1,Bills,322,0
TXN006985,574.38,20:39,Noida,Known,5,Fuel,126,0
TXN006986,2749.68,11:42,Kanpur,Known,4,Bills,398,0
TXN006987,559.81,18:59,Delhi,Known,5,Entertainment,1929,0
TXN006988,3916.06,16:13,Jhansi,Known,3,Travel,558,0
TXN006989,897.33,18:26,Jhansi,Known,1,Food,690,0
TXN006990,503.64,00:29,Jhansi,Known,4,Food,272,0
TXN006991,1034.16,02:08,Mumbai,New,6,Fuel,650,0
TXN006992,2563.39,21:39,Delhi,Known,5,Fuel,1108,0
TXN006993,1345.23,18:02,Mumbai,Known,2,Shopping,743,0
TXN006994,1865.83,14:53,Mumbai,Known,7,Food,1541,0
TXN006995,3738.95,07:05,Delhi,Known,6,Shopping,375,0
TXN006996,5608.76,10:06,Mumbai,Known,6,Entertainment,10,0
TXN006997,1299.77,09:10,Delhi,Known,4,Food,868,0
TXN006998,601.31,10:53,Mumbai,Known,2,Bills,876,0
TXN006999,1949.72,15:51,Jaipur,Known,3,Travel,728,0
TXN007000,2950.48,18:55,Kanpur,Known,5,Food,126,0
TXN007001,388.3,09:49,Lucknow,New,3,Electronics,469,0
TXN007002,706.56,20:55,Noida,Known,5,Bills,783,0
TXN007003,845.9,02:28,Kanpur,Known,3,Travel,804,0
TXN007004,1447.12,19:00,Delhi,Known,4,Entertainment,981,0
TXN007005,809.53,16:26,Kanpur,Known,9,Entertainment,283,0
TXN007006,3781.72,12:13,Mumbai,Known,5,Bills,10,0
TXN007007,333.67,09:14,Kanpur,Known,4,Fuel,624,0
TXN007008,342.69,08:41,Delhi,Known,6,Food,961,0
TXN007009,1267.7,08:10,Kanpur,Known,4,Bills,144,0
TXN007010,1496.83,22:19,Mumbai,Known,4,Fuel,1366,0
TXN007011,390.79,00:23,Mumbai,Known,6,Shopping,555,0
TXN007012,951.9,15:03,Noida,Known,5,Bills,1176,0
TXN007013,1181.39,23:42,Mumbai,Known,4,Electronics,1444,1
TXN007014,1191.04,13:45,Lucknow,Known,3,Fuel,14,0
TXN007015,2111.21,15:33,Delhi,Known,2,Fuel,905,0
TXN007016,898.64,14:01,Noida,Known,4,Bills,1460,0
TXN007017,8495.31,12:47,Kanpur,Known,7,Shopping,510,0
TXN007018,3005.37,15:26,Pune,Known,2,Food,1519,0
TXN007019,771.3,21:15,Kanpur,Known,2,Fuel,1117,0
TXN007020,1987.79,17:56,Jaipur,Known,2,Shopping,561,0
TXN007021,2050.33,20:51,Mumbai,Known,9,Entertainment,684,0
TXN007022,6444.61,13:26,Noida,Known,4,Entertainment,37,0
TXN007023,958.28,18:26,Lucknow,Known,4,Entertainment,413,0
TXN007024,4028.9,21:54,Lucknow,Known,4,Electronics,979,0
TXN007025,1880.87,05:11,Noida,New,8,Entertainment,584,0
TXN007026,8618.68,20:24,Jaipur,Known,2,Food,845,0
TXN007027,6981.21,16:34,Noida,Known,5,Fuel,1185,0
TXN007028,2213.59,10:20,Mumbai,Known,3,Entertainment,1169,0
TXN007029,1366.69,18:18,Kanpur,Known,5,Food,865,0
TXN007030,3064.0,04:06,Mumbai,Known,5,Bills,466,0
TXN007031,1489.31,16:16,Jhansi,Known,5,Travel,775,0
TXN007032,10507.71,13:21,Lucknow,Known,4,Food,799,0
TXN007033,1954.59,21:50,Mumbai,Known,5,Food,431,0
TXN007034,1175.7,14:20,Delhi,Known,2,Food,858,0
TXN007035,1110.92,12:09,Jaipur,Known,2,Fuel,360,0
TXN007036,503.64,12:50,Delhi,Known,2,Bills,692,0
TXN007037,3229.0,13:21,Mumbai,Known,3,Entertainment,450,0
TXN007038,760.92,21:55,Mumbai,Known,3,Bills,502,0
TXN007039,5702.14,18:06,Kanpur,Known,4,Bills,1085,0
TXN007040,463.11,02:01,Mumbai,Known,6,Electronics,1082,0
TXN007041,2057.29,12:55,Noida,Known,2,Food,628,0
TXN007042,6022.62,06:05,Mumbai,Known,1,Electronics,1230,0
TXN007043,187.86,03:00,Mumbai,Known,2,Food,1012,0
TXN007044,14983.74,20:38,Mumbai,Known,2,Bills,950,0
TXN007045,1151.7,20:19,Mumbai,Known,5,Electronics,670,0
TXN007046,2087.44,22:29,Jhansi,Known,4,Bills,980,0
TXN007047,3279.88,09:24,Mumbai,Known,2,Entertainment,519,0
TXN007048,3858.28,10:17,Noida,New,7,Shopping,796,0
TXN007049,2399.75,18:28,Lucknow,Known,3,Food,1222,0
TXN007050,5129.67,04:15,Mumbai,New,4,Shopping,1088,0
TXN007051,3104.37,01:13,Mumbai,Known,3,Fuel,456,0
TXN007052,11435.38,10:13,Kanpur,Known,4,Shopping,1164,0
TXN007053,3115.0,15:07,Lucknow,Known,4,Shopping,191,0
TXN007054,14163.3,10:31,Kanpur,New,4,Travel,689,1
TXN007055,4636.31,05:32,Pune,Known,5,Electronics,1183,0
TXN007056,270.29,12:01,Delhi,Known,6,Food,366,0
TXN007057,27922.83,22:27,Lucknow,New,4,Electronics,838,0
TXN007058,984.84,06:44,Lucknow,Known,4,Electronics,897,0
TXN007059,8654.75,09:00,Mumbai,Known,3,Fuel,1243,0
TXN007060,1851.36,07:18,Lucknow,Known,5,Shopping,496,0
TXN007061,5484.53,07:57,Kanpur,Known,6,Bills,1055,0
TXN007062,873.61,15:25,Jhansi,Known,2,Shopping,408,0
TXN007063,3472.3,08:00,Noida,Known,2,Electronics,552,0
TXN007064,1379.8,14:31,Delhi,Known,5,Bills,704,0
TXN007065,9447.4,00:24,Kanpur,New,3,Shopping,650,0
TXN007066,2853.05,15:12,Noida,Known,5,Shopping,1110,0
TXN007067,4809.18,02:04,Lucknow,Known,3,Travel,1722,0
TXN007068,185.54,09:53,Jhansi,Known,6,Travel,702,0
TXN007069,1645.32,20:48,Jhansi,Known,2,Entertainment,715,0
TXN007070,2770.05,08:40,Kanpur,Known,5,Bills,1419,0
TXN007071,2276.37,16:01,Delhi,Known,3,Shopping,1715,0
TXN007072,4938.2,08:52,Jhansi,Known,4,Food,639,0
TXN007073,1225.79,21:28,Kanpur,Known,2,Shopping,837,0
TXN007074,1894.61,22:28,Delhi,Known,3,Shopping,141,0
TXN007075,6221.9,21:52,Mumbai,Known,2,Food,383,0
TXN007076,164.5,09:25,Delhi,Known,1,Shopping,20,0
TXN007077,3342.12,07:14,Kanpur,Known,3,Bills,574,0
TXN007078,1267.7,14:14,Delhi,Known,6,Travel,1406,0
TXN007079,690.63,19:55,Pune,New,2,Food,339,0
TXN007080,2562.95,12:32,Jaipur,Known,3,Food,436,0
TXN007081,6531.33,17:34,Jaipur,Known,3,Shopping,900,0
TXN007082,5359.59,21:35,Mumbai,Known,1,Food,40,0
TXN007083,1561.92,18:13,Kanpur,Known,1,Shopping,840,0
TXN007084,4514.59,08:25,Pune,Known,4,Shopping,10,0
TXN007085,4478.36,05:57,Noida,Known,3,Electronics,591,0
TXN007086,1642.22,10:08,Mumbai,New,6,Travel,45,0
TXN007087,869.4,13:57,Pune,Known,3,Fuel,394,0
TXN007088,923.85,20:16,Kanpur,Known,4,Electronics,652,0
TXN007089,4338.52,07:17,Noida,Known,4,Travel,655,0
TXN007090,1722.08,03:00,Jaipur,Known,4,Travel,620,0
TXN007091,600.07,07:39,Jaipur,Known,4,Shopping,1645,0
TXN007092,306.87,14:19,Kanpur,Known,7,Shopping,1007,0
TXN007093,4311.17,05:27,Delhi,Known,1,Fuel,10,0
TXN007094,1013.76,09:34,Jhansi,Known,3,Shopping,119,0
TXN007095,2546.43,06:38,Jhansi,Known,5,Food,1266,0
TXN007096,6615.92,23:57,Kanpur,Known,2,Food,705,0
TXN007097,455.4,12:33,Lucknow,New,5,Shopping,1235,0
TXN007098,1716.68,17:10,Jhansi,Known,4,Entertainment,1137,0
TXN007099,1504.65,12:42,Kanpur,Known,5,Electronics,586,0
TXN007100,2681.88,00:03,Jaipur,Known,4,Shopping,770,0
TXN007101,6612.12,06:50,Pune,Known,5,Fuel,457,0
TXN007102,445.69,20:17,Lucknow,Known,2,Food,1103,0
TXN007103,3274.2,12:43,Kanpur,Known,4,Bills,759,0
TXN007104,5316.88,16:09,Kanpur,Known,1,Entertainment,1218,0
TXN007105,1480.07,18:24,Kanpur,Known,4,Fuel,419,0
TXN007106,1558.1,13:41,Delhi,Known,4,Food,590,0
TXN007107,2793.12,13:37,Noida,Known,5,Entertainment,473,0
TXN007108,2585.31,05:00,Noida,New,5,Food,1336,0
TXN007109,3317.65,05:02,Kanpur,New,2,Food,686,0
TXN007110,3245.05,03:58,Jaipur,Known,2,Fuel,656,0
TXN007111,641.92,07:31,Jaipur,Known,6,Fuel,621,0
TXN007112,5091.47,15:51,Pune,Known,6,Shopping,1194,0
TXN007113,6128.25,22:04,Jaipur,Known,4,Fuel,1953,0
TXN007114,2188.41,10:29,Kanpur,Known,4,Entertainment,1754,0
TXN007115,374.91,14:34,Jaipur,Known,4,Bills,1000,0
TXN007116,1595.69,20:55,Jaipur,Known,8,Shopping,300,0
TXN007117,2207.62,16:42,Jhansi,Known,3,Shopping,454,0
TXN007118,541.16,06:37,Delhi,Known,3,Entertainment,826,0
TXN007119,1233.24,06:17,Delhi,Known,6,Electronics,10,0
TXN007120,409.81,15:59,Kanpur,Known,3,Bills,427,0
TXN007121,3405.68,06:19,Noida,Known,1,Food,1066,0
TXN007122,2142.64,05:16,Kanpur,Known,4,Food,27,0
TXN007123,319.73,14:43,Pune,Known,5,Food,922,0
TXN007124,2603.42,15:59,Noida,Known,3,Shopping,468,0
TXN007125,1696.3,06:51,Mumbai,Known,2,Bills,430,0
TXN007126,3095.72,01:10,Delhi,Known,2,Food,945,0
TXN007127,1193.25,18:48,Noida,Known,4,Bills,1362,0
TXN007128,775.87,09:21,Mumbai,New,5,Fuel,670,0
TXN007129,801.24,15:13,Jaipur,Known,1,Electronics,1276,0
TXN007130,1022.97,04:56,Pune,Known,3,Travel,839,0
TXN007131,1835.93,07:56,Lucknow,Known,3,Travel,223,0
TXN007132,2102.53,14:22,Jhansi,Known,5,Shopping,1162,0
TXN007133,1473.34,02:01,Pune,Known,1,Bills,1250,0
TXN007134,1154.08,07:12,Pune,Known,4,Food,866,0
TXN007135,1244.6,17:32,Kanpur,Known,5,Food,163,0
TXN007136,25050.6,18:03,Jaipur,Known,3,Travel,78,0
TXN007137,801.34,08:13,Kanpur,Known,2,Shopping,898,0
TXN007138,1001.92,02:08,Delhi,Known,1,Food,897,0
TXN007139,57187.39,00:57,Kanpur,Known,5,Fuel,997,0
TXN007140,2800.65,13:21,Noida,Known,3,Bills,10,0
TXN007141,422.66,16:22,Jaipur,New,4,Fuel,336,0
TXN007142,4360.59,14:25,Delhi,Known,2,Electronics,459,0
TXN007143,692.29,09:00,Lucknow,Known,2,Fuel,1150,0
TXN007144,4675.34,00:32,Jhansi,Known,7,Electronics,709,0
TXN007145,1442.35,05:54,Pune,Known,4,Fuel,1177,0
TXN007146,1134.28,00:48,Noida,Known,3,Shopping,285,0
TXN007147,9751.39,11:15,Mumbai,Known,3,Fuel,10,0
TXN007148,3262.55,07:00,Pune,Known,2,Entertainment,1054,0
TXN007149,4999.94,01:46,Noida,Known,1,Fuel,607,0
TXN007150,2841.84,14:50,Pune,Known,6,Travel,722,0
TXN007151,1128.76,08:55,Pune,Known,3,Food,178,0
TXN007152,3420.23,23:34,Delhi,Known,3,Food,758,0
TXN007153,6407.46,10:28,Jaipur,New,2,Food,789,0
TXN007154,2073.55,02:45,Lucknow,Known,4,Electronics,709,0
TXN007155,11935.43,16:41,Jaipur,Known,3,Shopping,981,0
TXN007156,4396.45,16:45,Mumbai,Known,3,Food,1031,0
TXN007157,2248.74,22:17,Pune,Known,4,Shopping,1230,0
TXN007158,2343.97,16:54,Mumbai,Known,4,Entertainment,731,0
TXN007159,2079.0,08:02,Delhi,Known,2,Shopping,1411,0
TXN007160,483.83,16:05,Jaipur,Known,4,Travel,162,0
TXN007161,1637.57,19:39,Mumbai,Known,6,Entertainment,1094,0
TXN007162,2270.57,12:34,Delhi,Known,1,Food,719,0
TXN007163,1162.88,19:33,Pune,Known,3,Shopping,656,0
TXN007164,2566.0,23:54,Lucknow,Known,4,Travel,514,0
TXN007165,1840.73,18:52,Kanpur,Known,6,Fuel,931,0
TXN007166,4055.86,12:43,Jaipur,Known,2,Bills,1481,0
TXN007167,3611.25,11:09,Kanpur,Known,1,Fuel,1256,0
TXN007168,2145.34,20:05,Delhi,Known,5,Food,1081,0
TXN007169,428.36,20:08,Noida,Known,6,Food,644,0
TXN007170,11799.36,06:36,Noida,Known,3,Travel,1390,0
TXN007171,1550.85,00:42,Mumbai,Known,3,Food,879,0
TXN007172,1653.44,19:47,Kanpur,Known,1,Food,262,0
TXN007173,1256.26,05:06,Lucknow,Known,7,Bills,360,0
TXN007174,1077.84,23:16,Delhi,Known,4,Bills,1381,0
TXN007175,9107.04,00:20,Mumbai,Known,9,Food,1175,0
TXN007176,7714.74,21:37,Jaipur,Known,5,Electronics,1233,0
TXN007177,2870.25,16:02,Mumbai,Known,5,Entertainment,768,0
TXN007178,1607.87,07:50,Mumbai,Known,8,Travel,343,0
TXN007179,3448.23,00:04,Jaipur,Known,6,Fuel,10,0
TXN007180,1945.02,20:31,Lucknow,Known,1,Fuel,350,0
TXN007181,1474.11,02:55,Jaipur,New,2,Shopping,83,0
TXN007182,2567.15,02:11,Pune,Known,4,Bills,1678,0
TXN007183,1132.66,18:41,Kanpur,Known,7,Food,466,0
TXN007184,2345.89,16:32,Lucknow,Known,11,Travel,467,0
TXN007185,2230.48,03:49,Delhi,Known,6,Shopping,463,0
TXN007186,3390.13,08:35,Mumbai,Known,6,Bills,10,0
TXN007187,939.59,15:50,Mumbai,Known,6,Travel,10,0
TXN007188,3794.03,15:24,Kanpur,Known,2,Shopping,1379,0
TXN007189,695.0,08:09,Lucknow,Known,10,Bills,1452,0
TXN007190,986.68,09:40,Pune,New,2,Shopping,1201,0
TXN007191,1032.95,01:58,Mumbai,Known,5,Bills,917,0
TXN007192,583.99,00:25,Lucknow,Known,6,Food,192,0
TXN007193,5229.06,23:49,Delhi,Known,3,Shopping,1243,0
TXN007194,650.69,05:52,Mumbai,New,1,Travel,705,0
TXN007195,864.09,22:38,Pune,Known,2,Food,928,0
TXN007196,6725.89,01:47,Noida,Known,2,Electronics,827,0
TXN007197,988.74,23:33,Lucknow,New,10,Bills,1029,0
TXN007198,1477.33,10:48,Kanpur,Known,3,Food,1112,0
TXN007199,621.98,19:20,Lucknow,Known,2,Electronics,642,0
TXN007200,4316.24,20:31,Pune,Known,4,Bills,1141,0
TXN007201,4379.17,08:04,Lucknow,Known,5,Food,579,0
TXN007202,3910.56,17:11,Noida,Known,3,Food,1128,0
TXN007203,3165.13,08:34,Mumbai,Known,4,Electronics,1139,0
TXN007204,1944.6,18:43,Lucknow,Known,5,Entertainment,10,0
TXN007205,1037.89,23:01,Kanpur,Known,4,Fuel,718,0
TXN007206,764.96,19:04,Delhi,Known,4,Bills,10,0
TXN007207,6973.99,17:00,Jhansi,Known,6,Entertainment,57,0
TXN007208,4018.19,08:31,Kanpur,Known,3,Electronics,729,0
TXN007209,869.2,02:20,Delhi,Known,2,Food,645,0
TXN007210,1876.88,12:03,Jaipur,Known,6,Food,593,0
TXN007211,1313.46,03:47,Delhi,Known,5,Fuel,979,0
TXN007212,550.55,12:31,Pune,Known,2,Fuel,544,0
TXN007213,2169.12,20:00,Kanpur,Known,6,Shopping,213,0
TXN007214,1163.6,02:41,Mumbai,Known,6,Bills,57,0
TXN007215,662.07,21:54,Delhi,New,8,Shopping,10,1
TXN007216,380.87,14:25,Noida,Known,2,Travel,334,0
TXN007217,348.47,01:56,Noida,Known,4,Shopping,389,0
TXN007218,1218.71,17:25,Noida,Known,4,Fuel,1298,0
TXN007219,1646.15,00:04,Lucknow,Known,2,Fuel,774,0
TXN007220,718.0,14:07,Delhi,Known,4,Bills,274,0
TXN007221,3564.64,12:04,Pune,Known,3,Shopping,1055,0
TXN007222,1680.28,17:18,Pune,Known,6,Shopping,1040,0
TXN007223,3298.66,09:23,Lucknow,New,6,Shopping,520,0
TXN007224,1485.47,02:26,Pune,Known,5,Travel,1240,0
TXN007225,787.66,09:28,Jhansi,Known,4,Food,1139,0
TXN007226,2029.14,18:51,Kanpur,Known,1,Bills,573,0
TXN007227,478.06,22:00,Jhansi,Known,5,Shopping,684,0
TXN007228,3171.48,04:53,Delhi,Known,1,Shopping,557,0
TXN007229,672.86,08:14,Delhi,Known,5,Shopping,932,0
TXN007230,4720.58,21:57,Noida,New,2,Shopping,10,0
TXN007231,1261.63,07:08,Jaipur,Known,3,Fuel,1102,0
TXN007232,5492.85,05:06,Kanpur,Known,5,Entertainment,102,0
TXN007233,553.79,19:07,Delhi,Known,6,Electronics,432,0
TXN007234,883.49,11:17,Delhi,Known,5,Bills,1586,0
TXN007235,2685.24,13:56,Kanpur,Known,3,Shopping,570,0
TXN007236,6152.19,11:27,Jhansi,Known,7,Shopping,859,0
TXN007237,10357.66,14:09,Delhi,Known,4,Entertainment,890,0
TXN007238,1879.9,06:38,Delhi,Known,6,Food,866,0
TXN007239,12396.57,17:30,Noida,Known,5,Electronics,537,0
TXN007240,1327.95,08:42,Delhi,Known,4,Bills,904,0
TXN007241,5705.85,12:44,Lucknow,Known,3,Travel,687,0
TXN007242,669.31,04:47,Noida,Known,3,Food,10,0
TXN007243,2798.26,00:09,Delhi,New,6,Food,228,0
TXN007244,153.97,13:29,Lucknow,Known,6,Bills,647,0
TXN007245,554.39,03:37,Delhi,Known,2,Shopping,935,0
TXN007246,2938.2,21:33,Lucknow,Known,4,Electronics,942,0
TXN007247,453.72,23:58,Jaipur,Known,1,Food,793,0
TXN007248,2818.16,07:57,Noida,Known,6,Electronics,716,0
TXN007249,4662.57,06:48,Delhi,Known,4,Shopping,660,0
TXN007250,1063.32,12:14,Delhi,Known,4,Bills,852,0
TXN007251,650.76,04:31,Mumbai,Known,3,Food,306,0
TXN007252,1094.05,20:48,Pune,Known,2,Fuel,729,0
TXN007253,652.91,02:16,Noida,Known,6,Entertainment,1087,0
TXN007254,1618.52,10:42,Jhansi,New,5,Shopping,756,0
TXN007255,2003.67,04:14,Delhi,New,3,Fuel,296,0
TXN007256,1305.36,19:08,Jaipur,Known,5,Food,289,0
TXN007257,10442.29,03:14,Pune,Known,6,Electronics,1249,0
TXN007258,845.7,10:55,Mumbai,Known,4,Shopping,649,0
TXN007259,7758.52,20:59,Lucknow,Known,5,Fuel,99,0
TXN007260,603.2,10:51,Lucknow,Known,5,Entertainment,281,0
TXN007261,1942.94,04:16,Jhansi,Known,7,Bills,10,0
TXN007262,6234.18,03:46,Lucknow,New,2,Food,13,0
TXN007263,5904.48,14:13,Mumbai,Known,4,Bills,824,0
TXN007264,1157.79,02:07,Noida,Known,2,Food,455,0
TXN007265,3223.96,08:15,Noida,Known,5,Fuel,184,0
TXN007266,2801.14,14:08,Lucknow,Known,3,Food,1220,0
TXN007267,1021.07,09:38,Kanpur,Known,2,Bills,579,0
TXN007268,3436.78,19:40,Delhi,Known,5,Bills,710,0
TXN007269,12722.9,16:02,Lucknow,Known,5,Fuel,1010,0
TXN007270,2953.74,03:06,Pune,Known,4,Shopping,69,0
TXN007271,3262.39,19:28,Jhansi,Known,7,Food,158,0
TXN007272,3645.7,21:06,Jaipur,New,7,Shopping,708,0
TXN007273,388.2,04:49,Noida,Known,5,Shopping,10,0
TXN007274,2918.36,08:24,Noida,Known,4,Electronics,1553,0
TXN007275,618.9,09:24,Lucknow,Known,2,Food,859,0
TXN007276,968.9,10:00,Delhi,Known,1,Bills,649,0
TXN007277,17423.6,11:42,Jaipur,Known,4,Electronics,898,0
TXN007278,1379.69,21:43,Jhansi,Known,4,Travel,974,0
TXN007279,827.46,15:45,Jaipur,New,6,Fuel,837,0
TXN007280,6037.55,21:32,Jhansi,Known,3,Food,1043,0
TXN007281,665.46,08:16,Lucknow,Known,6,Travel,1188,0
TXN007282,1125.24,12:04,Delhi,Known,5,Shopping,1429,0
TXN007283,6681.16,02:18,Lucknow,New,4,Electronics,347,0
TXN007284,1882.67,06:32,Jhansi,Known,4,Travel,174,0
TXN007285,349.28,14:06,Jaipur,Known,4,Shopping,173,0
TXN007286,3186.67,04:03,Pune,Known,6,Food,786,0
TXN007287,1187.08,23:13,Kanpur,Known,4,Shopping,10,0
TXN007288,9066.9,06:04,Lucknow,Known,3,Food,109,0
TXN007289,952.46,03:00,Delhi,Known,4,Food,920,0
TXN007290,5428.02,18:29,Lucknow,Known,5,Fuel,494,0
TXN007291,11614.68,02:44,Jaipur,Known,6,Travel,637,0
TXN007292,736.6,07:29,Noida,Known,4,Food,1369,0
TXN007293,1469.49,04:05,Kanpur,Known,8,Electronics,1122,0
TXN007294,2707.01,16:20,Pune,Known,6,Entertainment,797,0
TXN007295,731.67,20:02,Delhi,Known,9,Entertainment,255,0
TXN007296,2390.72,04:37,Jaipur,New,3,Electronics,615,0
TXN007297,1421.37,09:13,Noida,Known,3,Entertainment,327,0
TXN007298,1391.62,11:23,Delhi,Known,5,Bills,580,0
TXN007299,1894.91,16:54,Noida,Known,4,Food,302,0
TXN007300,1939.86,08:35,Delhi,Known,4,Shopping,724,0
TXN007301,2137.98,12:45,Jhansi,Known,1,Shopping,556,0
TXN007302,959.85,12:20,Mumbai,New,4,Food,297,0
TXN007303,1004.87,00:55,Mumbai,Known,5,Travel,158,0
TXN007304,1589.26,13:42,Jhansi,Known,3,Travel,1366,0
TXN007305,1717.37,13:30,Lucknow,Known,4,Food,384,0
TXN007306,1135.41,23:34,Delhi,Known,3,Travel,1126,0
TXN007307,2529.25,12:37,Pune,Known,5,Food,631,0
TXN007308,267.75,21:09,Mumbai,New,4,Shopping,722,0
TXN007309,835.94,08:15,Jhansi,Known,2,Food,728,0
TXN007310,1341.6,16:41,Jhansi,Known,4,Food,557,0
TXN007311,732.62,21:26,Delhi,Known,5,Fuel,677,0
TXN007312,9958.68,03:47,Jaipur,Known,5,Food,912,0
TXN007313,1836.0,13:31,Lucknow,Known,4,Entertainment,144,0
TXN007314,2167.11,22:03,Mumbai,Known,3,Entertainment,601,0
TXN007315,1083.71,13:39,Lucknow,Known,3,Food,692,0
TXN007316,1770.42,21:36,Jhansi,Known,5,Bills,956,0
TXN007317,502.46,10:21,Delhi,Known,4,Fuel,505,0
TXN007318,1506.03,21:47,Mumbai,Known,4,Shopping,593,0
TXN007319,672.96,15:21,Kanpur,Known,6,Shopping,1007,0
TXN007320,1345.16,11:06,Noida,New,2,Travel,10,1
TXN007321,122.44,05:07,Mumbai,Known,2,Entertainment,1151,0
TXN007322,550.67,04:54,Lucknow,Known,4,Food,322,0
TXN007323,8372.14,06:22,Mumbai,Known,4,Entertainment,1123,0
TXN007324,4304.69,18:24,Mumbai,Known,7,Fuel,1207,0
TXN007325,7190.62,11:18,Noida,Known,4,Food,532,0
TXN007326,7728.34,09:44,Mumbai,Known,4,Electronics,1100,0
TXN007327,3648.89,11:36,Mumbai,Known,5,Food,528,0
TXN007328,1118.82,08:53,Mumbai,Known,5,Fuel,377,0
TXN007329,605.73,19:53,Jhansi,Known,1,Food,844,0
TXN007330,6000.65,09:59,Kanpur,New,1,Shopping,1050,0
TXN007331,1926.27,11:19,Lucknow,Known,2,Food,277,0
TXN007332,24692.77,13:35,Jhansi,Known,7,Entertainment,10,0
TXN007333,1226.83,15:20,Jhansi,Known,3,Shopping,768,0
TXN007334,14286.68,08:42,Delhi,Known,3,Electronics,1374,0
TXN007335,1526.77,01:44,Mumbai,Known,4,Shopping,675,0
TXN007336,7320.2,16:15,Mumbai,Known,6,Travel,1228,0
TXN007337,10690.05,13:51,Pune,Known,3,Food,1147,0
TXN007338,614.89,15:17,Mumbai,Known,1,Fuel,1061,0
TXN007339,1081.71,13:58,Mumbai,Known,2,Food,619,0
TXN007340,608.45,12:51,Kanpur,Known,3,Entertainment,413,0
TXN007341,494.77,22:01,Kanpur,Known,6,Travel,747,0
TXN007342,3626.28,01:23,Pune,New,3,Entertainment,203,1
TXN007343,1464.23,02:23,Lucknow,Known,3,Food,1041,0
TXN007344,1901.74,22:49,Mumbai,Known,5,Shopping,522,0
TXN007345,3227.92,21:43,Jhansi,Known,2,Travel,625,0
TXN007346,256.03,09:03,Noida,Known,8,Travel,610,0
TXN007347,6951.04,12:50,Jaipur,Known,3,Bills,363,0
TXN007348,1247.62,10:13,Jhansi,Known,7,Food,462,0
TXN007349,3148.13,23:22,Kanpur,New,2,Fuel,849,0
TXN007350,3454.01,10:10,Delhi,Known,6,Travel,212,0
TXN007351,7592.21,18:09,Jaipur,Known,4,Entertainment,228,0
TXN007352,1612.34,08:31,Noida,Known,2,Bills,326,0
TXN007353,193.59,09:05,Delhi,Known,6,Shopping,717,0
TXN007354,1911.28,16:04,Lucknow,New,2,Food,12,0
TXN007355,2222.27,09:47,Kanpur,New,1,Travel,388,0
TXN007356,607.63,00:20,Mumbai,Known,5,Electronics,10,0
TXN007357,2101.5,04:38,Noida,Known,4,Bills,13,0
TXN007358,1232.1,20:59,Jhansi,Known,2,Food,513,0
TXN007359,439.51,08:03,Mumbai,Known,3,Travel,821,0
TXN007360,3643.14,02:47,Jaipur,New,5,Entertainment,729,0
TXN007361,995.88,22:06,Jaipur,Known,3,Food,682,0
TXN007362,1174.79,23:45,Mumbai,New,3,Food,452,0
TXN007363,1107.47,11:18,Lucknow,New,2,Food,1189,0
TXN007364,6586.61,15:08,Pune,Known,2,Food,493,0
TXN007365,1724.31,18:13,Lucknow,Known,2,Shopping,78,0
TXN007366,1955.88,01:21,Jaipur,Known,2,Fuel,1273,0
TXN007367,1133.28,07:43,Mumbai,Known,5,Electronics,319,0
TXN007368,2926.47,13:40,Noida,Known,2,Food,572,0
TXN007369,7422.91,13:43,Jhansi,Known,2,Shopping,1103,0
TXN007370,3553.88,07:01,Lucknow,Known,3,Shopping,417,0
TXN007371,3702.46,00:58,Noida,Known,3,Fuel,1161,0
TXN007372,3401.88,22:26,Delhi,Known,3,Shopping,744,0
TXN007373,422.54,14:06,Mumbai,Known,4,Food,908,0
TXN007374,717.39,18:55,Mumbai,Known,5,Food,793,0
TXN007375,1451.43,10:47,Delhi,Known,6,Food,588,0
TXN007376,839.99,12:04,Delhi,Known,6,Bills,1350,0
TXN007377,588.62,10:26,Lucknow,Known,6,Food,1014,0
TXN007378,252.08,10:54,Mumbai,Known,6,Shopping,10,0
TXN007379,437.77,16:40,Delhi,Known,5,Shopping,503,0
TXN007380,1374.97,23:11,Delhi,Known,3,Bills,1024,0
TXN007381,1673.45,18:42,Pune,Known,2,Bills,10,0
TXN007382,782.77,16:11,Delhi,Known,8,Fuel,348,0
TXN007383,1955.52,00:21,Noida,Known,2,Fuel,1145,0
TXN007384,1141.41,12:11,Delhi,Known,2,Travel,829,0
TXN007385,5656.97,22:41,Delhi,Known,2,Entertainment,474,0
TXN007386,1519.04,09:55,Lucknow,Known,8,Food,996,0
TXN007387,3739.43,13:02,Lucknow,New,10,Electronics,1610,0
TXN007388,2228.13,07:36,Kanpur,Known,8,Fuel,304,0
TXN007389,412.97,04:14,Noida,Known,7,Fuel,182,0
TXN007390,1636.56,16:45,Mumbai,Known,7,Entertainment,1422,0
TXN007391,491.83,07:08,Mumbai,Known,4,Bills,1123,0
TXN007392,1606.82,14:21,Pune,Known,4,Travel,578,0
TXN007393,823.16,14:12,Delhi,Known,6,Shopping,723,0
TXN007394,2688.14,20:52,Pune,New,6,Bills,1055,0
TXN007395,439.69,22:04,Jhansi,New,3,Shopping,1055,0
TXN007396,1828.0,13:34,Mumbai,Known,2,Fuel,1084,0
TXN007397,3283.21,01:07,Mumbai,New,3,Shopping,356,0
TXN007398,4668.15,13:35,Lucknow,Known,8,Travel,588,0
TXN007399,806.87,21:46,Jhansi,Known,3,Electronics,1517,0
TXN007400,1833.86,11:45,Jaipur,New,3,Electronics,974,0
TXN007401,2183.96,13:02,Mumbai,Known,3,Shopping,1401,0
TXN007402,9136.43,18:46,Jaipur,Known,3,Bills,782,0
TXN007403,379.99,10:17,Mumbai,Known,4,Travel,486,0
TXN007404,691.51,09:40,Delhi,Known,3,Electronics,301,0
TXN007405,34208.44,11:57,Kanpur,Known,5,Electronics,526,0
TXN007406,1351.26,20:07,Jaipur,Known,9,Electronics,1213,0
TXN007407,247.15,11:21,Kanpur,New,2,Bills,745,0
TXN007408,976.39,07:52,Pune,Known,3,Electronics,89,0
TXN007409,98.32,14:08,Kanpur,Known,2,Electronics,288,0
TXN007410,2318.11,16:15,Pune,Known,6,Food,1682,0
TXN007411,4212.52,21:32,Pune,Known,2,Shopping,346,0
TXN007412,691.11,21:59,Noida,Known,2,Bills,811,0
TXN007413,1098.04,18:17,Jhansi,Known,4,Bills,1075,0
TXN007414,4747.53,18:23,Kanpur,Known,7,Shopping,569,0
TXN007415,286.52,10:47,Jaipur,Known,6,Food,10,0
TXN007416,449.39,08:07,Kanpur,Known,3,Bills,183,0
TXN007417,1416.61,13:19,Mumbai,Known,3,Entertainment,301,0
TXN007418,816.96,16:18,Pune,Known,3,Fuel,100,0
TXN007419,1322.11,12:24,Noida,Known,3,Shopping,1299,0
TXN007420,477.52,04:34,Kanpur,Known,4,Electronics,1035,0
TXN007421,2254.25,00:13,Noida,Known,5,Bills,1220,0
TXN007422,1538.94,01:23,Lucknow,Known,4,Food,323,0
TXN007423,3204.12,10:55,Lucknow,Known,4,Food,600,0
TXN007424,2221.55,18:49,Mumbai,Known,5,Entertainment,1130,0
TXN007425,2236.27,18:57,Pune,Known,5,Travel,10,0
TXN007426,394.22,19:40,Noida,Known,3,Fuel,1473,0
TXN007427,3019.25,17:34,Pune,Known,6,Food,1184,0
TXN007428,1271.73,00:12,Mumbai,Known,3,Fuel,875,0
TXN007429,1511.13,21:09,Jaipur,Known,3,Travel,438,0
TXN007430,5411.16,22:32,Lucknow,Known,5,Shopping,142,0
TXN007431,845.67,20:24,Lucknow,Known,5,Fuel,982,0
TXN007432,7437.47,10:47,Jaipur,Known,5,Entertainment,1339,0
TXN007433,8202.88,05:00,Jhansi,Known,5,Entertainment,855,0
TXN007434,3967.79,21:53,Jaipur,Known,6,Food,969,0
TXN007435,642.84,04:10,Jhansi,Known,5,Food,981,0
TXN007436,181.26,18:23,Mumbai,Known,6,Travel,774,0
TXN007437,5587.68,23:21,Lucknow,Known,6,Fuel,911,0
TXN007438,2023.32,21:55,Pune,Known,2,Entertainment,1343,0
TXN007439,823.11,12:43,Kanpur,Known,1,Travel,940,0
TXN007440,6172.03,20:02,Noida,Known,6,Bills,758,0
TXN007441,728.44,19:51,Delhi,Known,7,Fuel,365,0
TXN007442,1153.07,23:40,Lucknow,Known,2,Electronics,1048,0
TXN007443,3123.4,08:04,Pune,Known,6,Shopping,736,0
TXN007444,559.06,15:46,Jaipur,Known,5,Fuel,743,0
TXN007445,1604.53,19:02,Mumbai,Known,4,Fuel,935,0
TXN007446,5648.45,05:25,Delhi,Known,3,Shopping,711,0
TXN007447,2246.68,05:09,Delhi,Known,6,Shopping,862,0
TXN007448,6669.76,09:00,Delhi,Known,3,Food,782,0
TXN007449,5918.42,08:33,Pune,Known,3,Food,553,0
TXN007450,1814.69,18:41,Lucknow,Known,5,Food,1072,0
TXN007451,154.77,22:28,Mumbai,Known,6,Fuel,10,0
TXN007452,563.68,03:20,Noida,Known,2,Travel,947,0
TXN007453,4011.99,07:30,Pune,Known,2,Bills,271,0
TXN007454,353.46,22:09,Lucknow,Known,5,Food,1183,0
TXN007455,1277.31,14:02,Jaipur,Known,2,Entertainment,10,0
TXN007456,2568.16,04:09,Kanpur,New,3,Electronics,476,0
TXN007457,8421.9,14:03,Mumbai,Known,5,Bills,868,0
TXN007458,984.14,21:46,Pune,Known,3,Shopping,642,0
TXN007459,915.87,08:36,Delhi,Known,5,Shopping,401,0
TXN007460,1703.56,11:11,Jaipur,Known,4,Food,1161,0
TXN007461,2601.91,14:34,Jhansi,Known,5,Shopping,146,0
TXN007462,1530.86,20:29,Jaipur,Known,2,Shopping,741,0
TXN007463,5416.87,13:06,Delhi,Known,2,Shopping,436,0
TXN007464,777.78,22:58,Lucknow,New,1,Entertainment,1021,0
TXN007465,2042.05,18:56,Pune,Known,3,Bills,457,0
TXN007466,2872.72,10:45,Pune,Known,3,Food,702,0
TXN007467,1182.4,11:48,Pune,Known,3,Shopping,572,0
TXN007468,4346.98,16:32,Mumbai,Known,6,Shopping,673,0
TXN007469,2104.74,01:48,Jhansi,Known,6,Entertainment,762,0
TXN007470,4120.91,05:31,Lucknow,Known,5,Travel,717,0
TXN007471,2206.92,05:09,Mumbai,New,5,Bills,675,0
TXN007472,2672.49,19:10,Kanpur,Known,5,Shopping,406,0
TXN007473,926.61,19:51,Noida,Known,4,Travel,798,0
TXN007474,928.19,19:26,Kanpur,Known,8,Food,205,0
TXN007475,6510.41,02:43,Mumbai,New,7,Food,857,0
TXN007476,3508.09,07:08,Pune,Known,6,Travel,693,0
TXN007477,614.88,07:26,Jaipur,New,6,Travel,10,0
TXN007478,2176.45,00:05,Lucknow,Known,8,Bills,781,0
TXN007479,148.87,06:13,Pune,Known,4,Fuel,1413,0
TXN007480,985.26,10:06,Pune,Known,3,Food,658,0
TXN007481,4937.53,21:12,Mumbai,Known,7,Travel,775,0
TXN007482,1578.36,04:36,Noida,Known,7,Food,399,0
TXN007483,2037.24,20:00,Jaipur,Known,5,Fuel,1696,0
TXN007484,75.82,19:11,Noida,Known,3,Food,1642,0
TXN007485,1192.34,03:41,Delhi,Known,4,Shopping,1428,0
TXN007486,2567.6,06:08,Jhansi,Known,5,Food,1581,0
TXN007487,2933.92,10:33,Noida,Known,7,Fuel,329,0
TXN007488,4944.42,22:52,Jhansi,Known,2,Fuel,166,0
TXN007489,1443.42,18:46,Delhi,Known,5,Food,1891,0
TXN007490,1512.63,23:07,Delhi,Known,3,Food,632,0
TXN007491,444.44,07:08,Pune,Known,2,Shopping,352,0
TXN007492,1452.14,21:42,Kanpur,Known,5,Entertainment,894,0
TXN007493,478.61,22:20,Jaipur,Known,4,Bills,230,0
TXN007494,258.6,14:25,Lucknow,Known,3,Electronics,811,0
TXN007495,576.0,03:28,Pune,Known,4,Bills,353,0
TXN007496,8774.99,06:34,Delhi,Known,3,Food,1080,0
TXN007497,1354.86,03:26,Pune,Known,5,Food,333,0
TXN007498,2267.45,19:01,Pune,Known,5,Fuel,202,0
TXN007499,1049.82,07:05,Lucknow,Known,7,Bills,305,0
TXN007500,274.64,16:00,Mumbai,Known,5,Food,841,0
TXN007501,4810.04,06:15,Jaipur,Known,1,Bills,440,0
TXN007502,183.96,23:49,Noida,Known,2,Food,1069,0
TXN007503,1005.27,18:58,Jhansi,New,2,Shopping,686,0
TXN007504,1699.68,09:28,Lucknow,Known,6,Bills,957,0
TXN007505,2292.86,11:01,Jaipur,Known,4,Electronics,303,0
TXN007506,839.45,01:04,Noida,Known,6,Fuel,631,0
TXN007507,261.3,03:48,Lucknow,Known,2,Shopping,687,0
TXN007508,776.19,23:20,Kanpur,Known,6,Fuel,360,0
TXN007509,820.03,19:52,Delhi,Known,6,Bills,490,0
TXN007510,799.35,20:30,Pune,Known,2,Food,868,0
TXN007511,4984.58,15:52,Pune,Known,2,Food,10,0
TXN007512,503.34,05:08,Lucknow,Known,4,Food,511,0
TXN007513,2469.0,02:51,Mumbai,New,3,Shopping,647,0
TXN007514,2125.48,17:32,Mumbai,Known,1,Food,155,0
TXN007515,4934.56,07:26,Delhi,Known,3,Travel,10,0
TXN007516,1565.18,00:31,Jaipur,Known,3,Shopping,666,0
TXN007517,4130.81,00:19,Noida,Known,4,Entertainment,279,0
TXN007518,1502.24,13:36,Lucknow,Known,1,Bills,10,0
TXN007519,2840.27,20:46,Delhi,Known,4,Travel,347,0
TXN007520,371.46,08:48,Delhi,Known,4,Bills,804,0
TXN007521,112.77,23:58,Noida,Known,4,Entertainment,864,0
TXN007522,2675.7,09:24,Mumbai,Known,2,Travel,597,0
TXN007523,2830.71,17:46,Lucknow,Known,6,Shopping,1174,0
TXN007524,2965.55,05:53,Jaipur,Known,4,Bills,980,0
TXN007525,1037.29,14:01,Jhansi,Known,3,Shopping,187,0
TXN007526,8602.0,06:28,Pune,Known,8,Shopping,447,0
TXN007527,1110.62,18:42,Delhi,Known,4,Fuel,10,0
TXN007528,2800.25,10:27,Mumbai,Known,5,Food,1266,0
TXN007529,3360.72,01:06,Pune,Known,4,Food,495,0
TXN007530,10940.42,05:39,Pune,New,3,Travel,1613,0
TXN007531,1290.34,08:24,Noida,Known,6,Food,507,0
TXN007532,906.59,11:37,Jhansi,Known,3,Bills,613,0
TXN007533,373.34,06:00,Mumbai,Known,3,Bills,937,0
TXN007534,9186.84,13:00,Jhansi,Known,5,Electronics,1444,0
TXN007535,2801.82,23:36,Delhi,Known,3,Food,1510,0
TXN007536,2896.49,17:58,Mumbai,Known,2,Shopping,699,0
TXN007537,47480.83,07:38,Kanpur,New,5,Travel,662,0
TXN007538,2532.19,16:56,Delhi,Known,3,Food,447,0
TXN007539,458.57,23:50,Mumbai,Known,4,Shopping,1480,0
TXN007540,1465.34,05:16,Delhi,Known,3,Food,980,0
TXN007541,646.79,05:06,Lucknow,New,6,Travel,437,0
TXN007542,1187.83,00:33,Pune,Known,1,Bills,1094,0
TXN007543,1179.47,20:37,Jaipur,Known,5,Bills,979,0
TXN007544,971.82,19:46,Delhi,Known,4,Food,409,0
TXN007545,416.8,09:31,Mumbai,New,3,Food,478,0
TXN007546,9582.26,20:55,Pune,Known,3,Fuel,206,0
TXN007547,2463.49,15:50,Delhi,Known,2,Food,1180,1
TXN007548,1420.55,23:35,Noida,Known,4,Electronics,469,0
TXN007549,3988.07,22:33,Delhi,Known,4,Fuel,187,0
TXN007550,2951.78,23:01,Jhansi,Known,3,Shopping,1316,0
TXN007551,2404.31,09:46,Mumbai,Known,2,Electronics,832,0
TXN007552,3695.2,15:40,Noida,Known,4,Electronics,10,0
TXN007553,2071.8,04:53,Kanpur,Known,3,Shopping,994,0
TXN007554,3638.31,21:05,Delhi,Known,5,Electronics,10,0
TXN007555,3969.16,07:08,Lucknow,Known,7,Bills,352,0
TXN007556,2135.37,10:40,Kanpur,Known,8,Bills,883,0
TXN007557,1428.14,14:29,Jaipur,Known,6,Travel,870,0
TXN007558,8977.35,18:35,Kanpur,Known,2,Shopping,372,0
TXN007559,1089.8,17:26,Delhi,Known,2,Shopping,135,0
TXN007560,2714.66,22:38,Kanpur,Known,1,Fuel,1450,0
TXN007561,2779.83,17:39,Mumbai,Known,5,Electronics,1322,0
TXN007562,949.09,19:11,Pune,New,3,Food,571,0
TXN007563,770.72,13:45,Pune,New,4,Fuel,670,0
TXN007564,1241.4,09:29,Delhi,Known,2,Food,384,0
TXN007565,1073.54,21:34,Jhansi,Known,2,Entertainment,567,0
TXN007566,389.36,09:37,Noida,Known,5,Shopping,691,0
TXN007567,908.21,14:44,Mumbai,New,3,Food,1009,0
TXN007568,2380.52,06:18,Jhansi,Known,5,Travel,10,0
TXN007569,6800.71,11:00,Kanpur,Known,8,Bills,859,0
TXN007570,3221.66,08:10,Kanpur,Known,4,Fuel,1339,0
TXN007571,117.45,06:57,Kanpur,Known,4,Shopping,538,0
TXN007572,3529.5,19:13,Kanpur,Known,4,Travel,266,0
TXN007573,1001.73,18:14,Noida,Known,2,Fuel,1146,0
TXN007574,2896.55,16:51,Lucknow,Known,7,Bills,221,0
TXN007575,1773.48,01:14,Noida,Known,3,Electronics,129,0
TXN007576,1470.3,05:27,Kanpur,Known,5,Food,10,0
TXN007577,1616.78,05:22,Noida,Known,2,Electronics,893,0
TXN007578,1758.11,17:39,Mumbai,Known,6,Travel,149,0
TXN007579,7384.71,21:35,Kanpur,Known,1,Food,10,0
TXN007580,1763.22,09:30,Kanpur,Known,3,Entertainment,740,0
TXN007581,5627.13,07:30,Mumbai,New,4,Food,227,0
TXN007582,4829.23,13:50,Delhi,Known,3,Food,933,0
TXN007583,3626.2,23:34,Kanpur,Known,2,Food,896,0
TXN007584,275.78,08:30,Delhi,Known,4,Shopping,713,0
TXN007585,5813.9,06:53,Lucknow,Known,3,Bills,351,0
TXN007586,1112.92,12:05,Lucknow,Known,4,Fuel,1020,0
TXN007587,3816.37,21:50,Jhansi,New,3,Food,80,0
TXN007588,648.32,17:11,Jaipur,Known,5,Entertainment,1162,0
TXN007589,518.64,12:19,Pune,Known,2,Fuel,580,0
TXN007590,14339.17,17:00,Jaipur,Known,5,Electronics,639,0
TXN007591,658.99,00:34,Jaipur,Known,5,Food,835,0
TXN007592,5996.64,18:49,Delhi,Known,3,Bills,1224,0
TXN007593,2038.32,02:22,Mumbai,Known,6,Travel,809,0
TXN007594,1157.96,09:39,Mumbai,Known,3,Food,490,0
TXN007595,1717.24,08:23,Delhi,Known,10,Electronics,927,0
TXN007596,459.16,16:45,Pune,Known,3,Food,1159,0
TXN007597,1774.19,05:59,Pune,Known,2,Food,1113,0
TXN007598,577.47,05:42,Jhansi,Known,3,Food,773,0
TXN007599,1188.36,21:20,Pune,Known,5,Electronics,784,0
TXN007600,4755.73,11:49,Noida,Known,5,Bills,852,0
TXN007601,2350.64,17:02,Lucknow,Known,6,Fuel,1044,0
TXN007602,379.65,13:59,Delhi,Known,6,Fuel,632,0
TXN007603,4401.08,14:50,Jaipur,Known,4,Food,762,0
TXN007604,1786.63,16:39,Noida,Known,5,Food,750,0
TXN007605,1018.66,16:37,Lucknow,Known,3,Electronics,100,0
TXN007606,3942.43,21:15,Delhi,Known,3,Entertainment,431,0
TXN007607,1510.17,18:25,Pune,Known,6,Fuel,1113,0
TXN007608,529.32,07:06,Pune,Known,8,Food,1520,0
TXN007609,12528.26,04:20,Kanpur,Known,3,Food,725,0
TXN007610,1767.62,20:35,Jaipur,Known,4,Food,645,0
TXN007611,1652.57,08:21,Lucknow,Known,3,Food,464,0
TXN007612,1176.36,07:46,Jaipur,Known,3,Fuel,10,0
TXN007613,6213.66,02:51,Jhansi,New,7,Food,1350,0
TXN007614,1037.34,13:33,Noida,Known,4,Food,366,0
TXN007615,355.42,12:20,Jaipur,Known,2,Travel,10,0
TXN007616,882.65,19:18,Pune,Known,3,Food,823,0
TXN007617,7249.26,17:32,Mumbai,Known,4,Shopping,696,0
TXN007618,4312.53,17:43,Pune,Known,3,Entertainment,1595,0
TXN007619,1377.16,12:07,Kanpur,Known,6,Bills,903,0
TXN007620,7611.84,20:26,Delhi,Known,5,Bills,1365,0
TXN007621,3947.67,23:26,Noida,Known,4,Food,1001,0
TXN007622,1360.52,19:17,Kanpur,New,3,Entertainment,449,0
TXN007623,1512.22,08:14,Kanpur,New,5,Electronics,1756,0
TXN007624,2543.57,06:50,Lucknow,Known,8,Food,1385,0
TXN007625,751.49,00:25,Delhi,New,1,Shopping,942,0
TXN007626,1808.53,23:34,Mumbai,Known,2,Food,1170,0
TXN007627,2488.61,17:02,Noida,Known,3,Shopping,849,0
TXN007628,306.2,22:17,Mumbai,Known,4,Food,799,0
TXN007629,1475.51,18:13,Jhansi,Known,3,Shopping,908,0
TXN007630,1309.41,10:19,Kanpur,Known,1,Food,1587,0
TXN007631,5297.62,03:50,Mumbai,Known,5,Shopping,1221,0
TXN007632,259.52,01:34,Mumbai,Known,7,Shopping,700,0
TXN007633,1205.87,19:54,Lucknow,Known,3,Entertainment,797,0
TXN007634,1085.4,07:25,Pune,Known,1,Food,44,0
TXN007635,4932.58,09:46,Jaipur,Known,4,Bills,762,0
TXN007636,1719.55,20:09,Lucknow,Known,4,Bills,964,0
TXN007637,11866.11,11:48,Delhi,New,6,Travel,876,0
TXN007638,3607.85,22:36,Jhansi,Known,6,Electronics,788,0
TXN007639,1170.06,13:02,Lucknow,Known,3,Shopping,423,0
TXN007640,2315.04,19:41,Kanpur,Known,3,Entertainment,1083,0
TXN007641,1241.12,03:28,Lucknow,New,3,Entertainment,1131,0
TXN007642,4437.77,09:00,Jhansi,Known,3,Fuel,737,0
TXN007643,444.4,04:50,Mumbai,Known,2,Bills,738,0
TXN007644,757.98,01:32,Pune,Known,6,Bills,691,0
TXN007645,2904.5,23:36,Lucknow,Known,1,Fuel,834,0
TXN007646,6519.72,12:34,Lucknow,Known,2,Shopping,923,0
TXN007647,178.3,08:05,Jaipur,Known,2,Shopping,10,0
TXN007648,7621.56,09:19,Lucknow,Known,5,Shopping,503,0
TXN007649,1553.71,05:42,Delhi,Known,5,Bills,165,0
TXN007650,249.01,02:20,Delhi,Known,8,Shopping,471,0
TXN007651,76.99,21:53,Noida,Known,3,Fuel,1213,0
TXN007652,361.29,02:19,Kanpur,Known,6,Shopping,283,0
TXN007653,1763.14,09:27,Kanpur,Known,4,Food,29,0
TXN007654,1679.66,03:26,Delhi,Known,6,Bills,140,0
TXN007655,3499.59,22:01,Delhi,New,3,Shopping,812,0
TXN007656,1010.88,04:48,Lucknow,Known,9,Shopping,1000,0
TXN007657,562.34,09:08,Lucknow,Known,5,Travel,709,0
TXN007658,1166.54,18:28,Lucknow,Known,6,Food,10,0
TXN007659,1864.66,13:54,Kanpur,Known,3,Food,401,0
TXN007660,2293.54,09:59,Noida,Known,2,Food,1387,0
TXN007661,785.97,13:13,Jhansi,Known,7,Entertainment,740,0
TXN007662,4638.1,10:22,Jhansi,Known,3,Bills,10,0
TXN007663,937.37,06:33,Kanpur,New,11,Bills,352,0
TXN007664,722.23,14:41,Mumbai,Known,3,Electronics,10,0
TXN007665,1018.44,08:15,Jhansi,Known,6,Travel,495,0
TXN007666,5564.29,23:32,Delhi,Known,2,Food,747,0
TXN007667,1565.73,11:50,Noida,Known,2,Electronics,631,0
TXN007668,868.1,18:45,Lucknow,Known,2,Travel,534,0
TXN007669,4759.77,05:49,Jhansi,Known,5,Bills,1575,0
TXN007670,17075.98,15:53,Pune,Known,4,Bills,792,0
TXN007671,2243.31,13:51,Lucknow,Known,5,Bills,551,0
TXN007672,6575.31,17:30,Delhi,Known,3,Entertainment,1025,0
TXN007673,5342.37,11:58,Pune,Known,4,Entertainment,1028,0
TXN007674,953.01,17:29,Lucknow,Known,4,Shopping,872,0
TXN007675,1851.05,01:42,Lucknow,Known,6,Food,1851,0
TXN007676,468.19,16:56,Mumbai,Known,4,Shopping,385,0
TXN007677,1451.5,18:02,Lucknow,New,1,Food,1231,0
TXN007678,932.66,11:56,Kanpur,Known,6,Bills,1190,0
TXN007679,1179.11,00:49,Pune,Known,2,Electronics,89,0
TXN007680,819.06,13:59,Noida,Known,3,Food,930,0
TXN007681,1331.54,18:46,Kanpur,Known,5,Electronics,296,0
TXN007682,3147.57,11:09,Noida,Known,2,Travel,733,0
TXN007683,1587.75,02:18,Pune,New,3,Shopping,1222,0
TXN007684,254.16,09:00,Delhi,Known,4,Shopping,759,0
TXN007685,822.31,23:36,Jhansi,New,5,Electronics,10,0
TXN007686,365.1,06:26,Delhi,Known,3,Shopping,1032,0
TXN007687,2325.77,12:28,Mumbai,Known,7,Shopping,40,0
TXN007688,3053.44,08:44,Noida,Known,3,Fuel,501,0
TXN007689,2356.46,17:49,Pune,Known,4,Entertainment,1218,0
TXN007690,787.42,10:04,Pune,Known,3,Food,209,0
TXN007691,2332.6,09:55,Kanpur,Known,1,Entertainment,908,0
TXN007692,1098.74,13:22,Delhi,Known,3,Electronics,395,0
TXN007693,544.79,13:45,Delhi,Known,3,Bills,10,0
TXN007694,3922.83,11:34,Mumbai,Known,4,Fuel,392,0
TXN007695,4249.14,06:26,Lucknow,Known,6,Bills,419,0
TXN007696,4875.03,02:12,Kanpur,New,2,Food,157,0
TXN007697,950.3,16:11,Jhansi,Known,4,Food,708,0
TXN007698,6209.73,08:43,Delhi,New,5,Food,731,0
TXN007699,1072.0,14:19,Mumbai,Known,5,Food,518,0
TXN007700,3574.99,09:13,Delhi,Known,5,Fuel,530,0
TXN007701,1052.67,20:00,Noida,Known,6,Electronics,984,0
TXN007702,1422.77,16:50,Mumbai,Known,7,Fuel,119,0
TXN007703,141.64,09:23,Delhi,Known,4,Entertainment,1210,0
TXN007704,1310.98,07:20,Lucknow,Known,5,Food,432,0
TXN007705,1980.66,17:22,Mumbai,Known,6,Shopping,548,0
TXN007706,1170.27,00:35,Lucknow,Known,5,Shopping,305,0
TXN007707,11379.17,01:28,Pune,Known,4,Fuel,200,0
TXN007708,531.1,02:32,Mumbai,Known,5,Food,1128,0
TXN007709,996.03,08:16,Delhi,Known,5,Shopping,347,0
TXN007710,696.05,11:17,Mumbai,Known,4,Travel,918,0
TXN007711,995.83,07:51,Delhi,New,4,Food,872,0
TXN007712,5316.26,04:26,Jaipur,Known,5,Entertainment,593,0
TXN007713,8497.06,07:58,Noida,Known,2,Entertainment,1173,0
TXN007714,862.39,11:50,Kanpur,Known,4,Bills,742,0
TXN007715,842.51,07:42,Kanpur,Known,1,Electronics,10,0
TXN007716,534.09,13:32,Mumbai,New,2,Travel,428,0
TXN007717,7094.97,09:50,Lucknow,Known,4,Food,1873,0
TXN007718,5840.65,22:03,Mumbai,Known,3,Bills,719,0
TXN007719,1610.44,23:29,Pune,New,6,Food,665,0
TXN007720,415.56,15:42,Noida,Known,2,Fuel,1130,0
TXN007721,456.48,13:06,Mumbai,Known,2,Food,1313,0
TXN007722,2153.18,00:10,Noida,Known,8,Bills,301,0
TXN007723,3204.61,14:03,Delhi,Known,6,Travel,707,0
TXN007724,205.63,09:29,Mumbai,New,3,Food,699,0
TXN007725,1284.55,06:32,Delhi,Known,2,Food,84,0
TXN007726,9845.33,19:28,Mumbai,Known,5,Shopping,610,0
TXN007727,1432.47,01:03,Mumbai,Known,3,Entertainment,792,0
TXN007728,8601.24,06:29,Jaipur,Known,4,Food,615,0
TXN007729,3558.31,18:53,Mumbai,Known,8,Electronics,1556,0
TXN007730,576.54,22:01,Lucknow,Known,5,Shopping,1030,0
TXN007731,1323.77,12:46,Delhi,Known,2,Fuel,845,0
TXN007732,1572.49,12:16,Delhi,Known,4,Bills,713,0
TXN007733,662.09,23:04,Mumbai,New,5,Entertainment,1022,0
TXN007734,650.14,02:03,Delhi,Known,1,Electronics,601,0
TXN007735,8757.35,11:00,Lucknow,Known,2,Electronics,38,1
TXN007736,645.04,05:24,Mumbai,Known,7,Shopping,176,0
TXN007737,5585.34,11:29,Delhi,New,2,Fuel,807,0
TXN007738,1138.23,21:37,Jhansi,Known,3,Entertainment,1244,0
TXN007739,1752.19,14:04,Jaipur,Known,3,Shopping,514,0
TXN007740,3246.97,23:39,Delhi,Known,6,Fuel,1087,0
TXN007741,960.12,12:44,Noida,Known,10,Bills,893,0
TXN007742,3267.7,20:03,Jhansi,New,3,Bills,1199,0
TXN007743,209.93,04:40,Jhansi,Known,7,Travel,223,0
TXN007744,2856.16,07:07,Noida,Known,4,Shopping,209,0
TXN007745,134.77,06:26,Kanpur,Known,5,Travel,1456,0
TXN007746,1418.5,18:39,Jaipur,Known,2,Food,10,0
TXN007747,4413.83,12:52,Delhi,Known,3,Entertainment,862,0
TXN007748,3459.75,05:31,Kanpur,Known,8,Food,1375,0
TXN007749,460.45,04:26,Jhansi,Known,5,Food,880,0
TXN007750,527.1,09:50,Jaipur,Known,5,Travel,1308,0
TXN007751,873.44,03:12,Kanpur,Known,3,Travel,1271,0
TXN007752,2188.71,16:12,Jaipur,Known,2,Food,1053,0
TXN007753,213.15,20:27,Jhansi,Known,4,Travel,858,0
TXN007754,1775.18,23:07,Noida,Known,7,Fuel,220,0
TXN007755,2496.24,05:01,Pune,Known,4,Electronics,87,0
TXN007756,1337.23,10:21,Noida,Known,6,Travel,607,0
TXN007757,3124.81,12:09,Kanpur,New,6,Food,10,0
TXN007758,2276.63,11:38,Noida,Known,5,Bills,954,0
TXN007759,1019.23,10:32,Delhi,New,5,Entertainment,1726,0
TXN007760,235.7,05:29,Jaipur,Known,6,Travel,718,0
TXN007761,2070.67,02:29,Pune,Known,5,Travel,857,0
TXN007762,661.7,09:05,Jhansi,Known,3,Fuel,187,0
TXN007763,980.72,02:24,Delhi,Known,5,Bills,643,0
TXN007764,2976.85,01:04,Mumbai,Known,3,Food,728,0
TXN007765,7972.41,12:21,Mumbai,Known,4,Electronics,596,0
TXN007766,1729.48,20:40,Mumbai,New,3,Shopping,872,0
TXN007767,3220.56,12:59,Noida,Known,3,Food,417,0
TXN007768,394.98,00:17,Pune,New,3,Shopping,752,0
TXN007769,2329.34,20:15,Noida,Known,3,Bills,902,0
TXN007770,1690.27,16:40,Lucknow,New,5,Food,1290,0
TXN007771,6543.52,07:55,Jaipur,Known,7,Food,737,0
TXN007772,1020.51,06:17,Pune,Known,5,Fuel,444,0
TXN007773,1396.64,21:50,Noida,Known,2,Food,637,0
TXN007774,5471.44,11:18,Lucknow,New,3,Food,895,0
TXN007775,1634.2,03:38,Noida,Known,4,Entertainment,309,0
TXN007776,561.86,06:12,Lucknow,Known,3,Electronics,390,0
TXN007777,26232.57,06:15,Delhi,Known,1,Food,752,0
TXN007778,580.0,09:59,Jhansi,Known,6,Electronics,10,0
TXN007779,1681.78,08:23,Noida,Known,6,Food,641,0
TXN007780,2590.39,13:00,Lucknow,Known,3,Shopping,508,0
TXN007781,2384.01,07:46,Jaipur,Known,4,Travel,944,0
TXN007782,1474.85,15:07,Pune,New,1,Food,324,0
TXN007783,1482.59,11:06,Jhansi,Known,4,Entertainment,510,0
TXN007784,1406.51,22:50,Delhi,Known,3,Shopping,680,0
TXN007785,557.69,19:20,Delhi,Known,5,Shopping,396,0
TXN007786,17210.45,07:08,Jhansi,Known,3,Fuel,275,0
TXN007787,1428.74,01:58,Pune,Known,4,Bills,416,0
TXN007788,3368.83,14:16,Kanpur,Known,3,Food,10,0
TXN007789,1266.68,08:37,Delhi,Known,6,Travel,272,0
TXN007790,1240.22,21:15,Delhi,Known,5,Fuel,945,0
TXN007791,1115.8,09:34,Mumbai,Known,4,Bills,43,0
TXN007792,353.61,06:41,Jhansi,Known,5,Food,234,0
TXN007793,1520.64,08:45,Kanpur,New,6,Entertainment,570,0
TXN007794,1174.01,20:24,Delhi,Known,5,Food,985,0
TXN007795,6158.83,02:36,Kanpur,Known,2,Bills,155,0
TXN007796,512.35,22:50,Pune,New,7,Food,411,0
TXN007797,981.95,05:50,Lucknow,New,4,Travel,1259,0
TXN007798,700.77,20:44,Delhi,Known,8,Shopping,757,0
TXN007799,8186.15,13:23,Kanpur,Known,2,Shopping,970,0
TXN007800,722.46,13:31,Jaipur,Known,4,Shopping,241,0
TXN007801,3248.53,04:58,Delhi,Known,8,Fuel,417,0
TXN007802,4985.11,17:14,Delhi,Known,4,Shopping,1117,0
TXN007803,1543.97,15:41,Kanpur,Known,4,Entertainment,837,0
TXN007804,424.07,11:47,Mumbai,Known,3,Food,937,0
TXN007805,429.74,10:28,Pune,Known,7,Food,982,0
TXN007806,4439.49,14:51,Noida,Known,3,Food,1049,0
TXN007807,479.1,11:25,Delhi,Known,6,Entertainment,528,0
TXN007808,2716.69,23:50,Pune,Known,4,Fuel,233,0
TXN007809,2029.63,00:38,Jhansi,Known,3,Travel,398,1
TXN007810,2674.54,06:03,Kanpur,New,3,Entertainment,515,0
TXN007811,2953.38,20:49,Mumbai,Known,5,Electronics,10,0
TXN007812,675.32,19:41,Jhansi,Known,4,Shopping,892,0
TXN007813,646.28,08:13,Pune,Known,7,Food,1060,0
TXN007814,3813.17,12:42,Delhi,Known,4,Shopping,737,0
TXN007815,929.58,00:30,Lucknow,Known,2,Electronics,411,0
TXN007816,100.27,04:56,Jaipur,Known,7,Food,732,0
TXN007817,3557.22,22:18,Lucknow,Known,5,Bills,10,0
TXN007818,606.36,15:15,Delhi,Known,4,Travel,10,0
TXN007819,2939.62,00:03,Delhi,Known,2,Bills,1403,0
TXN007820,7769.84,19:47,Noida,New,4,Fuel,10,0
TXN007821,1831.96,09:59,Noida,Known,2,Fuel,1035,0
TXN007822,5120.95,13:41,Delhi,Known,5,Fuel,1271,0
TXN007823,2115.46,20:22,Mumbai,Known,2,Fuel,677,0
TXN007824,9531.36,20:52,Kanpur,Known,5,Shopping,656,0
TXN007825,590.12,03:15,Noida,Known,4,Fuel,758,0
TXN007826,1784.54,08:41,Delhi,Known,2,Bills,10,0
TXN007827,3649.56,06:35,Lucknow,Known,4,Bills,420,0
TXN007828,1473.82,21:51,Kanpur,Known,5,Fuel,1283,0
TXN007829,6035.25,18:58,Delhi,Known,1,Bills,735,0
TXN007830,1143.56,15:21,Mumbai,Known,3,Food,619,0
TXN007831,15809.74,01:05,Jaipur,Known,1,Shopping,715,0
TXN007832,16711.45,19:09,Pune,Known,4,Travel,390,0
TXN007833,2420.47,13:44,Mumbai,Known,5,Food,166,0
TXN007834,3215.61,06:21,Pune,Known,7,Fuel,1078,0
TXN007835,6290.51,10:08,Jhansi,Known,3,Bills,291,0
TXN007836,517.49,10:48,Jaipur,New,2,Food,1621,0
TXN007837,453.93,07:38,Jaipur,Known,1,Fuel,558,0
TXN007838,6733.04,21:07,Jhansi,Known,4,Food,838,0
TXN007839,2400.01,22:42,Kanpur,Known,2,Food,1387,0
TXN007840,1419.01,01:38,Delhi,New,4,Food,883,0
TXN007841,1821.15,22:59,Kanpur,Known,2,Shopping,104,0
TXN007842,146.97,09:59,Lucknow,Known,2,Bills,437,0
TXN007843,1473.58,19:58,Jhansi,Known,2,Travel,10,0
TXN007844,816.35,18:53,Delhi,Known,4,Food,597,0
TXN007845,4719.78,14:47,Pune,Known,2,Entertainment,248,0
TXN007846,5117.0,17:40,Jaipur,Known,4,Electronics,587,0
TXN007847,3297.95,16:32,Mumbai,Known,6,Travel,1262,0
TXN007848,2726.5,20:47,Jhansi,Known,5,Fuel,1397,0
TXN007849,373.65,10:57,Pune,Known,6,Bills,10,0
TXN007850,3346.66,17:06,Kanpur,Known,3,Travel,10,0
TXN007851,3485.65,23:08,Jaipur,Known,5,Fuel,712,0
TXN007852,6654.14,22:29,Kanpur,Known,3,Food,594,0
TXN007853,16641.62,03:17,Mumbai,Known,5,Food,110,0
TXN007854,304.4,11:31,Kanpur,Known,3,Shopping,579,0
TXN007855,1197.08,12:18,Kanpur,New,4,Travel,664,0
TXN007856,825.64,14:46,Mumbai,Known,3,Bills,532,0
TXN007857,2157.43,15:53,Pune,Known,6,Food,1193,0
TXN007858,1825.51,20:16,Jhansi,Known,2,Entertainment,1122,0
TXN007859,1407.76,12:46,Lucknow,Known,5,Shopping,614,0
TXN007860,5295.04,16:06,Lucknow,Known,3,Bills,1201,0
TXN007861,566.26,21:47,Lucknow,New,4,Shopping,1050,0
TXN007862,603.27,02:41,Lucknow,Known,3,Shopping,717,0
TXN007863,614.07,15:42,Kanpur,Known,4,Fuel,10,0
TXN007864,1232.99,08:29,Mumbai,Known,3,Bills,67,0
TXN007865,495.48,21:06,Pune,Known,1,Shopping,493,0
TXN007866,1710.5,13:50,Jaipur,Known,4,Bills,870,0
TXN007867,1512.89,14:06,Kanpur,Known,1,Entertainment,103,0
TXN007868,788.16,18:28,Noida,Known,8,Shopping,1130,0
TXN007869,4505.24,05:10,Jaipur,Known,6,Food,1284,0
TXN007870,1690.98,13:50,Mumbai,Known,5,Travel,864,0
TXN007871,5493.5,18:34,Mumbai,New,3,Shopping,883,0
TXN007872,1466.66,18:30,Delhi,Known,5,Food,980,0
TXN007873,1754.85,05:19,Lucknow,Known,2,Travel,839,0
TXN007874,996.87,20:46,Mumbai,Known,3,Shopping,701,0
TXN007875,1786.73,03:12,Kanpur,Known,4,Shopping,611,0
TXN007876,3802.39,06:43,Lucknow,Known,3,Entertainment,1060,0
TXN007877,1168.69,20:58,Mumbai,Known,2,Food,1045,0
TXN007878,3102.22,14:15,Lucknow,Known,5,Electronics,84,0
TXN007879,766.75,13:41,Delhi,Known,6,Fuel,656,0
TXN007880,3993.99,13:18,Kanpur,New,3,Fuel,880,0
TXN007881,979.11,23:55,Mumbai,Known,7,Fuel,46,0
TXN007882,4401.96,05:53,Delhi,Known,2,Bills,939,0
TXN007883,1919.02,07:18,Delhi,New,4,Shopping,596,0
TXN007884,8888.76,11:13,Noida,New,5,Electronics,1499,0
TXN007885,535.81,20:04,Mumbai,Known,2,Shopping,984,0
TXN007886,382.05,13:41,Jhansi,Known,1,Shopping,719,0
TXN007887,942.48,17:55,Pune,Known,5,Shopping,866,0
TXN007888,420.61,19:08,Kanpur,Known,4,Shopping,728,0
TXN007889,421.44,21:48,Delhi,Known,2,Electronics,23,0
TXN007890,3457.05,11:45,Jhansi,Known,2,Bills,653,0
TXN007891,1792.12,10:28,Delhi,Known,7,Shopping,10,0
TXN007892,1087.76,01:13,Pune,New,4,Electronics,545,0
TXN007893,1198.99,01:39,Noida,New,5,Electronics,739,0
TXN007894,961.45,11:35,Lucknow,Known,4,Shopping,159,0
TXN007895,10182.54,17:48,Mumbai,Known,3,Electronics,645,0
TXN007896,831.52,20:33,Noida,New,6,Bills,1302,0
TXN007897,449.13,09:02,Kanpur,Known,4,Shopping,449,0
TXN007898,4152.21,13:12,Delhi,Known,5,Electronics,278,0
TXN007899,1435.11,19:22,Noida,Known,2,Electronics,1142,0
TXN007900,15309.89,07:29,Mumbai,Known,3,Fuel,771,0
TXN007901,1035.9,03:20,Pune,Known,4,Electronics,666,0
TXN007902,4375.72,22:52,Pune,Known,5,Shopping,904,0
TXN007903,5607.44,13:16,Mumbai,Known,6,Shopping,749,0
TXN007904,1041.21,03:40,Mumbai,New,5,Food,356,0
TXN007905,825.08,06:21,Lucknow,Known,4,Food,197,0
TXN007906,3920.51,07:59,Pune,Known,3,Food,1434,0
TXN007907,3291.76,04:54,Delhi,Known,2,Food,878,0
TXN007908,409.28,10:47,Mumbai,Known,6,Food,1338,0
TXN007909,550.42,19:45,Jhansi,Known,2,Food,579,0
TXN007910,125.5,17:38,Delhi,Known,5,Shopping,1202,0
TXN007911,3363.37,22:35,Delhi,Known,3,Food,351,0
TXN007912,1367.34,20:33,Noida,Known,5,Electronics,18,0
TXN007913,1518.21,07:01,Kanpur,Known,1,Shopping,879,0
TXN007914,304.76,01:56,Kanpur,Known,3,Bills,1075,0
TXN007915,568.23,03:58,Mumbai,Known,4,Food,1123,0
TXN007916,1089.73,19:31,Kanpur,Known,5,Fuel,860,0
TXN007917,888.56,08:52,Kanpur,Known,4,Food,396,0
TXN007918,2037.07,17:24,Lucknow,Known,3,Entertainment,844,0
TXN007919,3321.54,10:06,Jaipur,Known,2,Fuel,837,0
TXN007920,19509.08,21:50,Delhi,Known,3,Bills,651,0
TXN007921,1762.56,12:30,Lucknow,Known,5,Food,492,0
TXN007922,5806.39,21:56,Pune,Known,5,Travel,207,0
TXN007923,753.0,06:12,Mumbai,Known,3,Food,768,0
TXN007924,310.09,18:28,Jaipur,Known,3,Shopping,782,0
TXN007925,1243.43,12:40,Lucknow,Known,5,Entertainment,65,0
TXN007926,336.28,04:08,Delhi,Known,3,Shopping,1499,0
TXN007927,1827.95,05:59,Delhi,Known,3,Travel,80,1
TXN007928,793.19,07:36,Mumbai,New,5,Electronics,398,0
TXN007929,231.26,03:10,Jaipur,Known,4,Shopping,786,0
TXN007930,11140.79,22:44,Jaipur,Known,2,Food,842,0
TXN007931,1023.62,05:52,Kanpur,Known,3,Bills,336,0
TXN007932,322.48,14:22,Delhi,Known,3,Fuel,285,0
TXN007933,4622.18,13:36,Lucknow,Known,2,Entertainment,636,0
TXN007934,837.56,12:44,Lucknow,Known,5,Travel,668,0
TXN007935,5654.55,15:08,Mumbai,Known,4,Food,1281,0
TXN007936,833.37,21:31,Delhi,Known,2,Electronics,227,0
TXN007937,1020.04,23:33,Lucknow,Known,2,Shopping,709,0
TXN007938,2585.35,20:18,Lucknow,Known,4,Entertainment,613,0
TXN007939,3355.72,11:17,Noida,Known,4,Food,839,0
TXN007940,4033.74,17:37,Lucknow,New,5,Electronics,564,0
TXN007941,1638.14,04:45,Delhi,Known,2,Entertainment,1124,0
TXN007942,3135.64,21:23,Delhi,Known,4,Food,963,0
TXN007943,3938.09,04:08,Noida,Known,6,Fuel,1230,0
TXN007944,2221.95,02:47,Noida,Known,1,Fuel,732,0
TXN007945,1549.6,19:10,Delhi,Known,4,Electronics,674,0
TXN007946,394.64,18:00,Pune,Known,3,Food,513,0
TXN007947,3376.77,03:19,Noida,Known,4,Bills,55,0
TXN007948,1881.5,23:49,Delhi,New,4,Food,838,0
TXN007949,1165.9,02:45,Mumbai,Known,3,Bills,867,0
TXN007950,6885.66,01:18,Jaipur,Known,2,Travel,914,0
TXN007951,401.95,22:31,Lucknow,Known,5,Food,514,0
TXN007952,10115.05,05:57,Mumbai,Known,5,Travel,191,0
TXN007953,1758.39,05:43,Kanpur,Known,9,Fuel,338,0
TXN007954,2512.25,19:45,Mumbai,Known,5,Shopping,774,0
TXN007955,1188.85,14:05,Pune,Known,8,Bills,1144,0
TXN007956,312.66,12:14,Pune,Known,7,Entertainment,16,0
TXN007957,1554.57,23:06,Pune,Known,9,Fuel,1359,0
TXN007958,2558.11,02:58,Jhansi,Known,3,Food,10,0
TXN007959,3661.32,22:20,Noida,Known,5,Shopping,1452,0
TXN007960,1462.07,06:29,Mumbai,New,2,Entertainment,244,0
TXN007961,180.08,14:33,Pune,Known,4,Shopping,1294,0
TXN007962,356.67,07:31,Delhi,Known,5,Food,493,0
TXN007963,15524.31,07:03,Mumbai,Known,5,Food,1275,0
TXN007964,571.57,07:54,Jaipur,Known,3,Bills,10,0
TXN007965,8054.16,13:22,Jaipur,Known,6,Shopping,927,0
TXN007966,675.03,21:55,Kanpur,New,7,Electronics,1112,0
TXN007967,1486.18,02:45,Kanpur,Known,9,Electronics,811,0
TXN007968,3470.35,15:41,Delhi,Known,5,Entertainment,932,0
TXN007969,760.78,20:42,Jhansi,Known,3,Fuel,1123,0
TXN007970,9579.38,17:58,Delhi,Known,4,Entertainment,766,0
TXN007971,1948.97,23:18,Mumbai,Known,2,Food,496,0
TXN007972,2920.28,00:19,Lucknow,Known,7,Bills,138,0
TXN007973,1359.07,08:40,Pune,Known,5,Food,1081,0
TXN007974,3594.64,10:13,Jaipur,Known,5,Shopping,1150,0
TXN007975,9445.32,12:48,Jaipur,Known,8,Entertainment,982,0
TXN007976,1568.21,07:01,Pune,Known,4,Electronics,1014,0
TXN007977,11067.19,06:53,Mumbai,Known,4,Shopping,798,0
TXN007978,947.06,20:20,Delhi,Known,5,Fuel,504,0
TXN007979,4015.2,05:00,Lucknow,Known,4,Bills,1172,0
TXN007980,3008.24,22:36,Mumbai,Known,3,Electronics,490,0
TXN007981,586.12,00:16,Jhansi,Known,6,Bills,744,0
TXN007982,2253.05,10:18,Lucknow,Known,2,Fuel,926,0
TXN007983,1813.98,14:28,Pune,Known,6,Bills,1277,0
TXN007984,734.87,23:34,Lucknow,Known,4,Entertainment,10,0
TXN007985,2621.35,18:08,Lucknow,Known,2,Fuel,1063,0
TXN007986,2098.85,00:02,Noida,Known,3,Fuel,508,0
TXN007987,1667.91,17:27,Jhansi,New,2,Food,908,0
TXN007988,1674.94,07:21,Mumbai,Known,4,Bills,10,0
TXN007989,1637.67,20:34,Noida,Known,6,Entertainment,382,0
TXN007990,1223.48,18:44,Kanpur,Known,11,Electronics,1189,0
TXN007991,2084.67,04:36,Delhi,Known,1,Shopping,1189,0
TXN007992,915.46,08:06,Kanpur,Known,4,Fuel,616,0
TXN007993,29295.58,19:59,Jaipur,Known,4,Food,1412,0
TXN007994,409.83,22:42,Mumbai,Known,3,Food,695,0
TXN007995,974.15,14:02,Lucknow,Known,2,Entertainment,834,0
TXN007996,1058.4,05:45,Mumbai,Known,2,Food,348,0
TXN007997,15337.56,09:52,Kanpur,Known,6,Fuel,503,0
TXN007998,450.07,19:34,Jaipur,Known,4,Shopping,870,0
TXN007999,2815.12,14:49,Mumbai,Known,2,Food,10,0
TXN008000,2336.37,04:53,Pune,Known,6,Shopping,738,0
TXN008001,2555.04,06:57,Pune,Known,3,Bills,881,0
TXN008002,6592.59,04:57,Mumbai,Known,4,Food,698,0
TXN008003,6452.11,11:11,Noida,New,7,Food,1301,0
TXN008004,1121.07,10:02,Jaipur,Known,7,Fuel,494,0
TXN008005,2206.72,13:39,Jaipur,Known,3,Entertainment,597,0
TXN008006,254.23,22:40,Jhansi,Known,3,Fuel,528,0
TXN008007,1997.38,15:34,Delhi,Known,4,Travel,570,0
TXN008008,782.0,14:14,Delhi,Known,2,Shopping,629,0
TXN008009,1480.06,08:56,Mumbai,Known,2,Fuel,462,0
TXN008010,306.71,15:24,Jhansi,Known,6,Food,1169,0
TXN008011,2753.58,22:44,Lucknow,Known,5,Food,1282,0
TXN008012,303.12,00:37,Noida,Known,3,Fuel,1178,0
TXN008013,2103.25,08:53,Pune,Known,4,Entertainment,996,0
TXN008014,496.56,01:42,Mumbai,Known,4,Bills,287,0
TXN008015,737.61,04:38,Jaipur,Known,1,Shopping,664,0
TXN008016,6051.19,01:50,Delhi,Known,4,Entertainment,1572,0
TXN008017,3337.09,14:03,Mumbai,Known,3,Food,606,0
TXN008018,6016.16,19:42,Pune,Known,5,Food,861,0
TXN008019,9258.11,22:35,Mumbai,Known,3,Travel,68,0
TXN008020,799.56,05:46,Mumbai,Known,3,Fuel,923,1
TXN008021,8685.95,16:13,Jaipur,New,5,Shopping,413,0
TXN008022,386.36,07:35,Jaipur,Known,8,Travel,585,0
TXN008023,3940.04,07:17,Pune,Known,2,Food,10,0
TXN008024,1072.27,14:07,Delhi,Known,5,Bills,675,0
TXN008025,677.71,16:34,Mumbai,Known,5,Travel,1074,0
TXN008026,3431.44,14:01,Mumbai,Known,6,Entertainment,1091,0
TXN008027,4854.89,02:05,Mumbai,Known,5,Travel,532,0
TXN008028,4705.91,09:31,Jaipur,Known,4,Bills,1020,0
TXN008029,2255.54,06:53,Delhi,Known,2,Entertainment,1101,0
TXN008030,2067.5,00:42,Noida,Known,5,Electronics,374,0
TXN008031,3129.89,00:00,Delhi,Known,5,Shopping,1104,0
TXN008032,2476.23,10:06,Kanpur,Known,2,Shopping,558,0
TXN008033,3177.87,02:25,Delhi,Known,5,Shopping,141,0
TXN008034,2229.97,17:25,Delhi,Known,2,Shopping,404,0
TXN008035,4361.04,01:02,Mumbai,Known,4,Entertainment,789,0
TXN008036,326.02,05:15,Jaipur,Known,6,Travel,65,0
TXN008037,1568.23,23:07,Jhansi,Known,3,Travel,10,0
TXN008038,420.95,17:34,Jhansi,Known,3,Food,861,0
TXN008039,2406.86,13:39,Mumbai,Known,4,Bills,845,0
TXN008040,10092.71,00:23,Noida,New,7,Food,582,0
TXN008041,1094.17,01:34,Noida,New,7,Electronics,735,0
TXN008042,2057.31,21:12,Kanpur,New,4,Bills,972,0
TXN008043,3983.25,19:51,Noida,Known,2,Food,10,0
TXN008044,205.29,22:00,Pune,Known,3,Bills,10,0
TXN008045,1040.36,19:30,Jaipur,Known,4,Fuel,1036,0
TXN008046,2639.34,00:19,Jaipur,Known,3,Travel,852,0
TXN008047,85.94,19:27,Kanpur,Known,3,Shopping,916,0
TXN008048,645.41,10:30,Delhi,Known,2,Fuel,344,0
TXN008049,5718.39,16:38,Mumbai,Known,4,Entertainment,774,0
TXN008050,5159.98,09:55,Mumbai,Known,1,Food,1139,0
TXN008051,2666.64,17:33,Mumbai,Known,2,Food,779,0
TXN008052,4545.3,20:13,Lucknow,Known,5,Food,475,0
TXN008053,2256.12,23:31,Noida,Known,2,Entertainment,786,0
TXN008054,3225.06,12:30,Kanpur,Known,3,Travel,1256,0
TXN008055,1292.21,06:51,Jhansi,Known,7,Electronics,760,0
TXN008056,2032.75,14:33,Jaipur,Known,7,Food,218,0
TXN008057,926.63,11:52,Delhi,Known,7,Shopping,1414,0
TXN008058,6783.17,04:38,Delhi,Known,3,Travel,565,1
TXN008059,8894.42,17:34,Noida,Known,3,Food,401,0
TXN008060,7665.23,01:19,Kanpur,Known,3,Electronics,431,0
TXN008061,1172.66,09:15,Kanpur,Known,3,Food,902,0
TXN008062,661.22,16:05,Pune,New,3,Fuel,437,0
TXN008063,6879.93,22:32,Delhi,Known,3,Food,10,0
TXN008064,3186.39,14:55,Kanpur,Known,5,Entertainment,881,0
TXN008065,2541.62,23:00,Jaipur,Known,2,Entertainment,781,0
TXN008066,925.4,19:57,Lucknow,Known,3,Food,732,0
TXN008067,2814.36,05:51,Kanpur,Known,4,Electronics,260,0
TXN008068,575.94,20:26,Delhi,Known,3,Shopping,519,0
TXN008069,3502.76,08:18,Lucknow,Known,4,Travel,879,0
TXN008070,7656.98,15:34,Delhi,Known,5,Travel,735,0
TXN008071,9978.02,04:51,Kanpur,Known,7,Bills,825,0
TXN008072,3787.62,12:01,Jhansi,Known,3,Fuel,1333,0
TXN008073,421.75,16:26,Jaipur,Known,9,Food,802,0
TXN008074,2214.4,21:02,Jhansi,Known,3,Travel,900,0
TXN008075,17021.08,22:38,Delhi,Known,2,Entertainment,301,0
TXN008076,723.07,19:04,Pune,Known,5,Food,215,0
TXN008077,1691.55,13:18,Mumbai,Known,3,Food,977,0
TXN008078,7940.59,21:44,Noida,New,4,Shopping,495,0
TXN008079,3441.05,02:45,Mumbai,Known,9,Bills,10,0
TXN008080,24335.86,23:13,Noida,Known,4,Entertainment,899,0
TXN008081,833.83,04:30,Jaipur,Known,1,Food,1129,0
TXN008082,636.7,09:11,Delhi,Known,6,Shopping,249,0
TXN008083,6508.56,21:35,Kanpur,Known,4,Bills,10,0
TXN008084,512.79,17:00,Kanpur,Known,3,Fuel,1296,0
TXN008085,1464.01,20:48,Mumbai,Known,6,Shopping,1243,0
TXN008086,1680.11,16:01,Lucknow,Known,2,Fuel,1125,0
TXN008087,5341.87,14:36,Noida,Known,5,Food,349,0
TXN008088,3430.71,04:24,Mumbai,Known,3,Fuel,574,0
TXN008089,2908.7,23:13,Delhi,Known,5,Food,866,0
TXN008090,1179.67,15:32,Noida,Known,3,Travel,1072,0
TXN008091,6446.52,16:08,Jhansi,Known,4,Electronics,643,0
TXN008092,123334.71,10:34,Mumbai,Known,5,Electronics,1812,0
TXN008093,3719.66,22:38,Jaipur,Known,3,Travel,952,0
TXN008094,1998.59,10:27,Pune,Known,1,Entertainment,754,0
TXN008095,460.72,04:21,Jaipur,Known,3,Travel,635,0
TXN008096,921.67,04:27,Kanpur,Known,5,Food,797,0
TXN008097,1438.2,16:57,Mumbai,Known,2,Food,862,0
TXN008098,1026.81,17:45,Delhi,Known,7,Shopping,228,0
TXN008099,1769.87,04:00,Jaipur,Known,2,Fuel,196,0
TXN008100,11642.98,16:17,Pune,Known,3,Food,388,0
TXN008101,6667.95,23:01,Noida,New,5,Food,565,0
TXN008102,1523.5,12:14,Kanpur,Known,5,Entertainment,769,0
TXN008103,506.16,23:46,Lucknow,Known,2,Bills,513,0
TXN008104,7330.35,03:51,Noida,Known,4,Shopping,689,0
TXN008105,1709.63,09:27,Delhi,Known,4,Travel,102,0
TXN008106,293.75,13:41,Kanpur,Known,3,Electronics,1208,0
TXN008107,3803.18,08:22,Noida,Known,4,Travel,119,0
TXN008108,5284.39,02:28,Noida,Known,1,Entertainment,828,0
TXN008109,140.94,10:49,Lucknow,Known,4,Bills,271,0
TXN008110,757.3,08:16,Noida,Known,2,Travel,867,0
TXN008111,1602.89,04:19,Delhi,New,4,Food,1354,0
TXN008112,3892.39,08:08,Mumbai,Known,6,Food,1043,0
TXN008113,1047.34,10:13,Delhi,Known,7,Electronics,327,0
TXN008114,751.29,21:02,Mumbai,Known,4,Food,798,0
TXN008115,3862.5,11:48,Lucknow,Known,2,Entertainment,548,0
TXN008116,1100.81,09:51,Lucknow,Known,4,Electronics,146,0
TXN008117,3180.2,09:25,Kanpur,Known,6,Food,1116,0
TXN008118,560.29,14:35,Lucknow,Known,1,Shopping,1678,0
TXN008119,435.11,06:14,Kanpur,Known,7,Shopping,1243,0
TXN008120,3978.16,20:02,Noida,New,3,Electronics,188,0
TXN008121,2346.52,10:30,Delhi,Known,5,Electronics,1571,0
TXN008122,4741.56,10:09,Lucknow,Known,8,Fuel,440,0
TXN008123,1028.98,01:50,Delhi,Known,6,Shopping,527,0
TXN008124,781.08,21:16,Delhi,New,4,Fuel,387,0
TXN008125,7512.3,11:44,Jhansi,Known,4,Shopping,767,0
TXN008126,363.74,03:15,Pune,Known,2,Shopping,10,0
TXN008127,6698.08,04:07,Mumbai,Known,3,Food,290,0
TXN008128,7201.7,08:32,Lucknow,Known,7,Bills,1191,0
TXN008129,4441.0,18:10,Mumbai,Known,3,Electronics,1788,0
TXN008130,874.23,02:23,Delhi,Known,3,Food,10,0
TXN008131,763.71,02:17,Pune,Known,4,Electronics,1143,0
TXN008132,1443.73,13:52,Kanpur,Known,5,Shopping,192,0
TXN008133,462.09,11:30,Noida,Known,2,Food,506,0
TXN008134,655.74,22:43,Pune,Known,6,Fuel,168,0
TXN008135,3542.23,18:35,Jhansi,Known,5,Electronics,1120,0
TXN008136,3559.44,15:54,Mumbai,Known,1,Electronics,940,0
TXN008137,597.94,08:26,Noida,Known,3,Electronics,750,0
TXN008138,3660.92,15:51,Noida,Known,2,Fuel,1026,0
TXN008139,2900.27,14:53,Lucknow,Known,3,Bills,962,0
TXN008140,8786.07,06:55,Jhansi,Known,3,Electronics,224,0
TXN008141,3271.93,08:41,Kanpur,Known,2,Travel,839,0
TXN008142,5470.1,22:58,Mumbai,Known,6,Fuel,433,0
TXN008143,2970.46,12:44,Noida,Known,4,Food,381,0
TXN008144,5036.5,11:18,Mumbai,Known,5,Bills,914,0
TXN008145,465.95,19:09,Mumbai,Known,4,Food,1259,0
TXN008146,1584.0,06:12,Lucknow,Known,5,Shopping,668,0
TXN008147,1727.81,05:34,Jhansi,New,2,Entertainment,1394,0
TXN008148,1393.54,23:09,Pune,Known,2,Fuel,563,0
TXN008149,2868.72,19:14,Jhansi,Known,4,Electronics,10,0
TXN008150,3503.93,10:37,Noida,Known,5,Fuel,134,0
TXN008151,2717.35,22:19,Mumbai,Known,3,Shopping,37,0
TXN008152,1494.8,08:40,Jhansi,Known,3,Shopping,872,0
TXN008153,831.33,16:59,Delhi,Known,7,Bills,1510,0
TXN008154,5696.39,00:05,Kanpur,Known,6,Electronics,1192,0
TXN008155,2598.69,16:38,Noida,Known,4,Electronics,1084,0
TXN008156,617.7,04:49,Delhi,Known,4,Food,1389,0
TXN008157,1468.75,05:08,Jaipur,Known,6,Bills,988,0
TXN008158,288.61,19:46,Lucknow,Known,8,Shopping,1182,0
TXN008159,1868.11,04:30,Noida,Known,6,Travel,745,0
TXN008160,1461.54,11:37,Kanpur,Known,1,Shopping,330,0
TXN008161,984.71,22:03,Noida,Known,5,Travel,179,0
TXN008162,9503.09,22:26,Jhansi,Known,3,Travel,536,0
TXN008163,534.63,10:22,Delhi,Known,6,Entertainment,10,0
TXN008164,3779.15,02:09,Jaipur,Known,3,Entertainment,554,0
TXN008165,17882.64,06:45,Noida,Known,5,Food,564,0
TXN008166,5578.49,14:30,Kanpur,Known,6,Bills,1072,0
TXN008167,1741.37,08:52,Noida,Known,4,Electronics,638,0
TXN008168,547.18,17:09,Mumbai,Known,4,Electronics,1235,0
TXN008169,430.68,23:43,Noida,Known,1,Fuel,509,0
TXN008170,1168.43,14:36,Lucknow,Known,4,Electronics,278,0
TXN008171,874.97,14:39,Pune,Known,3,Fuel,1458,0
TXN008172,845.58,12:18,Mumbai,Known,1,Shopping,1191,0
TXN008173,1277.82,04:41,Pune,Known,5,Fuel,760,0
TXN008174,1616.76,13:14,Jaipur,Known,2,Electronics,453,0
TXN008175,2995.94,22:45,Jaipur,New,4,Food,1662,0
TXN008176,490.71,16:26,Noida,Known,2,Travel,718,0
TXN008177,879.35,18:28,Noida,Known,3,Fuel,1072,0
TXN008178,1522.16,20:34,Kanpur,Known,5,Shopping,1336,0
TXN008179,1465.98,09:05,Delhi,Known,5,Fuel,892,0
TXN008180,12379.37,08:22,Kanpur,Known,3,Entertainment,218,0
TXN008181,2297.1,23:12,Kanpur,Known,4,Electronics,628,0
TXN008182,330.72,11:57,Delhi,Known,4,Shopping,491,0
TXN008183,2792.33,17:25,Noida,Known,2,Food,694,0
TXN008184,3192.27,15:00,Delhi,Known,2,Food,842,0
TXN008185,1578.39,02:01,Jhansi,Known,3,Shopping,540,0
TXN008186,503.45,07:54,Kanpur,Known,5,Shopping,551,0
TXN008187,11401.49,07:09,Pune,Known,5,Food,768,0
TXN008188,585.32,04:00,Mumbai,Known,6,Electronics,69,0
TXN008189,3602.39,18:12,Delhi,Known,4,Bills,563,0
TXN008190,2220.74,23:13,Kanpur,New,2,Electronics,820,0
TXN008191,3382.58,23:04,Kanpur,Known,4,Electronics,778,0
TXN008192,10804.77,04:59,Delhi,Known,7,Travel,384,0
TXN008193,3246.27,10:03,Jhansi,New,4,Entertainment,489,0
TXN008194,1001.19,05:43,Jaipur,Known,5,Shopping,68,0
TXN008195,5749.3,01:50,Noida,Known,5,Entertainment,373,0
TXN008196,927.87,14:38,Mumbai,Known,5,Bills,10,0
TXN008197,2137.26,20:07,Mumbai,Known,7,Electronics,598,0
TXN008198,463.04,01:43,Kanpur,New,2,Bills,891,0
TXN008199,608.26,15:19,Noida,Known,7,Entertainment,392,0
TXN008200,1899.79,00:24,Jaipur,Known,6,Entertainment,10,0
TXN008201,2649.25,20:15,Delhi,Known,5,Electronics,1061,0
TXN008202,301.28,01:47,Kanpur,Known,4,Entertainment,788,0
TXN008203,3034.17,10:34,Jaipur,Known,8,Fuel,332,0
TXN008204,761.39,02:09,Delhi,New,4,Food,313,0
TXN008205,6899.57,09:24,Jaipur,Known,7,Food,1076,0
TXN008206,1243.87,10:47,Kanpur,Known,5,Shopping,882,0
TXN008207,553.21,12:56,Noida,Known,6,Fuel,995,0
TXN008208,1949.13,19:56,Lucknow,Known,7,Bills,63,0
TXN008209,687.8,23:08,Pune,Known,5,Food,928,0
TXN008210,6822.18,08:51,Jaipur,Known,8,Shopping,258,0
TXN008211,1801.0,22:33,Delhi,Known,3,Fuel,104,0
TXN008212,1534.99,10:44,Noida,Known,5,Shopping,686,0
TXN008213,3350.73,02:23,Delhi,Known,8,Travel,902,0
TXN008214,626.62,14:39,Mumbai,New,3,Shopping,714,0
TXN008215,464.95,17:15,Kanpur,Known,2,Food,733,0
TXN008216,2763.66,07:31,Jhansi,New,3,Food,209,0
TXN008217,567.3,14:13,Lucknow,Known,4,Travel,10,0
TXN008218,567.1,10:23,Mumbai,Known,2,Food,888,0
TXN008219,4333.52,03:24,Delhi,Known,7,Food,800,0
TXN008220,3123.97,09:51,Mumbai,New,7,Shopping,492,0
TXN008221,482.52,10:37,Delhi,Known,6,Entertainment,509,0
TXN008222,939.6,08:38,Mumbai,Known,2,Travel,739,1
TXN008223,696.89,21:17,Pune,Known,3,Shopping,523,0
TXN008224,11622.26,09:26,Mumbai,Known,4,Travel,995,0
TXN008225,4660.38,15:28,Jaipur,Known,2,Bills,1013,0
TXN008226,1157.08,00:47,Mumbai,Known,3,Bills,662,1
TXN008227,3296.27,07:11,Kanpur,Known,4,Entertainment,604,0
TXN008228,433.35,21:03,Delhi,New,6,Travel,811,0
TXN008229,888.26,21:30,Delhi,New,1,Electronics,10,0
TXN008230,2009.51,23:48,Jhansi,New,4,Fuel,672,0
TXN008231,2893.97,01:44,Mumbai,Known,8,Food,23,0
TXN008232,1624.91,20:48,Lucknow,Known,4,Fuel,876,0
TXN008233,2335.44,06:23,Lucknow,Known,4,Shopping,1079,0
TXN008234,1954.32,00:13,Noida,Known,2,Fuel,10,0
TXN008235,1515.93,02:39,Lucknow,Known,4,Electronics,983,0
TXN008236,1318.95,18:02,Delhi,Known,5,Shopping,655,0
TXN008237,1150.51,14:53,Mumbai,Known,3,Bills,908,0
TXN008238,2296.35,13:42,Kanpur,Known,5,Bills,1117,0
TXN008239,2770.82,21:30,Jaipur,Known,4,Travel,792,0
TXN008240,2216.8,02:11,Delhi,Known,5,Bills,758,0
TXN008241,522.18,01:15,Mumbai,Known,5,Bills,212,0
TXN008242,630.6,22:59,Kanpur,Known,4,Shopping,333,0
TXN008243,2736.32,14:00,Jaipur,Known,3,Travel,1541,0
TXN008244,8440.52,18:00,Delhi,Known,3,Entertainment,1117,0
TXN008245,2112.4,12:20,Pune,New,3,Food,894,0
TXN008246,1168.28,03:13,Noida,New,3,Fuel,297,0
TXN008247,2278.11,12:40,Mumbai,Known,6,Shopping,849,0
TXN008248,545.6,23:02,Noida,Known,3,Shopping,517,0
TXN008249,7114.8,02:47,Kanpur,Known,2,Food,1635,0
TXN008250,2189.58,03:46,Delhi,Known,5,Shopping,1281,0
TXN008251,891.24,08:13,Mumbai,Known,3,Bills,350,0
TXN008252,1510.82,10:34,Mumbai,Known,7,Food,392,0
TXN008253,1035.0,15:40,Mumbai,Known,1,Shopping,605,0
TXN008254,7135.2,03:50,Noida,Known,3,Entertainment,1241,0
TXN008255,1455.62,22:43,Noida,New,1,Food,1162,0
TXN008256,2118.95,03:57,Pune,Known,3,Bills,10,0
TXN008257,3287.74,04:06,Kanpur,Known,2,Entertainment,876,0
TXN008258,826.94,23:36,Lucknow,Known,5,Bills,1188,0
TXN008259,2206.0,09:46,Delhi,Known,3,Bills,610,0
TXN008260,2401.14,13:13,Pune,Known,4,Entertainment,932,0
TXN008261,352.05,10:13,Delhi,Known,5,Shopping,1497,0
TXN008262,2346.95,06:05,Mumbai,Known,3,Entertainment,1285,0
TXN008263,1715.55,12:59,Noida,Known,5,Travel,905,0
TXN008264,2063.19,18:51,Noida,Known,4,Food,842,0
TXN008265,1868.62,00:07,Delhi,Known,2,Bills,685,1
TXN008266,2362.96,21:14,Jhansi,Known,4,Food,935,0
TXN008267,7330.16,04:27,Delhi,Known,5,Food,617,0
TXN008268,521.68,22:53,Noida,New,2,Food,1142,0
TXN008269,1256.75,23:49,Noida,Known,4,Shopping,269,0
TXN008270,3624.57,22:52,Noida,Known,7,Shopping,442,0
TXN008271,2982.49,15:49,Delhi,Known,6,Shopping,531,0
TXN008272,2915.85,21:37,Kanpur,Known,7,Bills,1217,0
TXN008273,32428.66,20:17,Mumbai,Known,6,Bills,1036,0
TXN008274,3430.24,15:36,Kanpur,Known,5,Shopping,828,0
TXN008275,5901.88,21:29,Jaipur,Known,3,Electronics,848,0
TXN008276,1303.9,08:57,Delhi,New,3,Entertainment,10,0
TXN008277,634.59,20:26,Jhansi,New,3,Food,974,0
TXN008278,1294.02,22:45,Delhi,Known,3,Food,235,0
TXN008279,3801.31,15:10,Kanpur,Known,2,Shopping,413,0
TXN008280,2759.24,02:40,Kanpur,Known,6,Shopping,2003,0
TXN008281,2748.9,05:27,Lucknow,Known,6,Food,900,0
TXN008282,1437.24,04:26,Jhansi,Known,2,Bills,751,0
TXN008283,1215.67,12:45,Jaipur,Known,2,Food,596,0
TXN008284,1490.24,10:29,Pune,Known,4,Shopping,1214,0
TXN008285,3851.59,19:03,Jaipur,New,7,Food,232,0
TXN008286,4351.63,06:23,Mumbai,Known,3,Shopping,453,0
TXN008287,625.77,03:57,Jaipur,Known,4,Food,1174,0
TXN008288,4007.82,14:56,Mumbai,New,4,Food,689,0
TXN008289,908.95,03:36,Delhi,Known,8,Fuel,853,0
TXN008290,2945.13,21:38,Lucknow,Known,4,Electronics,435,0
TXN008291,1471.41,01:15,Mumbai,New,4,Shopping,935,0
TXN008292,9317.22,11:46,Noida,New,3,Entertainment,464,0
TXN008293,1160.45,22:35,Delhi,Known,2,Entertainment,12,1
TXN008294,2171.31,13:02,Kanpur,Known,1,Travel,1104,0
TXN008295,3403.18,19:56,Mumbai,Known,5,Food,309,0
TXN008296,719.02,10:51,Mumbai,Known,4,Entertainment,155,0
TXN008297,1667.44,18:04,Pune,Known,3,Shopping,271,0
TXN008298,1360.53,16:25,Kanpur,Known,3,Electronics,711,0
TXN008299,1049.47,12:44,Mumbai,Known,5,Fuel,373,0
TXN008300,1134.37,02:44,Noida,Known,3,Fuel,1465,0
TXN008301,5785.77,23:10,Pune,New,5,Electronics,1154,0
TXN008302,960.13,01:02,Lucknow,Known,3,Travel,737,0
TXN008303,3262.57,08:59,Mumbai,Known,4,Entertainment,299,0
TXN008304,2504.56,15:53,Jaipur,Known,7,Electronics,1092,0
TXN008305,415.18,18:44,Lucknow,Known,6,Fuel,822,0
TXN008306,3104.69,12:39,Mumbai,Known,3,Food,397,0
TXN008307,408.04,09:41,Delhi,Known,6,Travel,792,0
TXN008308,3480.87,09:27,Delhi,Known,7,Food,781,0
TXN008309,1056.79,23:41,Jaipur,Known,2,Shopping,372,0
TXN008310,1815.88,08:18,Jaipur,Known,4,Electronics,106,0
TXN008311,462.45,20:05,Kanpur,Known,5,Fuel,1198,0
TXN008312,2046.82,01:18,Noida,Known,4,Food,997,0
TXN008313,4763.99,15:17,Pune,Known,3,Food,636,0
TXN008314,771.42,16:18,Kanpur,New,3,Food,915,0
TXN008315,951.48,16:28,Noida,Known,4,Shopping,1069,0
TXN008316,2901.24,10:07,Jaipur,Known,3,Food,521,0
TXN008317,2978.4,16:24,Delhi,Known,2,Bills,558,0
TXN008318,139.72,10:27,Delhi,Known,5,Bills,1429,0
TXN008319,14938.82,14:11,Noida,Known,4,Shopping,421,0
TXN008320,3135.43,21:27,Noida,Known,4,Travel,1486,0
TXN008321,3741.74,16:40,Mumbai,New,2,Electronics,2104,0
TXN008322,1548.16,17:24,Mumbai,Known,4,Food,810,0
TXN008323,256.57,23:00,Noida,New,5,Fuel,10,0
TXN008324,3655.54,05:42,Kanpur,Known,4,Fuel,657,0
TXN008325,994.36,14:34,Pune,Known,2,Bills,731,0
TXN008326,3186.47,15:25,Pune,Known,5,Shopping,665,0
TXN008327,1430.53,16:01,Kanpur,New,5,Food,1247,0
TXN008328,2311.11,03:05,Noida,Known,7,Entertainment,496,0
TXN008329,797.75,18:04,Jhansi,Known,6,Entertainment,889,0
TXN008330,4461.1,04:51,Delhi,Known,3,Shopping,867,0
TXN008331,516.85,09:18,Lucknow,Known,2,Food,881,0
TXN008332,19022.73,17:25,Lucknow,Known,4,Fuel,305,0
TXN008333,18871.12,06:41,Pune,Known,3,Shopping,1090,0
TXN008334,9995.36,03:39,Pune,Known,4,Bills,276,0
TXN008335,6869.14,16:03,Delhi,Known,6,Food,865,0
TXN008336,1647.09,06:55,Pune,Known,5,Electronics,912,0
TXN008337,6126.73,19:15,Jhansi,Known,2,Shopping,280,0
TXN008338,1627.1,21:46,Delhi,Known,5,Fuel,247,0
TXN008339,352.25,08:49,Lucknow,Known,3,Fuel,551,0
TXN008340,8724.61,17:32,Pune,Known,2,Entertainment,1168,0
TXN008341,5888.8,05:09,Lucknow,New,4,Shopping,878,0
TXN008342,1741.73,22:32,Noida,Known,5,Food,1139,0
TXN008343,497.25,05:14,Kanpur,Known,4,Entertainment,1172,0
TXN008344,972.66,21:50,Jhansi,Known,6,Travel,1014,0
TXN008345,265.96,18:45,Kanpur,Known,6,Entertainment,684,0
TXN008346,4855.55,07:49,Kanpur,Known,4,Bills,10,0
TXN008347,334.31,19:49,Jaipur,New,2,Electronics,987,0
TXN008348,2432.6,15:10,Lucknow,Known,3,Food,1684,0
TXN008349,742.23,16:01,Mumbai,Known,4,Shopping,388,0
TXN008350,402.42,09:37,Lucknow,Known,5,Fuel,683,0
TXN008351,2311.88,05:36,Noida,New,3,Fuel,1446,0
TXN008352,1267.82,16:51,Kanpur,Known,4,Shopping,922,0
TXN008353,4340.05,01:38,Noida,Known,5,Fuel,898,0
TXN008354,475.59,08:48,Mumbai,Known,6,Food,524,0
TXN008355,812.7,03:20,Jhansi,Known,8,Food,819,0
TXN008356,146.72,00:07,Pune,Known,5,Food,783,0
TXN008357,181.63,00:02,Kanpur,New,6,Food,872,0
TXN008358,11892.27,02:26,Jhansi,Known,4,Food,217,0
TXN008359,16047.69,22:00,Noida,Known,3,Fuel,1713,0
TXN008360,1984.07,18:31,Noida,New,2,Entertainment,707,0
TXN008361,757.88,23:24,Lucknow,Known,5,Entertainment,278,0
TXN008362,1315.76,02:15,Jhansi,Known,7,Shopping,404,0
TXN008363,4504.33,23:35,Lucknow,Known,5,Bills,235,0
TXN008364,1048.83,14:40,Lucknow,Known,3,Food,593,0
TXN008365,2310.13,19:02,Kanpur,Known,4,Travel,564,0
TXN008366,1776.05,20:28,Lucknow,Known,7,Travel,1113,0
TXN008367,990.58,06:56,Delhi,Known,3,Shopping,163,0
TXN008368,1035.91,17:17,Noida,Known,5,Food,117,0
TXN008369,2449.23,15:46,Jhansi,Known,6,Shopping,10,0
TXN008370,645.36,09:20,Delhi,Known,5,Food,852,0
TXN008371,2892.45,11:16,Mumbai,Known,4,Bills,984,0
TXN008372,1097.05,05:51,Jhansi,Known,3,Entertainment,10,0
TXN008373,2057.56,04:21,Kanpur,Known,4,Food,875,0
TXN008374,7697.9,22:51,Noida,Known,4,Bills,400,0
TXN008375,1508.6,17:39,Kanpur,Known,7,Bills,1135,0
TXN008376,4728.37,13:48,Pune,Known,1,Shopping,1507,0
TXN008377,274.21,16:48,Delhi,Known,6,Fuel,10,0
TXN008378,1098.46,09:54,Jhansi,Known,5,Shopping,456,0
TXN008379,1853.1,05:33,Lucknow,Known,2,Food,1132,0
TXN008380,13562.16,22:57,Mumbai,Known,3,Travel,1135,0
TXN008381,229.89,23:03,Jaipur,New,5,Shopping,637,0
TXN008382,1627.05,05:29,Pune,Known,2,Bills,1088,0
TXN008383,8308.76,19:23,Mumbai,New,4,Entertainment,898,0
TXN008384,789.4,10:05,Delhi,Known,3,Food,1112,0
TXN008385,1439.51,16:52,Pune,Known,1,Food,1141,0
TXN008386,2550.05,02:48,Delhi,Known,5,Food,647,0
TXN008387,2184.79,11:44,Jaipur,Known,2,Electronics,1051,0
TXN008388,9317.05,02:38,Mumbai,Known,4,Shopping,653,0
TXN008389,2882.58,19:36,Lucknow,Known,3,Fuel,1067,0
TXN008390,7256.87,09:22,Delhi,Known,4,Electronics,388,0
TXN008391,1233.4,06:41,Kanpur,Known,4,Food,887,0
TXN008392,827.15,16:58,Mumbai,Known,4,Fuel,878,0
TXN008393,1420.17,22:15,Lucknow,Known,4,Shopping,1098,0
TXN008394,532.98,08:20,Jaipur,New,3,Fuel,652,0
TXN008395,2990.6,17:06,Mumbai,Known,4,Bills,304,0
TXN008396,1200.35,16:54,Jhansi,Known,5,Food,668,0
TXN008397,889.06,11:31,Mumbai,Known,3,Travel,91,0
TXN008398,3038.54,19:35,Jhansi,Known,5,Entertainment,523,0
TXN008399,541.66,03:15,Mumbai,Known,4,Food,39,0
TXN008400,4042.3,21:02,Noida,Known,1,Travel,732,0
TXN008401,1089.3,09:48,Noida,Known,5,Food,1160,0
TXN008402,6078.99,01:51,Pune,Known,7,Electronics,1096,0
TXN008403,1191.74,23:20,Jaipur,Known,2,Fuel,10,0
TXN008404,3494.85,18:45,Mumbai,Known,4,Bills,805,0
TXN008405,2173.47,19:34,Delhi,Known,6,Entertainment,1753,0
TXN008406,3930.96,03:38,Delhi,Known,1,Bills,465,1
TXN008407,2020.27,18:10,Noida,Known,4,Bills,897,0
TXN008408,313.87,16:36,Mumbai,Known,1,Food,1209,0
TXN008409,5191.49,21:09,Pune,Known,1,Fuel,72,0
TXN008410,1641.68,08:13,Jaipur,Known,3,Fuel,855,0
TXN008411,4123.81,22:21,Delhi,Known,3,Food,1101,0
TXN008412,3715.62,16:12,Mumbai,Known,5,Shopping,561,0
TXN008413,799.18,06:54,Kanpur,Known,5,Shopping,84,0
TXN008414,688.84,05:01,Lucknow,Known,4,Fuel,1230,0
TXN008415,3581.96,21:54,Lucknow,Known,7,Travel,10,0
TXN008416,1309.15,15:09,Mumbai,New,4,Entertainment,10,0
TXN008417,4811.64,02:52,Pune,Known,6,Food,99,0
TXN008418,1492.83,03:20,Noida,Known,2,Travel,524,0
TXN008419,5271.77,19:55,Delhi,Known,4,Food,37,0
TXN008420,2807.39,04:32,Delhi,New,5,Bills,193,0
TXN008421,2435.52,05:29,Noida,Known,3,Shopping,402,0
TXN008422,1215.4,14:07,Delhi,Known,3,Shopping,1257,0
TXN008423,2297.53,20:26,Pune,New,5,Shopping,892,0
TXN008424,6298.31,08:33,Kanpur,Known,1,Food,796,0
TXN008425,1700.39,15:59,Jaipur,Known,4,Food,1396,0
TXN008426,3144.08,16:15,Noida,Known,2,Shopping,1420,0
TXN008427,1889.79,14:04,Pune,Known,4,Food,301,0
TXN008428,2051.6,16:15,Noida,Known,3,Electronics,274,0
TXN008429,10994.2,05:14,Kanpur,Known,4,Food,428,0
TXN008430,6357.3,14:56,Delhi,Known,4,Travel,808,0
TXN008431,1956.51,00:09,Noida,Known,3,Food,1293,0
TXN008432,2254.58,17:59,Jhansi,Known,6,Shopping,244,0
TXN008433,861.42,19:06,Lucknow,Known,7,Bills,665,0
TXN008434,1501.05,19:48,Kanpur,New,1,Entertainment,643,1
TXN008435,2490.93,00:24,Mumbai,Known,1,Shopping,1317,0
TXN008436,4397.04,21:03,Lucknow,Known,2,Electronics,1081,0
TXN008437,3952.98,10:36,Delhi,Known,7,Electronics,252,0
TXN008438,561.62,01:43,Lucknow,New,5,Shopping,1050,0
TXN008439,5020.95,12:50,Kanpur,Known,5,Shopping,575,0
TXN008440,1639.8,13:10,Pune,New,4,Fuel,817,0
TXN008441,638.55,09:37,Kanpur,Known,5,Shopping,155,0
TXN008442,7322.78,17:34,Jaipur,Known,2,Electronics,10,0
TXN008443,8366.45,13:26,Jaipur,Known,3,Shopping,571,0
TXN008444,2374.34,05:53,Delhi,Known,6,Fuel,277,0
TXN008445,3788.69,14:25,Jhansi,Known,2,Bills,617,0
TXN008446,4029.36,06:22,Mumbai,Known,7,Food,413,0
TXN008447,7793.95,02:31,Pune,Known,5,Travel,720,0
TXN008448,3866.15,06:55,Kanpur,Known,8,Food,804,0
TXN008449,446.51,21:52,Delhi,Known,5,Food,1011,0
TXN008450,14851.26,13:42,Mumbai,Known,3,Shopping,1006,0
TXN008451,5510.89,07:04,Noida,Known,6,Food,1260,0
TXN008452,1054.2,08:18,Delhi,Known,4,Entertainment,742,0
TXN008453,610.6,20:00,Lucknow,Known,3,Fuel,170,0
TXN008454,3058.24,15:05,Pune,Known,5,Fuel,1126,0
TXN008455,1343.95,18:49,Delhi,Known,6,Food,819,0
TXN008456,2545.38,14:48,Noida,Known,2,Bills,1034,0
TXN008457,3928.92,23:06,Noida,Known,5,Shopping,1052,1
TXN008458,993.05,15:27,Mumbai,Known,2,Shopping,584,0
TXN008459,557.59,09:16,Delhi,Known,4,Bills,577,0
TXN008460,2699.04,06:04,Delhi,Known,5,Fuel,1559,0
TXN008461,1028.12,01:22,Jaipur,Known,7,Fuel,141,0
TXN008462,2098.43,18:06,Noida,Known,5,Entertainment,503,0
TXN008463,439.24,22:44,Lucknow,Known,7,Shopping,1069,0
TXN008464,1381.26,15:58,Pune,Known,6,Shopping,617,0
TXN008465,3813.27,11:25,Delhi,Known,7,Shopping,456,0
TXN008466,3400.82,03:14,Delhi,Known,5,Food,1044,0
TXN008467,786.64,15:29,Mumbai,Known,3,Bills,1284,0
TXN008468,527.88,04:57,Noida,Known,2,Shopping,775,0
TXN008469,1830.04,14:09,Lucknow,Known,4,Food,37,0
TXN008470,3244.21,07:40,Jhansi,New,3,Bills,751,0
TXN008471,2754.46,20:05,Mumbai,New,4,Entertainment,876,0
TXN008472,1051.29,22:18,Noida,Known,4,Bills,263,0
TXN008473,2460.84,05:26,Pune,Known,2,Shopping,1351,0
TXN008474,8716.87,07:23,Lucknow,Known,2,Food,934,0
TXN008475,2232.65,22:10,Mumbai,Known,4,Bills,282,0
TXN008476,324.0,00:46,Jhansi,Known,5,Fuel,942,0
TXN008477,2228.1,12:40,Mumbai,Known,5,Food,934,0
TXN008478,15393.44,03:26,Delhi,New,2,Entertainment,436,0
TXN008479,465.81,10:25,Jhansi,Known,3,Travel,160,0
TXN008480,1857.07,00:04,Kanpur,New,5,Travel,577,0
TXN008481,1419.26,03:39,Pune,New,4,Shopping,429,1
TXN008482,1990.66,09:13,Mumbai,Known,5,Food,813,0
TXN008483,2207.26,01:18,Mumbai,Known,2,Travel,581,0
TXN008484,5958.13,19:51,Jhansi,Known,4,Electronics,912,0
TXN008485,1967.59,13:38,Noida,Known,4,Food,800,0
TXN008486,6882.0,10:41,Lucknow,New,4,Food,1025,0
TXN008487,1590.82,11:15,Lucknow,New,3,Bills,954,0
TXN008488,1246.25,20:30,Delhi,Known,4,Entertainment,1131,0
TXN008489,891.49,20:00,Kanpur,Known,2,Food,327,0
TXN008490,267.09,01:14,Jaipur,Known,3,Shopping,1154,0
TXN008491,2404.54,16:48,Delhi,Known,4,Fuel,1535,0
TXN008492,15556.63,11:28,Kanpur,Known,4,Fuel,1226,0
TXN008493,2912.27,18:38,Delhi,Known,7,Shopping,63,0
TXN008494,3701.99,18:47,Mumbai,Known,3,Shopping,1407,0
TXN008495,1166.61,16:56,Noida,Known,6,Entertainment,1032,0
TXN008496,1392.69,16:04,Kanpur,Known,4,Food,1138,0
TXN008497,5061.49,05:34,Delhi,Known,3,Bills,355,0
TXN008498,14833.9,20:59,Lucknow,Known,2,Shopping,79,0
TXN008499,8585.99,16:11,Delhi,Known,4,Food,1332,0
TXN008500,4192.48,06:51,Lucknow,Known,3,Bills,495,0
TXN008501,1867.68,05:34,Noida,Known,1,Entertainment,343,0
TXN008502,2243.4,12:19,Mumbai,New,6,Bills,29,0
TXN008503,815.96,08:46,Lucknow,Known,5,Fuel,10,0
TXN008504,393.45,16:52,Kanpur,Known,6,Fuel,700,0
TXN008505,551.37,09:08,Pune,Known,2,Shopping,1089,0
TXN008506,1896.63,04:40,Delhi,Known,1,Shopping,827,0
TXN008507,1324.71,09:56,Kanpur,Known,8,Bills,639,0
TXN008508,384.76,19:39,Delhi,Known,2,Travel,1273,0
TXN008509,1730.82,19:32,Delhi,New,3,Electronics,1332,0
TXN008510,1288.44,07:08,Mumbai,Known,7,Fuel,306,0
TXN008511,525.34,19:27,Noida,Known,6,Shopping,780,0
TXN008512,1220.3,02:54,Delhi,Known,4,Entertainment,753,0
TXN008513,1285.04,23:47,Jaipur,Known,2,Shopping,568,0
TXN008514,942.06,18:27,Lucknow,Known,4,Food,896,0
TXN008515,4762.58,00:18,Pune,Known,3,Food,1326,0
TXN008516,244.08,16:48,Mumbai,New,1,Entertainment,10,0
TXN008517,223.73,11:58,Mumbai,Known,6,Shopping,798,0
TXN008518,1806.22,21:17,Noida,Known,3,Entertainment,762,0
TXN008519,1991.17,05:48,Lucknow,Known,13,Food,597,0
TXN008520,2751.68,21:18,Kanpur,Known,3,Food,1022,0
TXN008521,1022.11,20:49,Pune,Known,2,Bills,587,0
TXN008522,686.58,06:57,Jhansi,Known,3,Shopping,394,0
TXN008523,1786.23,10:39,Pune,Known,8,Fuel,1034,0
TXN008524,1132.16,15:29,Delhi,New,5,Travel,168,0
TXN008525,9174.35,05:18,Jhansi,Known,2,Fuel,406,0
TXN008526,1280.62,23:03,Jhansi,Known,6,Travel,345,0
TXN008527,1702.24,04:03,Jhansi,Known,2,Fuel,1413,0
TXN008528,24215.08,05:50,Jhansi,Known,9,Travel,761,0
TXN008529,1467.1,12:39,Noida,Known,4,Shopping,118,0
TXN008530,3227.64,11:13,Pune,Known,3,Fuel,806,0
TXN008531,3548.1,01:33,Mumbai,Known,6,Food,226,0
TXN008532,3879.7,21:52,Delhi,Known,2,Shopping,819,0
TXN008533,2439.39,05:38,Delhi,Known,7,Food,137,0
TXN008534,2206.31,02:54,Delhi,Known,4,Bills,56,0
TXN008535,1999.98,12:07,Jhansi,New,3,Fuel,999,0
TXN008536,983.14,22:04,Lucknow,Known,3,Food,435,0
TXN008537,2533.45,00:39,Lucknow,Known,6,Bills,1228,0
TXN008538,15147.94,11:34,Jaipur,New,5,Shopping,10,0
TXN008539,6417.33,21:41,Jaipur,Known,1,Food,942,0
TXN008540,2476.63,21:58,Kanpur,Known,3,Food,493,0
TXN008541,4421.19,04:06,Lucknow,Known,4,Travel,1008,0
TXN008542,722.64,14:55,Mumbai,New,3,Food,523,0
TXN008543,1369.23,20:03,Lucknow,Known,8,Fuel,956,0
TXN008544,4869.68,16:31,Lucknow,New,6,Bills,583,0
TXN008545,8578.96,15:49,Delhi,New,6,Shopping,740,0
TXN008546,801.22,18:40,Noida,New,6,Bills,1250,0
TXN008547,1083.31,10:13,Lucknow,Known,8,Food,724,0
TXN008548,17782.79,01:36,Mumbai,Known,4,Fuel,437,0
TXN008549,1991.45,15:54,Noida,New,8,Bills,298,0
TXN008550,12210.75,15:12,Lucknow,Known,3,Travel,905,0
TXN008551,2236.67,20:56,Mumbai,Known,5,Bills,1171,0
TXN008552,2330.95,22:39,Mumbai,Known,5,Travel,980,0
TXN008553,1306.07,08:05,Delhi,Known,3,Food,1431,0
TXN008554,4842.69,22:19,Kanpur,Known,2,Entertainment,823,0
TXN008555,7489.13,00:51,Lucknow,New,5,Food,464,0
TXN008556,607.16,23:20,Delhi,Known,5,Bills,1273,0
TXN008557,1243.23,03:56,Pune,Known,3,Food,134,0
TXN008558,4704.97,15:25,Pune,Known,2,Electronics,361,0
TXN008559,1571.08,16:20,Kanpur,Known,3,Travel,732,0
TXN008560,1072.22,15:51,Pune,Known,4,Fuel,270,0
TXN008561,5195.57,23:47,Kanpur,Known,6,Fuel,926,0
TXN008562,5734.0,13:14,Delhi,Known,3,Food,518,0
TXN008563,1122.62,03:46,Kanpur,New,4,Shopping,1144,0
TXN008564,2249.64,14:15,Mumbai,New,4,Fuel,905,0
TXN008565,506.05,06:53,Lucknow,Known,2,Shopping,1495,0
TXN008566,702.95,14:00,Jaipur,Known,2,Electronics,10,0
TXN008567,2050.66,09:39,Lucknow,Known,3,Food,898,0
TXN008568,1860.35,01:09,Mumbai,Known,3,Travel,755,0
TXN008569,652.18,15:40,Delhi,Known,7,Shopping,751,0
TXN008570,848.75,02:58,Pune,Known,6,Food,524,0
TXN008571,588.3,07:40,Delhi,Known,4,Electronics,837,0
TXN008572,2902.58,14:26,Jaipur,Known,4,Shopping,10,0
TXN008573,228.04,21:49,Delhi,Known,4,Fuel,10,0
TXN008574,622.28,07:11,Noida,New,2,Shopping,350,0
TXN008575,254.54,07:32,Mumbai,Known,2,Food,10,0
TXN008576,2794.79,07:57,Mumbai,Known,1,Shopping,860,0
TXN008577,271.15,13:21,Delhi,Known,6,Entertainment,279,0
TXN008578,1860.98,04:01,Delhi,Known,6,Food,666,0
TXN008579,10067.24,12:26,Delhi,Known,3,Shopping,817,0
TXN008580,10432.15,19:29,Delhi,Known,3,Bills,626,0
TXN008581,270.25,01:48,Jhansi,New,4,Bills,970,0
TXN008582,2462.35,23:48,Kanpur,Known,2,Shopping,492,0
TXN008583,637.22,12:20,Mumbai,Known,8,Bills,663,0
TXN008584,514.27,15:46,Noida,Known,6,Fuel,475,0
TXN008585,1597.82,14:08,Noida,New,5,Shopping,1082,0
TXN008586,6537.09,22:11,Jaipur,Known,3,Fuel,127,0
TXN008587,3378.49,15:36,Lucknow,Known,1,Shopping,846,0
TXN008588,849.5,21:42,Lucknow,Known,4,Travel,1333,0
TXN008589,3773.76,06:48,Jaipur,Known,4,Electronics,887,0
TXN008590,170.66,05:37,Jaipur,Known,2,Electronics,437,0
TXN008591,816.44,15:07,Jaipur,Known,5,Entertainment,829,0
TXN008592,757.83,03:40,Jhansi,Known,2,Bills,413,0
TXN008593,1954.28,02:25,Jhansi,Known,4,Travel,1145,1
TXN008594,1454.73,05:15,Jaipur,Known,6,Food,880,0
TXN008595,1551.53,06:20,Kanpur,New,4,Food,757,0
TXN008596,1498.3,02:48,Mumbai,Known,2,Fuel,1281,0
TXN008597,1842.85,17:10,Jaipur,New,5,Entertainment,718,0
TXN008598,3173.78,13:33,Pune,Known,5,Food,75,0
TXN008599,2105.57,04:04,Delhi,Known,5,Entertainment,714,0
TXN008600,1335.38,06:43,Delhi,Known,6,Electronics,571,0
TXN008601,2744.56,22:08,Pune,New,1,Shopping,676,0
TXN008602,4285.41,21:56,Mumbai,Known,3,Fuel,896,0
TXN008603,1003.97,02:52,Noida,Known,6,Entertainment,981,0
TXN008604,1691.16,14:51,Delhi,Known,4,Food,232,0
TXN008605,6096.95,07:20,Delhi,Known,5,Entertainment,696,0
TXN008606,565.46,08:46,Noida,New,3,Food,605,0
TXN008607,11973.84,14:08,Jaipur,Known,2,Bills,777,0
TXN008608,441.17,23:17,Kanpur,Known,6,Fuel,863,0
TXN008609,1252.52,13:07,Delhi,Known,5,Electronics,659,0
TXN008610,663.71,22:03,Mumbai,Known,3,Travel,176,0
TXN008611,17905.54,19:22,Mumbai,New,3,Entertainment,649,0
TXN008612,1061.06,18:34,Jaipur,Known,4,Bills,1177,0
TXN008613,1063.86,18:51,Lucknow,New,3,Entertainment,220,0
TXN008614,1219.57,19:02,Jaipur,Known,3,Food,1260,0
TXN008615,1990.07,06:24,Pune,Known,7,Shopping,10,0
TXN008616,1274.97,23:42,Lucknow,Known,5,Shopping,771,0
TXN008617,1565.58,22:12,Delhi,Known,3,Shopping,429,0
TXN008618,50.0,14:44,Jaipur,Known,2,Entertainment,678,0
TXN008619,1911.34,17:34,Delhi,Known,6,Travel,993,0
TXN008620,1833.97,21:33,Pune,Known,8,Bills,1080,0
TXN008621,5356.36,03:07,Lucknow,Known,4,Food,1224,0
TXN008622,7115.68,01:10,Mumbai,Known,5,Travel,35,1
TXN008623,1478.0,23:52,Lucknow,Known,2,Entertainment,316,0
TXN008624,4241.12,13:52,Lucknow,Known,8,Shopping,444,0
TXN008625,566.17,17:27,Noida,Known,3,Electronics,368,0
TXN008626,4028.91,12:35,Kanpur,Known,1,Shopping,863,0
TXN008627,986.78,12:32,Mumbai,New,4,Fuel,1018,0
TXN008628,518.85,00:30,Kanpur,Known,2,Food,10,1
TXN008629,1481.3,06:42,Lucknow,Known,3,Travel,225,0
TXN008630,7832.51,02:34,Jaipur,Known,4,Food,613,0
TXN008631,2176.77,10:07,Pune,Known,2,Electronics,679,0
TXN008632,8663.33,00:04,Jhansi,Known,4,Electronics,1347,0
TXN008633,820.06,19:51,Jaipur,Known,5,Shopping,165,0
TXN008634,5408.82,07:44,Lucknow,Known,5,Food,453,0
TXN008635,907.57,17:11,Delhi,Known,2,Travel,1229,0
TXN008636,2280.47,01:03,Delhi,Known,5,Shopping,465,0
TXN008637,2259.86,00:13,Pune,New,2,Electronics,986,1
TXN008638,3605.11,10:34,Lucknow,Known,2,Food,483,0
TXN008639,2342.14,18:35,Pune,Known,6,Food,569,0
TXN008640,828.32,19:10,Lucknow,Known,3,Travel,918,0
TXN008641,4536.29,13:10,Delhi,Known,3,Entertainment,564,0
TXN008642,11089.8,14:12,Kanpur,Known,2,Entertainment,367,0
TXN008643,975.11,16:26,Jhansi,Known,5,Food,974,0
TXN008644,262.05,16:13,Lucknow,New,5,Travel,300,0
TXN008645,3040.65,17:27,Pune,Known,2,Entertainment,996,0
TXN008646,1271.31,00:00,Jhansi,Known,4,Shopping,531,0
TXN008647,1568.51,10:56,Lucknow,Known,6,Bills,294,0
TXN008648,3227.71,20:53,Noida,New,4,Food,1033,0
TXN008649,1114.69,10:20,Mumbai,Known,4,Entertainment,493,0
TXN008650,1357.29,03:48,Pune,Known,5,Fuel,596,0
TXN008651,1620.38,15:32,Mumbai,New,6,Travel,10,0
TXN008652,8423.52,07:01,Noida,Known,9,Travel,185,0
TXN008653,1857.74,12:17,Lucknow,Known,2,Entertainment,1164,0
TXN008654,491.81,12:03,Delhi,Known,3,Shopping,758,0
TXN008655,512.79,16:42,Jhansi,Known,3,Food,1160,0
TXN008656,2083.35,22:46,Lucknow,Known,3,Travel,638,0
TXN008657,549.85,16:37,Jhansi,Known,5,Entertainment,711,0
TXN008658,349.02,23:00,Kanpur,Known,3,Entertainment,1378,0
TXN008659,3508.19,00:14,Delhi,New,5,Food,858,1
TXN008660,3693.26,18:28,Mumbai,Known,3,Food,1371,0
TXN008661,1222.92,10:08,Noida,Known,6,Bills,488,0
TXN008662,2450.1,17:06,Kanpur,New,4,Fuel,575,0
TXN008663,2193.1,02:18,Kanpur,Known,2,Fuel,357,0
TXN008664,3388.3,12:35,Delhi,New,4,Fuel,913,0
TXN008665,3396.6,00:05,Mumbai,Known,3,Food,303,0
TXN008666,116.68,15:59,Noida,Known,2,Shopping,1390,0
TXN008667,1398.31,05:27,Pune,Known,5,Electronics,10,0
TXN008668,3100.57,03:10,Kanpur,Known,1,Fuel,680,0
TXN008669,1169.77,01:01,Kanpur,Known,6,Travel,438,0
TXN008670,1869.74,06:57,Kanpur,Known,3,Bills,791,0
TXN008671,3959.12,23:35,Noida,Known,4,Travel,364,0
TXN008672,1959.63,23:51,Pune,Known,6,Fuel,776,0
TXN008673,8767.94,01:46,Mumbai,Known,2,Food,853,0
TXN008674,5877.45,23:59,Noida,Known,5,Fuel,914,0
TXN008675,1589.3,14:53,Mumbai,Known,5,Electronics,1425,0
TXN008676,1462.05,07:45,Delhi,Known,1,Shopping,663,0
TXN008677,90.26,22:51,Delhi,Known,2,Fuel,567,0
TXN008678,1277.57,05:51,Delhi,Known,3,Food,605,0
TXN008679,434.68,04:15,Mumbai,Known,8,Bills,75,0
TXN008680,2270.68,05:35,Delhi,Known,3,Bills,1089,0
TXN008681,2113.41,03:59,Delhi,Known,1,Food,275,0
TXN008682,3737.57,11:52,Delhi,Known,2,Shopping,1130,0
TXN008683,7801.3,03:06,Delhi,Known,5,Bills,316,0
TXN008684,1751.03,05:06,Lucknow,Known,3,Food,10,1
TXN008685,19731.65,08:12,Pune,Known,7,Shopping,10,0
TXN008686,2297.59,15:44,Kanpur,Known,5,Bills,1056,0
TXN008687,454.78,20:23,Delhi,Known,3,Shopping,1228,0
TXN008688,997.61,01:37,Lucknow,Known,3,Shopping,845,0
TXN008689,1217.02,15:08,Lucknow,New,3,Shopping,255,0
TXN008690,3351.88,02:03,Delhi,Known,3,Entertainment,194,0
TXN008691,665.76,23:46,Lucknow,Known,1,Food,496,0
TXN008692,1316.41,06:17,Mumbai,Known,6,Shopping,1071,0
TXN008693,1519.98,20:02,Kanpur,Known,4,Shopping,572,0
TXN008694,1124.41,18:12,Noida,Known,5,Entertainment,69,0
TXN008695,4219.74,07:19,Kanpur,Known,2,Shopping,314,0
TXN008696,3529.56,07:24,Delhi,Known,3,Entertainment,770,0
TXN008697,6126.86,07:53,Delhi,Known,2,Shopping,1197,0
TXN008698,1271.52,11:11,Pune,Known,6,Electronics,955,0
TXN008699,6362.62,10:36,Noida,Known,4,Fuel,333,0
TXN008700,429.81,15:16,Jhansi,Known,3,Electronics,677,0
TXN008701,418.94,11:29,Jaipur,Known,8,Food,1116,0
TXN008702,503.23,18:17,Kanpur,New,3,Bills,669,0
TXN008703,1817.49,11:20,Delhi,Known,3,Shopping,14,0
TXN008704,6361.62,07:35,Noida,Known,4,Bills,402,0
TXN008705,956.51,07:35,Delhi,Known,3,Entertainment,10,0
TXN008706,1091.18,17:08,Noida,New,5,Travel,819,0
TXN008707,1434.72,03:09,Lucknow,New,4,Food,1243,0
TXN008708,3284.64,06:14,Delhi,Known,6,Food,1312,0
TXN008709,1090.11,07:53,Delhi,Known,6,Bills,665,0
TXN008710,1028.09,15:19,Lucknow,Known,3,Shopping,320,0
TXN008711,438.29,03:34,Jhansi,Known,4,Electronics,602,0
TXN008712,987.56,10:26,Delhi,Known,4,Bills,754,0
TXN008713,6197.35,16:21,Delhi,Known,5,Food,1215,0
TXN008714,1980.32,22:02,Lucknow,Known,2,Electronics,847,0
TXN008715,827.74,10:26,Pune,Known,1,Fuel,10,0
TXN008716,6591.22,23:59,Pune,Known,9,Travel,1031,0
TXN008717,973.67,14:56,Noida,Known,3,Shopping,10,0
TXN008718,7994.39,18:18,Lucknow,Known,3,Shopping,775,0
TXN008719,7858.33,05:31,Lucknow,Known,3,Food,1400,0
TXN008720,1909.04,21:17,Mumbai,New,3,Travel,11,0
TXN008721,373.18,06:55,Delhi,Known,4,Food,643,0
TXN008722,19920.76,03:33,Delhi,Known,3,Travel,667,0
TXN008723,2703.17,01:55,Pune,Known,4,Food,697,0
TXN008724,1281.08,15:51,Kanpur,Known,3,Food,1040,0
TXN008725,4912.2,15:19,Delhi,Known,2,Electronics,411,0
TXN008726,3762.96,04:27,Kanpur,Known,4,Shopping,979,0
TXN008727,7129.72,21:34,Mumbai,Known,2,Electronics,583,0
TXN008728,897.92,06:14,Lucknow,Known,3,Food,749,0
TXN008729,2514.78,14:49,Noida,Known,4,Entertainment,107,0
TXN008730,518.21,12:33,Pune,Known,2,Food,1147,0
TXN008731,3623.49,14:12,Noida,Known,1,Food,764,0
TXN008732,1757.15,17:28,Pune,Known,2,Fuel,945,0
TXN008733,2417.77,22:49,Mumbai,Known,3,Entertainment,1169,0
TXN008734,1543.6,17:25,Noida,Known,6,Food,578,0
TXN008735,1382.99,21:42,Pune,Known,5,Food,593,0
TXN008736,723.35,20:59,Mumbai,Known,7,Travel,10,0
TXN008737,4127.77,08:20,Pune,Known,2,Electronics,772,0
TXN008738,8601.84,13:59,Jaipur,New,6,Food,1274,0
TXN008739,1003.29,04:24,Jhansi,Known,8,Food,675,0
TXN008740,3218.79,22:33,Delhi,Known,1,Bills,350,0
TXN008741,2833.69,23:46,Mumbai,Known,6,Food,1071,0
TXN008742,1815.37,21:04,Noida,Known,1,Fuel,96,0
TXN008743,362.35,17:42,Pune,Known,7,Bills,443,0
TXN008744,458.91,20:34,Delhi,Known,4,Food,417,0
TXN008745,792.75,19:39,Mumbai,Known,2,Fuel,1073,0
TXN008746,190.49,05:57,Mumbai,Known,5,Fuel,795,0
TXN008747,7894.92,06:29,Lucknow,Known,3,Travel,452,0
TXN008748,2648.19,12:55,Noida,Known,3,Food,484,0
TXN008749,1744.26,10:34,Kanpur,Known,3,Entertainment,771,0
TXN008750,180.51,17:12,Kanpur,New,2,Entertainment,784,0
TXN008751,265.2,17:39,Jhansi,Known,2,Shopping,762,0
TXN008752,1795.58,23:11,Kanpur,Known,5,Shopping,419,0
TXN008753,14250.63,18:53,Noida,New,2,Travel,1151,0
TXN008754,864.34,00:09,Delhi,New,3,Bills,1370,1
TXN008755,4458.33,08:29,Delhi,Known,6,Entertainment,1294,0
TXN008756,1087.51,07:49,Pune,Known,4,Shopping,1213,0
TXN008757,1907.49,15:00,Kanpur,Known,6,Travel,1698,0
TXN008758,6444.36,08:29,Mumbai,Known,5,Shopping,406,0
TXN008759,1251.74,23:30,Lucknow,Known,4,Food,432,0
TXN008760,872.12,06:20,Jhansi,Known,4,Food,116,0
TXN008761,7978.58,10:40,Delhi,Known,3,Shopping,600,0
TXN008762,1888.2,19:19,Kanpur,Known,3,Shopping,179,0
TXN008763,5660.73,08:22,Delhi,New,2,Fuel,1256,0
TXN008764,876.58,01:16,Pune,Known,2,Fuel,793,0
TXN008765,7883.68,07:37,Kanpur,Known,3,Entertainment,563,1
TXN008766,2399.1,08:52,Pune,Known,2,Fuel,244,0
TXN008767,2841.45,14:10,Noida,Known,4,Food,164,0
TXN008768,2066.79,17:24,Pune,Known,2,Travel,482,0
TXN008769,1058.7,13:13,Lucknow,Known,3,Food,1383,0
TXN008770,1796.82,09:14,Delhi,Known,5,Food,1183,0
TXN008771,1130.96,12:58,Pune,Known,7,Entertainment,1020,0
TXN008772,4929.86,03:42,Pune,Known,7,Food,10,0
TXN008773,1454.38,04:56,Pune,Known,5,Electronics,660,0
TXN008774,373.98,14:38,Jaipur,Known,6,Entertainment,597,0
TXN008775,308.63,20:39,Jhansi,Known,3,Travel,408,0
TXN008776,293.68,12:42,Kanpur,Known,3,Electronics,724,0
TXN008777,3444.08,01:39,Pune,Known,3,Shopping,322,0
TXN008778,537.25,23:49,Delhi,Known,2,Food,475,0
TXN008779,2466.69,07:19,Pune,Known,4,Bills,336,0
TXN008780,2077.55,17:06,Pune,Known,6,Bills,433,0
TXN008781,1681.76,21:29,Kanpur,Known,5,Entertainment,10,0
TXN008782,2852.26,23:00,Lucknow,Known,3,Bills,732,0
TXN008783,2125.5,02:02,Jhansi,Known,3,Electronics,963,0
TXN008784,104.62,04:03,Jaipur,Known,1,Food,363,0
TXN008785,1281.43,15:04,Delhi,Known,2,Bills,1170,0
TXN008786,2812.7,18:42,Mumbai,Known,2,Food,335,0
TXN008787,10075.27,20:35,Noida,Known,2,Electronics,187,0
TXN008788,10575.79,13:56,Pune,Known,6,Fuel,1141,0
TXN008789,430.19,03:17,Jhansi,Known,3,Bills,478,1
TXN008790,1246.79,17:19,Jhansi,New,5,Bills,798,0
TXN008791,347.62,16:29,Delhi,Known,4,Shopping,86,0
TXN008792,8878.8,11:46,Lucknow,Known,2,Food,633,0
TXN008793,5213.68,15:55,Pune,Known,6,Electronics,565,0
TXN008794,2601.02,05:43,Lucknow,Known,3,Bills,540,1
TXN008795,2142.96,19:30,Lucknow,New,6,Shopping,548,0
TXN008796,7671.02,01:58,Lucknow,New,4,Travel,778,0
TXN008797,6421.67,20:10,Lucknow,Known,4,Food,749,0
TXN008798,6072.28,20:28,Lucknow,Known,3,Fuel,917,0
TXN008799,2907.52,16:14,Noida,Known,4,Travel,10,0
TXN008800,1247.44,19:09,Lucknow,Known,5,Fuel,1330,0
TXN008801,4027.99,21:23,Jhansi,New,11,Shopping,607,0
TXN008802,4240.29,03:45,Lucknow,Known,3,Fuel,481,0
TXN008803,1473.47,13:19,Pune,Known,5,Food,844,0
TXN008804,1244.8,15:49,Delhi,Known,3,Shopping,623,0
TXN008805,5916.62,22:36,Delhi,Known,3,Bills,748,0
TXN008806,10330.58,17:42,Lucknow,Known,6,Electronics,542,0
TXN008807,819.49,14:14,Jaipur,Known,5,Bills,940,0
TXN008808,1365.12,13:51,Noida,Known,4,Bills,24,0
TXN008809,2601.96,03:12,Jhansi,Known,2,Travel,800,0
TXN008810,3000.31,07:22,Lucknow,Known,3,Shopping,485,0
TXN008811,1040.08,10:46,Mumbai,Known,4,Fuel,10,0
TXN008812,13006.94,21:41,Jaipur,Known,4,Bills,1163,0
TXN008813,2803.83,20:17,Lucknow,Known,6,Electronics,541,0
TXN008814,3144.77,15:15,Noida,Known,3,Food,1125,0
TXN008815,11411.42,02:25,Pune,New,3,Shopping,1005,0
TXN008816,1123.3,17:26,Jhansi,Known,3,Electronics,389,0
TXN008817,1640.39,11:03,Mumbai,Known,3,Entertainment,1189,0
TXN008818,482.78,15:14,Mumbai,Known,6,Bills,601,0
TXN008819,1502.03,10:09,Delhi,Known,5,Bills,417,0
TXN008820,376.97,17:09,Jaipur,Known,3,Food,283,0
TXN008821,3947.29,05:21,Pune,Known,5,Food,363,0
TXN008822,2797.66,03:02,Lucknow,Known,3,Entertainment,855,0
TXN008823,1345.63,05:40,Pune,Known,1,Shopping,390,0
TXN008824,1619.86,22:40,Delhi,Known,4,Fuel,879,0
TXN008825,4004.13,01:13,Delhi,Known,6,Bills,484,0
TXN008826,546.18,06:52,Delhi,Known,6,Travel,1099,0
TXN008827,2230.36,08:35,Pune,Known,2,Food,538,0
TXN008828,3751.94,20:18,Delhi,Known,5,Shopping,621,0
TXN008829,277.04,08:11,Delhi,Known,7,Entertainment,642,0
TXN008830,3694.97,21:25,Mumbai,Known,5,Travel,777,0
TXN008831,310.37,23:57,Lucknow,Known,4,Entertainment,715,0
TXN008832,1590.92,15:00,Kanpur,Known,3,Food,298,0
TXN008833,530.59,08:01,Mumbai,Known,4,Food,1499,0
TXN008834,8089.73,14:24,Pune,Known,5,Fuel,974,0
TXN008835,534.09,16:55,Jaipur,Known,3,Shopping,1088,0
TXN008836,318.25,02:16,Mumbai,Known,4,Travel,1194,0
TXN008837,2070.53,19:44,Jaipur,Known,3,Shopping,610,0
TXN008838,1165.79,10:34,Pune,Known,2,Shopping,1046,0
TXN008839,370.82,20:11,Pune,Known,4,Food,1267,0
TXN008840,3126.43,14:54,Delhi,Known,7,Travel,1298,0
TXN008841,222.4,20:09,Pune,Known,1,Food,1093,0
TXN008842,606.37,01:30,Jhansi,Known,4,Fuel,607,0
TXN008843,983.94,01:39,Delhi,Known,2,Shopping,1266,0
TXN008844,4179.2,02:40,Noida,Known,5,Food,163,0
TXN008845,7014.84,20:51,Mumbai,Known,6,Bills,431,0
TXN008846,5729.96,23:42,Pune,Known,4,Entertainment,10,0
TXN008847,1532.42,23:39,Jhansi,Known,2,Food,596,0
TXN008848,140.73,07:09,Kanpur,Known,8,Entertainment,525,0
TXN008849,2713.35,06:18,Delhi,Known,2,Electronics,501,0
TXN008850,8430.78,08:20,Pune,Known,5,Food,608,0
TXN008851,6574.95,19:22,Delhi,Known,2,Shopping,239,0
TXN008852,2926.72,06:06,Pune,Known,3,Travel,962,0
TXN008853,516.24,13:05,Noida,Known,3,Shopping,606,0
TXN008854,1036.88,15:26,Delhi,Known,6,Bills,563,0
TXN008855,13712.28,08:43,Kanpur,Known,9,Food,136,0
TXN008856,406.66,11:53,Jaipur,Known,5,Bills,271,0
TXN008857,539.32,15:56,Jaipur,Known,2,Shopping,306,0
TXN008858,4842.67,18:28,Delhi,Known,1,Entertainment,898,0
TXN008859,1144.62,04:53,Delhi,Known,4,Electronics,1859,0
TXN008860,520.45,12:27,Delhi,Known,3,Food,800,0
TXN008861,8954.5,03:28,Noida,Known,4,Shopping,1028,0
TXN008862,2920.91,00:12,Delhi,Known,3,Shopping,1059,0
TXN008863,1205.5,15:37,Delhi,Known,3,Shopping,16,0
TXN008864,540.49,11:18,Lucknow,Known,4,Bills,1183,0
TXN008865,15449.3,06:29,Jaipur,New,6,Travel,805,0
TXN008866,1754.37,01:56,Mumbai,Known,2,Entertainment,1149,1
TXN008867,7806.69,22:32,Noida,New,4,Fuel,268,0
TXN008868,4600.21,19:18,Delhi,New,4,Travel,814,0
TXN008869,1041.69,22:40,Jhansi,Known,4,Shopping,991,0
TXN008870,1050.43,02:43,Jhansi,Known,1,Fuel,662,0
TXN008871,8218.74,00:36,Jaipur,New,4,Fuel,215,0
TXN008872,8359.76,05:02,Noida,Known,2,Food,10,0
TXN008873,250.83,02:13,Delhi,Known,2,Food,996,0
TXN008874,3206.1,11:07,Lucknow,Known,3,Food,942,0
TXN008875,1584.88,15:57,Delhi,Known,2,Travel,408,0
TXN008876,608.23,04:18,Mumbai,Known,6,Fuel,1040,0
TXN008877,2369.36,09:28,Jaipur,Known,5,Shopping,464,0
TXN008878,436.36,12:54,Lucknow,Known,3,Shopping,284,0
TXN008879,1102.97,07:59,Pune,Known,5,Food,876,0
TXN008880,778.33,11:13,Delhi,Known,8,Shopping,10,0
TXN008881,1065.03,14:51,Pune,Known,5,Electronics,784,0
TXN008882,1669.85,22:43,Pune,Known,2,Travel,10,0
TXN008883,619.68,07:36,Jhansi,Known,6,Bills,207,0
TXN008884,9389.81,02:10,Delhi,Known,6,Fuel,536,0
TXN008885,3021.44,20:41,Pune,Known,2,Travel,992,0
TXN008886,11847.04,13:36,Pune,Known,9,Shopping,10,0
TXN008887,1521.51,11:26,Mumbai,Known,6,Electronics,1004,0
TXN008888,1011.62,17:35,Jaipur,Known,5,Fuel,1195,0
TXN008889,11405.81,23:12,Pune,Known,1,Fuel,799,0
TXN008890,981.01,03:37,Mumbai,Known,4,Food,623,0
TXN008891,1492.69,20:09,Lucknow,Known,1,Bills,687,0
TXN008892,3833.72,15:17,Mumbai,Known,4,Bills,94,0
TXN008893,490.75,14:29,Kanpur,Known,8,Entertainment,676,0
TXN008894,3798.65,20:09,Pune,Known,1,Bills,827,0
TXN008895,3321.12,07:54,Pune,Known,3,Food,2240,0
TXN008896,6824.9,18:53,Delhi,Known,8,Electronics,1237,0
TXN008897,4582.91,13:28,Kanpur,New,3,Food,628,0
TXN008898,7048.14,22:34,Kanpur,Known,3,Bills,277,0
TXN008899,1602.95,11:17,Lucknow,Known,5,Bills,841,0
TXN008900,727.59,17:12,Noida,Known,3,Electronics,674,0
TXN008901,16498.53,11:57,Jhansi,New,4,Food,851,0
TXN008902,362.31,09:24,Mumbai,Known,5,Electronics,261,0
TXN008903,402.5,09:57,Lucknow,Known,2,Food,10,0
TXN008904,3258.19,22:04,Pune,Known,4,Food,861,0
TXN008905,9914.73,20:06,Mumbai,New,5,Food,492,0
TXN008906,2196.39,05:28,Lucknow,Known,3,Food,690,0
TXN008907,5140.01,20:46,Jaipur,Known,4,Bills,243,0
TXN008908,221.4,14:25,Pune,Known,3,Food,1157,0
TXN008909,1065.31,02:50,Noida,Known,3,Shopping,158,0
TXN008910,251.61,18:07,Mumbai,New,7,Food,1051,0
TXN008911,4084.58,03:51,Jhansi,Known,4,Electronics,670,0
TXN008912,354.59,20:26,Jhansi,Known,3,Shopping,598,0
TXN008913,470.52,10:17,Lucknow,Known,6,Shopping,767,0
TXN008914,3087.97,21:38,Delhi,Known,3,Bills,607,0
TXN008915,5488.76,11:46,Lucknow,Known,1,Fuel,566,0
TXN008916,1523.29,02:55,Kanpur,Known,5,Shopping,683,0
TXN008917,3275.49,18:05,Jaipur,Known,6,Shopping,487,0
TXN008918,3165.99,17:42,Noida,Known,2,Shopping,826,0
TXN008919,1435.61,07:18,Delhi,Known,5,Shopping,1239,0
TXN008920,570.27,04:30,Mumbai,New,5,Food,1760,0
TXN008921,3257.38,20:27,Kanpur,Known,7,Shopping,1119,0
TXN008922,3426.49,18:46,Lucknow,Known,2,Bills,982,0
TXN008923,4602.1,07:23,Delhi,Known,5,Fuel,10,0
TXN008924,2497.92,16:16,Jaipur,Known,7,Food,634,0
TXN008925,527.75,05:29,Jaipur,Known,4,Bills,413,0
TXN008926,3715.99,04:40,Jaipur,Known,6,Shopping,55,0
TXN008927,1797.39,15:50,Lucknow,Known,3,Fuel,1132,0
TXN008928,1084.28,19:00,Pune,Known,5,Shopping,10,0
TXN008929,1321.04,22:34,Noida,New,4,Bills,354,0
TXN008930,871.98,11:04,Kanpur,New,5,Fuel,10,0
TXN008931,4577.13,03:37,Delhi,Known,5,Fuel,640,0
TXN008932,406.07,13:37,Delhi,Known,5,Bills,1177,0
TXN008933,634.21,16:51,Mumbai,Known,3,Bills,186,0
TXN008934,1274.53,23:11,Pune,Known,7,Electronics,476,0
TXN008935,9798.46,02:47,Noida,Known,4,Fuel,1036,0
TXN008936,5445.45,15:41,Jaipur,Known,2,Shopping,1228,0
TXN008937,321.39,12:39,Kanpur,New,4,Fuel,706,0
TXN008938,7438.74,14:38,Delhi,Known,3,Shopping,179,0
TXN008939,7423.7,02:32,Kanpur,Known,2,Travel,565,0
TXN008940,524.7,00:03,Delhi,Known,2,Bills,520,0
TXN008941,127.49,14:48,Jaipur,Known,2,Electronics,445,0
TXN008942,1668.55,04:23,Mumbai,Known,6,Fuel,145,0
TXN008943,5849.36,14:06,Mumbai,Known,4,Shopping,1000,0
TXN008944,9569.79,00:36,Kanpur,Known,6,Bills,554,0
TXN008945,721.39,19:56,Pune,Known,3,Electronics,10,0
TXN008946,11328.99,07:42,Kanpur,Known,5,Shopping,941,0
TXN008947,173.51,10:14,Delhi,Known,6,Food,1402,0
TXN008948,1223.03,08:48,Noida,Known,2,Food,816,0
TXN008949,1161.5,10:50,Delhi,Known,4,Food,269,0
TXN008950,6035.99,12:19,Jhansi,Known,3,Electronics,1586,0
TXN008951,7035.75,15:31,Jhansi,Known,4,Food,687,0
TXN008952,4902.38,16:50,Mumbai,Known,6,Fuel,1023,0
TXN008953,435.92,23:09,Lucknow,Known,9,Food,535,0
TXN008954,4452.82,04:21,Delhi,Known,1,Fuel,425,0
TXN008955,3071.85,20:27,Mumbai,Known,4,Electronics,1006,0
TXN008956,311.3,14:00,Jhansi,Known,5,Shopping,292,0
TXN008957,205.44,07:10,Mumbai,Known,1,Electronics,516,1
TXN008958,5353.1,22:36,Delhi,New,2,Electronics,649,0
TXN008959,1489.86,16:15,Noida,Known,5,Food,1232,0
TXN008960,466.89,04:14,Noida,Known,5,Electronics,108,0
TXN008961,1446.59,04:17,Pune,Known,6,Fuel,1145,0
TXN008962,2638.02,15:07,Pune,Known,2,Fuel,1024,0
TXN008963,1650.03,17:38,Kanpur,Known,5,Bills,945,0
TXN008964,352.82,01:15,Lucknow,Known,4,Fuel,993,0
TXN008965,13034.78,15:39,Jhansi,New,7,Travel,225,0
TXN008966,5166.6,12:49,Pune,Known,5,Shopping,109,0
TXN008967,1265.72,23:28,Kanpur,Known,5,Electronics,10,0
TXN008968,1320.4,17:54,Jaipur,Known,3,Entertainment,534,0
TXN008969,2625.44,21:11,Jhansi,Known,3,Entertainment,826,0
TXN008970,549.74,00:57,Mumbai,Known,4,Fuel,283,0
TXN008971,2525.9,18:19,Pune,Known,3,Food,938,0
TXN008972,445.09,08:18,Delhi,Known,6,Food,626,0
TXN008973,1671.51,13:58,Jaipur,Known,2,Entertainment,696,0
TXN008974,527.71,21:27,Lucknow,Known,3,Bills,953,0
TXN008975,556.44,20:44,Noida,Known,3,Electronics,699,0
TXN008976,10132.98,05:48,Jhansi,New,6,Shopping,197,0
TXN008977,1915.49,05:26,Delhi,Known,4,Food,1350,0
TXN008978,2237.96,17:19,Noida,Known,5,Electronics,923,0
TXN008979,217.8,21:29,Mumbai,Known,5,Fuel,226,0
TXN008980,961.69,14:23,Lucknow,New,2,Food,605,0
TXN008981,2921.39,01:24,Delhi,Known,3,Electronics,766,0
TXN008982,2206.99,03:14,Pune,Known,5,Shopping,193,0
TXN008983,187.51,17:54,Pune,Known,7,Bills,1023,0
TXN008984,2237.33,17:34,Delhi,Known,4,Fuel,225,0
TXN008985,2645.01,21:47,Pune,Known,6,Entertainment,1409,0
TXN008986,6929.15,12:39,Pune,Known,4,Shopping,1088,0
TXN008987,904.65,10:21,Delhi,New,2,Food,410,0
TXN008988,170.95,02:19,Jaipur,New,4,Bills,248,0
TXN008989,632.03,18:58,Delhi,Known,6,Electronics,755,0
TXN008990,568.85,22:01,Pune,Known,4,Travel,108,0
TXN008991,3901.38,01:17,Kanpur,Known,4,Fuel,623,0
TXN008992,103.85,11:44,Jaipur,Known,6,Fuel,687,0
TXN008993,1124.13,08:32,Mumbai,Known,5,Bills,853,0
TXN008994,8043.56,17:36,Lucknow,Known,1,Food,1107,0
TXN008995,1813.68,18:01,Pune,Known,4,Food,1051,0
TXN008996,4613.19,05:13,Noida,Known,4,Shopping,1101,1
TXN008997,321.07,22:35,Jhansi,New,4,Travel,854,0
TXN008998,334.77,03:18,Jhansi,New,5,Bills,762,0
TXN008999,8140.82,18:28,Noida,Known,3,Bills,418,0
TXN009000,2001.83,17:57,Delhi,Known,2,Travel,10,0
TXN009001,2006.16,03:38,Delhi,Known,3,Bills,755,0
TXN009002,556.4,16:37,Mumbai,Known,3,Travel,185,0
TXN009003,2000.92,06:11,Delhi,Known,2,Shopping,744,0
TXN009004,540.4,06:35,Pune,Known,6,Fuel,10,0
TXN009005,6258.88,02:57,Lucknow,Known,3,Travel,186,0
TXN009006,31563.74,17:38,Kanpur,New,4,Travel,377,0
TXN009007,2991.95,19:47,Delhi,Known,5,Bills,2025,0
TXN009008,924.13,12:57,Pune,Known,3,Food,383,0
TXN009009,125.86,18:54,Delhi,Known,4,Shopping,512,0
TXN009010,307.0,08:20,Delhi,Known,5,Fuel,721,0
TXN009011,9210.94,13:17,Pune,Known,1,Food,1027,0
TXN009012,610.87,18:16,Delhi,Known,4,Food,391,0
TXN009013,1219.46,10:46,Pune,Known,3,Entertainment,10,0
TXN009014,3581.85,14:22,Lucknow,Known,6,Entertainment,42,0
TXN009015,8535.13,03:49,Noida,New,6,Electronics,555,0
TXN009016,1459.68,12:48,Delhi,Known,3,Food,1335,0
TXN009017,1176.9,20:39,Lucknow,Known,6,Bills,272,0
TXN009018,1940.58,18:07,Kanpur,Known,3,Bills,1021,0
TXN009019,931.24,07:42,Jhansi,Known,2,Shopping,483,0
TXN009020,985.38,13:12,Pune,New,3,Bills,614,0
TXN009021,2773.92,14:33,Mumbai,Known,6,Food,211,0
TXN009022,2186.59,22:13,Jhansi,Known,6,Electronics,856,0
TXN009023,16877.35,19:03,Delhi,Known,6,Food,937,0
TXN009024,2853.59,19:38,Pune,New,5,Bills,10,0
TXN009025,6028.45,18:27,Jaipur,Known,5,Shopping,346,0
TXN009026,584.46,08:38,Delhi,New,2,Food,646,0
TXN009027,3124.27,09:29,Delhi,Known,4,Food,915,0
TXN009028,842.53,11:22,Pune,Known,2,Food,1695,0
TXN009029,2726.48,10:00,Pune,New,7,Food,419,0
TXN009030,3708.87,22:16,Jhansi,Known,6,Electronics,10,0
TXN009031,1896.76,21:52,Kanpur,Known,4,Food,451,0
TXN009032,22544.22,21:45,Noida,Known,3,Bills,843,0
TXN009033,8062.03,14:27,Mumbai,Known,4,Electronics,899,0
TXN009034,6195.94,04:01,Jaipur,Known,3,Bills,610,0
TXN009035,4016.0,03:59,Pune,Known,3,Bills,244,0
TXN009036,11465.19,06:44,Pune,Known,2,Fuel,852,0
TXN009037,398.11,15:01,Pune,Known,2,Food,738,0
TXN009038,7588.12,08:12,Jaipur,Known,4,Electronics,798,0
TXN009039,635.71,15:10,Delhi,Known,4,Entertainment,389,0
TXN009040,995.24,21:54,Jaipur,Known,3,Bills,1054,0
TXN009041,3245.43,08:57,Mumbai,Known,6,Travel,778,0
TXN009042,6571.01,22:24,Lucknow,Known,2,Travel,654,0
TXN009043,536.08,12:10,Lucknow,Known,4,Shopping,1135,0
TXN009044,1050.87,19:38,Mumbai,Known,3,Bills,550,0
TXN009045,1994.11,01:16,Lucknow,Known,5,Entertainment,1071,0
TXN009046,1480.09,06:07,Kanpur,Known,1,Fuel,456,0
TXN009047,4412.85,22:15,Delhi,Known,7,Entertainment,219,0
TXN009048,66387.62,21:15,Lucknow,Known,4,Bills,691,0
TXN009049,2795.67,13:03,Lucknow,Known,9,Bills,10,0
TXN009050,831.79,00:42,Noida,Known,5,Electronics,844,0
TXN009051,461.37,01:21,Jhansi,Known,2,Electronics,1132,0
TXN009052,1279.24,10:33,Noida,Known,6,Shopping,1713,0
TXN009053,670.67,21:33,Pune,Known,4,Electronics,1129,0
TXN009054,2940.89,09:46,Noida,Known,4,Travel,1457,0
TXN009055,2893.33,21:45,Mumbai,New,2,Travel,825,0
TXN009056,1106.79,12:33,Kanpur,Known,8,Food,1286,0
TXN009057,14468.73,03:50,Kanpur,New,2,Electronics,779,0
TXN009058,831.58,13:34,Delhi,Known,5,Electronics,1295,0
TXN009059,1587.85,08:01,Pune,Known,5,Travel,10,0
TXN009060,3521.57,05:51,Delhi,Known,5,Food,231,0
TXN009061,4592.59,16:46,Jaipur,Known,6,Fuel,543,0
TXN009062,6884.29,04:25,Delhi,Known,1,Entertainment,1070,0
TXN009063,2822.74,21:23,Noida,Known,6,Food,1003,0
TXN009064,5426.23,19:53,Mumbai,New,5,Bills,304,0
TXN009065,895.32,18:25,Jaipur,New,4,Food,104,0
TXN009066,4719.83,01:22,Pune,Known,3,Food,644,0
TXN009067,4654.12,23:43,Delhi,New,5,Fuel,502,0
TXN009068,8813.79,11:19,Delhi,New,3,Bills,529,0
TXN009069,312.21,17:24,Jhansi,Known,7,Bills,583,0
TXN009070,694.37,04:46,Delhi,Known,6,Food,602,0
TXN009071,4272.01,18:13,Delhi,Known,1,Food,1106,0
TXN009072,111.23,07:00,Jaipur,Known,4,Bills,1076,0
TXN009073,3017.39,16:20,Jhansi,Known,6,Shopping,515,0
TXN009074,5477.13,06:10,Delhi,Known,4,Food,537,0
TXN009075,982.74,22:21,Kanpur,Known,4,Bills,1034,0
TXN009076,1145.78,17:04,Delhi,Known,7,Shopping,814,0
TXN009077,582.71,10:35,Pune,Known,5,Electronics,1090,0
TXN009078,1040.98,10:30,Delhi,Known,5,Entertainment,910,0
TXN009079,1073.14,00:16,Lucknow,Known,3,Fuel,687,0
TXN009080,878.8,07:37,Mumbai,Known,5,Electronics,785,0
TXN009081,829.63,18:08,Jaipur,Known,4,Electronics,10,0
TXN009082,1354.23,19:00,Delhi,Known,5,Shopping,436,0
TXN009083,1337.13,23:28,Noida,Known,5,Bills,1318,0
TXN009084,12879.35,02:09,Kanpur,Known,4,Travel,1137,0
TXN009085,1189.93,06:51,Pune,Known,4,Bills,593,0
TXN009086,2583.5,18:18,Mumbai,Known,4,Entertainment,233,0
TXN009087,982.22,08:25,Pune,Known,2,Electronics,976,0
TXN009088,969.2,05:17,Jaipur,Known,4,Food,10,0
TXN009089,300.65,06:26,Mumbai,Known,2,Bills,901,0
TXN009090,345.71,22:05,Mumbai,New,2,Shopping,720,0
TXN009091,506.84,20:56,Jaipur,Known,5,Shopping,585,0
TXN009092,2182.93,00:10,Lucknow,Known,3,Shopping,1143,0
TXN009093,5572.08,20:23,Pune,Known,4,Entertainment,1079,0
TXN009094,275.76,13:50,Pune,Known,7,Fuel,1024,0
TXN009095,1011.32,20:25,Mumbai,Known,8,Fuel,1354,0
TXN009096,428.51,14:42,Delhi,New,7,Food,467,1
TXN009097,1363.83,16:04,Lucknow,Known,6,Shopping,475,0
TXN009098,5569.72,13:17,Jhansi,Known,5,Shopping,727,0
TXN009099,1125.87,17:45,Kanpur,Known,1,Food,1458,0
TXN009100,1712.4,19:15,Noida,New,5,Fuel,10,0
TXN009101,8296.02,12:24,Kanpur,Known,6,Food,477,0
TXN009102,2911.25,02:04,Pune,Known,4,Bills,440,0
TXN009103,810.33,02:30,Delhi,Known,1,Fuel,908,0
TXN009104,2126.86,09:20,Lucknow,Known,5,Travel,219,0
TXN009105,754.92,11:51,Delhi,Known,4,Electronics,728,0
TXN009106,2799.09,20:23,Delhi,New,3,Electronics,1419,0
TXN009107,3092.23,00:49,Mumbai,Known,2,Shopping,180,0
TXN009108,428.39,21:54,Jaipur,Known,2,Fuel,337,0
TXN009109,2163.43,01:50,Lucknow,Known,3,Travel,753,0
TXN009110,1590.96,11:44,Mumbai,Known,5,Shopping,1084,0
TXN009111,3188.97,10:35,Noida,Known,3,Entertainment,779,0
TXN009112,4308.98,13:28,Noida,Known,5,Shopping,1102,0
TXN009113,2971.62,01:04,Kanpur,Known,3,Fuel,1096,0
TXN009114,1309.22,18:08,Mumbai,Known,8,Electronics,223,0
TXN009115,4796.0,03:22,Mumbai,Known,1,Food,640,0
TXN009116,719.69,18:39,Mumbai,Known,3,Entertainment,10,0
TXN009117,449.89,13:00,Lucknow,Known,4,Bills,921,0
TXN009118,62.83,21:56,Delhi,Known,4,Food,1594,0
TXN009119,1672.2,23:59,Jhansi,Known,5,Electronics,452,0
TXN009120,759.7,20:04,Pune,Known,6,Bills,567,0
TXN009121,2733.08,10:05,Mumbai,New,2,Fuel,404,0
TXN009122,227.18,09:50,Mumbai,Known,4,Fuel,1325,0
TXN009123,912.33,15:11,Pune,Known,4,Bills,970,0
TXN009124,2949.31,15:10,Kanpur,New,5,Shopping,575,0
TXN009125,610.46,18:11,Noida,Known,6,Bills,123,0
TXN009126,2766.29,11:42,Pune,New,1,Entertainment,582,0
TXN009127,1002.92,11:07,Noida,Known,4,Food,253,0
TXN009128,1739.05,02:11,Noida,Known,5,Entertainment,656,0
TXN009129,3362.56,04:23,Lucknow,Known,4,Entertainment,760,0
TXN009130,4895.05,19:36,Jaipur,Known,3,Shopping,338,0
TXN009131,1983.58,23:59,Noida,New,2,Bills,536,0
TXN009132,765.73,14:14,Delhi,Known,3,Food,1113,0
TXN009133,1112.76,08:15,Jhansi,Known,2,Fuel,434,0
TXN009134,3513.42,01:32,Delhi,Known,4,Electronics,1365,1
TXN009135,615.99,01:25,Kanpur,Known,3,Electronics,919,0
TXN009136,1493.04,16:36,Delhi,Known,1,Entertainment,846,0
TXN009137,1200.34,15:14,Jhansi,Known,4,Fuel,900,0
TXN009138,1614.87,06:37,Lucknow,Known,3,Bills,10,0
TXN009139,623.78,04:55,Kanpur,Known,4,Food,1094,0
TXN009140,257.5,01:40,Jhansi,Known,2,Fuel,1192,0
TXN009141,3109.82,16:44,Mumbai,Known,4,Shopping,930,0
TXN009142,4953.65,14:04,Mumbai,Known,4,Food,117,0
TXN009143,274.17,07:54,Kanpur,Known,2,Bills,892,0
TXN009144,2651.59,17:42,Kanpur,Known,4,Travel,266,0
TXN009145,5613.24,20:37,Jaipur,Known,4,Food,999,0
TXN009146,3365.22,12:09,Lucknow,Known,5,Travel,957,0
TXN009147,1162.16,06:33,Jhansi,Known,4,Fuel,546,0
TXN009148,668.39,00:40,Jaipur,Known,1,Bills,806,0
TXN009149,1959.74,19:37,Noida,Known,3,Food,828,0
TXN009150,2334.88,13:07,Mumbai,Known,1,Food,1238,0
TXN009151,1990.5,08:02,Lucknow,Known,4,Fuel,905,0
TXN009152,1489.81,00:28,Pune,Known,4,Shopping,294,0
TXN009153,577.53,19:43,Lucknow,Known,8,Fuel,10,0
TXN009154,2805.58,22:23,Mumbai,Known,5,Food,1280,0
TXN009155,2951.12,11:41,Kanpur,Known,4,Fuel,149,0
TXN009156,2222.54,06:58,Mumbai,Known,3,Food,216,0
TXN009157,2022.49,14:53,Jhansi,Known,6,Shopping,509,0
TXN009158,10496.05,20:37,Jaipur,Known,4,Entertainment,516,0
TXN009159,934.44,14:43,Jaipur,Known,5,Shopping,40,0
TXN009160,6912.24,00:05,Jhansi,Known,5,Food,727,0
TXN009161,832.82,04:05,Pune,Known,4,Fuel,178,0
TXN009162,5767.19,02:42,Pune,New,4,Shopping,866,0
TXN009163,6572.03,09:48,Jaipur,Known,6,Travel,907,0
TXN009164,1323.24,10:11,Pune,New,2,Travel,1163,0
TXN009165,10296.44,12:35,Pune,New,7,Bills,892,0
TXN009166,2945.49,18:17,Mumbai,Known,4,Food,973,0
TXN009167,716.52,02:06,Delhi,Known,2,Entertainment,80,0
TXN009168,1215.22,22:22,Delhi,New,4,Fuel,354,0
TXN009169,5913.2,06:26,Jhansi,Known,6,Bills,635,0
TXN009170,4744.59,12:46,Jaipur,Known,2,Electronics,1060,0
TXN009171,592.65,05:51,Jaipur,Known,4,Food,679,0
TXN009172,1555.14,08:56,Pune,Known,5,Bills,585,0
TXN009173,2228.85,19:06,Pune,Known,4,Shopping,945,0
TXN009174,1056.33,01:55,Kanpur,Known,5,Travel,10,0
TXN009175,21401.83,11:31,Lucknow,Known,8,Shopping,270,0
TXN009176,2300.52,14:10,Jhansi,Known,3,Food,774,0
TXN009177,1686.89,13:38,Delhi,Known,5,Shopping,714,0
TXN009178,6285.09,09:03,Pune,Known,3,Entertainment,898,0
TXN009179,1226.68,09:27,Jhansi,Known,2,Travel,811,0
TXN009180,5184.05,21:49,Delhi,New,3,Electronics,866,0
TXN009181,312.44,05:58,Jhansi,Known,2,Food,455,0
TXN009182,1117.9,11:17,Jhansi,Known,2,Bills,1260,0
TXN009183,5415.75,08:10,Pune,Known,6,Entertainment,256,0
TXN009184,9360.46,18:34,Pune,Known,2,Food,599,0
TXN009185,799.18,19:09,Mumbai,Known,5,Fuel,713,0
TXN009186,707.14,20:58,Pune,Known,3,Entertainment,967,0
TXN009187,3266.13,02:19,Mumbai,Known,6,Entertainment,308,0
TXN009188,935.76,02:11,Lucknow,Known,3,Fuel,664,0
TXN009189,1357.68,09:14,Kanpur,Known,2,Travel,1137,0
TXN009190,4517.74,10:22,Pune,Known,2,Food,697,0
TXN009191,1016.62,01:44,Jaipur,Known,4,Travel,769,0
TXN009192,228.57,21:52,Delhi,Known,4,Bills,539,0
TXN009193,459.16,21:44,Noida,Known,4,Food,700,0
TXN009194,1818.91,10:38,Pune,Known,7,Food,687,0
TXN009195,254.41,18:16,Jaipur,Known,2,Bills,872,0
TXN009196,1317.54,13:56,Mumbai,Known,4,Entertainment,182,0
TXN009197,417.31,15:59,Delhi,Known,4,Food,642,0
TXN009198,10071.63,20:37,Kanpur,Known,4,Food,758,0
TXN009199,17482.26,02:46,Jaipur,Known,4,Shopping,1036,0
TXN009200,592.55,05:18,Mumbai,Known,5,Entertainment,980,0
TXN009201,2356.99,10:26,Kanpur,Known,5,Food,1286,0
TXN009202,656.63,21:48,Jaipur,Known,4,Food,709,0
TXN009203,1300.83,14:25,Lucknow,Known,5,Entertainment,152,0
TXN009204,11958.35,09:45,Jhansi,Known,4,Electronics,668,0
TXN009205,1102.7,00:51,Jaipur,Known,3,Travel,19,0
TXN009206,1333.02,14:56,Lucknow,Known,3,Shopping,16,0
TXN009207,669.07,06:17,Mumbai,Known,4,Fuel,432,0
TXN009208,5997.16,07:28,Mumbai,Known,5,Travel,798,0
TXN009209,58.5,23:23,Jhansi,Known,5,Food,249,0
TXN009210,1130.71,12:30,Delhi,Known,3,Food,1258,0
TXN009211,1715.33,03:44,Delhi,Known,4,Food,792,0
TXN009212,899.11,01:19,Mumbai,Known,6,Food,1220,0
TXN009213,4457.15,09:13,Kanpur,Known,4,Food,1430,0
TXN009214,6359.28,01:16,Pune,Known,2,Entertainment,1114,0
TXN009215,408.67,10:45,Kanpur,Known,3,Food,497,0
TXN009216,16215.18,09:59,Pune,Known,2,Entertainment,258,0
TXN009217,403.88,21:06,Jaipur,New,5,Entertainment,302,0
TXN009218,6964.66,08:58,Noida,Known,5,Electronics,757,0
TXN009219,2106.66,06:01,Jhansi,New,1,Food,514,0
TXN009220,1060.67,14:31,Delhi,Known,6,Entertainment,264,0
TXN009221,1171.11,15:08,Lucknow,Known,3,Fuel,948,0
TXN009222,1737.76,00:57,Mumbai,Known,4,Shopping,913,0
TXN009223,2240.34,02:45,Kanpur,Known,3,Shopping,312,0
TXN009224,684.97,04:21,Jaipur,Known,5,Bills,465,0
TXN009225,1407.97,18:41,Mumbai,Known,4,Bills,80,0
TXN009226,801.38,05:50,Delhi,Known,4,Food,734,0
TXN009227,502.57,23:13,Pune,Known,5,Food,507,0
TXN009228,763.08,10:38,Jaipur,Known,3,Bills,1111,0
TXN009229,538.11,22:17,Pune,Known,3,Bills,691,0
TXN009230,1157.92,05:43,Delhi,New,2,Travel,376,0
TXN009231,2834.56,10:34,Kanpur,Known,4,Food,702,0
TXN009232,2043.23,03:43,Lucknow,New,7,Shopping,570,0
TXN009233,14308.43,20:38,Jhansi,Known,5,Fuel,373,0
TXN009234,176.72,14:38,Noida,Known,3,Food,629,0
TXN009235,2946.43,01:05,Pune,Known,5,Food,133,0
TXN009236,1812.18,17:51,Mumbai,Known,1,Shopping,749,0
TXN009237,4238.63,21:10,Jaipur,Known,5,Fuel,781,0
TXN009238,3819.33,16:23,Mumbai,Known,4,Electronics,1136,0
TXN009239,1513.68,19:30,Delhi,Known,4,Entertainment,756,0
TXN009240,2157.76,06:50,Pune,Known,7,Food,271,0
TXN009241,824.08,10:37,Kanpur,Known,3,Entertainment,10,0
TXN009242,3428.6,20:11,Kanpur,Known,6,Electronics,225,0
TXN009243,250.32,14:17,Mumbai,Known,2,Entertainment,824,0
TXN009244,4069.23,14:11,Delhi,New,3,Food,1202,0
TXN009245,1756.73,18:35,Mumbai,Known,3,Shopping,730,0
TXN009246,1079.36,14:43,Noida,Known,3,Shopping,345,0
TXN009247,1410.05,03:42,Mumbai,New,2,Food,792,0
TXN009248,1522.92,05:45,Jaipur,New,2,Food,10,0
TXN009249,7028.38,18:42,Pune,Known,1,Shopping,708,0
TXN009250,53675.41,05:54,Pune,Known,3,Travel,944,0
TXN009251,6479.55,15:54,Pune,Known,1,Travel,362,0
TXN009252,994.21,11:16,Noida,Known,4,Food,1106,0
TXN009253,3487.06,14:18,Kanpur,Known,3,Bills,1289,0
TXN009254,3650.2,05:03,Jaipur,Known,3,Shopping,934,0
TXN009255,681.38,07:16,Lucknow,Known,1,Fuel,855,0
TXN009256,479.0,16:30,Delhi,Known,4,Shopping,10,0
TXN009257,1684.29,04:39,Jhansi,Known,3,Shopping,825,0
TXN009258,4203.34,07:52,Delhi,Known,1,Travel,1104,0
TXN009259,331.34,23:35,Jhansi,Known,5,Food,647,0
TXN009260,844.38,03:58,Jaipur,Known,4,Food,1042,0
TXN009261,3284.03,13:33,Noida,Known,4,Entertainment,758,0
TXN009262,1880.61,03:51,Mumbai,Known,5,Electronics,718,0
TXN009263,7963.54,16:48,Delhi,Known,6,Bills,902,0
TXN009264,408.96,03:29,Lucknow,Known,2,Bills,620,0
TXN009265,21275.58,13:52,Delhi,Known,2,Food,378,0
TXN009266,358.04,10:51,Kanpur,Known,4,Electronics,593,0
TXN009267,213.77,16:18,Pune,Known,5,Fuel,551,0
TXN009268,1692.03,00:12,Jhansi,Known,7,Bills,859,0
TXN009269,546.95,12:07,Jhansi,Known,4,Entertainment,324,0
TXN009270,1728.22,13:55,Lucknow,Known,4,Food,1187,0
TXN009271,1665.91,05:26,Delhi,Known,3,Fuel,835,0
TXN009272,1465.54,07:34,Jhansi,Known,7,Electronics,1203,0
TXN009273,743.23,16:16,Lucknow,Known,3,Shopping,593,0
TXN009274,2835.1,13:23,Mumbai,Known,5,Food,143,0
TXN009275,1289.92,13:24,Jhansi,Known,6,Entertainment,182,0
TXN009276,5735.27,22:34,Lucknow,Known,4,Travel,427,0
TXN009277,1489.43,09:10,Delhi,New,5,Fuel,254,0
TXN009278,653.71,20:47,Kanpur,Known,2,Entertainment,41,0
TXN009279,305.96,23:23,Mumbai,Known,7,Shopping,778,0
TXN009280,1502.41,13:14,Noida,Known,1,Fuel,841,0
TXN009281,474.79,05:00,Delhi,Known,5,Electronics,605,0
TXN009282,436.19,10:06,Pune,Known,6,Electronics,1289,0
TXN009283,3131.83,01:16,Kanpur,Known,2,Bills,688,0
TXN009284,278.38,16:43,Delhi,Known,4,Shopping,561,0
TXN009285,7929.5,06:51,Delhi,Known,4,Entertainment,575,0
TXN009286,2128.65,22:57,Jaipur,Known,3,Electronics,1014,0
TXN009287,1719.02,15:17,Kanpur,Known,9,Electronics,127,0
TXN009288,607.31,11:38,Noida,Known,2,Shopping,10,0
TXN009289,4016.37,04:16,Pune,Known,2,Food,789,0
TXN009290,1794.52,02:08,Mumbai,Known,5,Travel,788,0
TXN009291,875.8,16:32,Kanpur,Known,5,Fuel,948,0
TXN009292,2220.21,18:38,Jhansi,Known,4,Food,689,0
TXN009293,307.54,06:45,Pune,Known,4,Shopping,1438,0
TXN009294,323.26,00:06,Lucknow,Known,5,Bills,1046,0
TXN009295,555.21,07:44,Jaipur,Known,2,Electronics,10,0
TXN009296,2598.13,18:18,Jhansi,Known,5,Travel,123,0
TXN009297,1793.85,13:16,Pune,Known,6,Shopping,10,0
TXN009298,5415.23,02:01,Delhi,Known,2,Food,732,0
TXN009299,685.09,02:12,Kanpur,New,2,Travel,780,0
TXN009300,3290.99,02:29,Delhi,New,2,Shopping,1417,0
TXN009301,1597.15,18:11,Jaipur,Known,4,Fuel,389,0
TXN009302,668.71,18:19,Mumbai,Known,3,Shopping,322,0
TXN009303,2697.59,09:31,Noida,Known,5,Electronics,806,0
TXN009304,1679.46,16:05,Delhi,Known,5,Travel,267,0
TXN009305,929.8,00:52,Mumbai,Known,2,Fuel,593,0
TXN009306,1881.15,13:18,Mumbai,Known,2,Bills,1087,0
TXN009307,1571.11,06:45,Pune,Known,1,Food,1026,0
TXN009308,1531.76,19:38,Mumbai,Known,3,Food,1147,0
TXN009309,1167.15,11:45,Pune,Known,5,Food,151,0
TXN009310,457.3,20:17,Pune,New,3,Fuel,934,0
TXN009311,1947.0,13:10,Jaipur,Known,3,Shopping,703,0
TXN009312,774.87,10:08,Noida,Known,4,Bills,1694,0
TXN009313,616.59,22:13,Jhansi,Known,4,Shopping,1002,0
TXN009314,1398.01,23:32,Jhansi,Known,4,Shopping,703,0
TXN009315,3890.41,10:37,Delhi,Known,4,Travel,1132,0
TXN009316,2187.33,08:45,Kanpur,Known,2,Travel,944,0
TXN009317,1030.54,15:57,Pune,Known,4,Food,1019,0
TXN009318,987.95,04:49,Delhi,Known,6,Shopping,915,0
TXN009319,3509.21,09:21,Delhi,Known,6,Bills,542,0
TXN009320,145.32,20:28,Jhansi,Known,2,Travel,538,0
TXN009321,4157.94,21:57,Pune,Known,2,Shopping,995,0
TXN009322,251.6,09:42,Mumbai,Known,4,Entertainment,439,0
TXN009323,407.22,09:25,Pune,Known,10,Entertainment,776,0
TXN009324,1048.97,20:49,Mumbai,Known,4,Electronics,914,0
TXN009325,17573.94,04:08,Kanpur,Known,6,Shopping,463,0
TXN009326,10475.9,01:40,Jaipur,Known,4,Bills,891,0
TXN009327,3779.53,01:56,Lucknow,Known,3,Shopping,716,0
TXN009328,2617.33,02:31,Jhansi,Known,3,Fuel,544,0
TXN009329,254.72,21:36,Jaipur,Known,1,Fuel,1028,0
TXN009330,2122.05,00:03,Mumbai,Known,7,Fuel,175,0
TXN009331,1011.17,07:36,Delhi,Known,5,Food,172,0
TXN009332,763.6,14:17,Jaipur,Known,5,Food,723,0
TXN009333,2117.7,14:59,Kanpur,Known,6,Shopping,233,0
TXN009334,1097.59,19:19,Jaipur,Known,4,Travel,1245,0
TXN009335,4484.16,23:18,Pune,Known,2,Shopping,564,0
TXN009336,235.75,09:23,Jhansi,Known,6,Fuel,118,0
TXN009337,1947.5,05:41,Kanpur,Known,6,Shopping,637,0
TXN009338,715.15,02:57,Kanpur,Known,1,Travel,1452,0
TXN009339,1170.78,21:20,Delhi,Known,2,Shopping,333,0
TXN009340,2478.48,08:12,Lucknow,Known,5,Electronics,443,0
TXN009341,556.89,21:45,Pune,Known,6,Electronics,937,0
TXN009342,2138.77,08:32,Jaipur,Known,2,Electronics,1294,0
TXN009343,1440.27,18:27,Jaipur,Known,3,Bills,284,0
TXN009344,899.58,15:59,Jaipur,Known,6,Shopping,385,0
TXN009345,1098.21,17:29,Delhi,Known,1,Fuel,52,0
TXN009346,1530.37,15:37,Kanpur,Known,7,Bills,695,0
TXN009347,803.77,07:58,Mumbai,Known,1,Shopping,806,0
TXN009348,1813.46,02:12,Jhansi,New,5,Electronics,1085,0
TXN009349,1344.07,00:54,Jaipur,Known,1,Shopping,881,0
TXN009350,947.38,10:57,Pune,Known,4,Bills,746,0
TXN009351,9555.54,21:28,Pune,Known,2,Shopping,811,0
TXN009352,2783.72,15:20,Lucknow,Known,4,Entertainment,953,0
TXN009353,1204.35,16:09,Kanpur,Known,8,Food,205,0
TXN009354,2097.91,06:02,Mumbai,Known,7,Bills,809,0
TXN009355,612.4,11:59,Kanpur,Known,6,Bills,10,0
TXN009356,1137.89,09:25,Mumbai,Known,5,Food,1181,0
TXN009357,1286.22,03:40,Pune,Known,3,Fuel,1459,0
TXN009358,486.1,14:14,Kanpur,Known,3,Food,457,0
TXN009359,2703.4,08:19,Noida,Known,7,Food,835,0
TXN009360,1058.54,09:49,Pune,Known,4,Travel,1042,0
TXN009361,1239.3,14:39,Mumbai,Known,3,Travel,1356,0
TXN009362,990.67,00:13,Jhansi,Known,3,Shopping,647,0
TXN009363,40238.8,22:00,Pune,New,5,Bills,406,0
TXN009364,897.66,05:49,Jaipur,New,3,Travel,900,0
TXN009365,205.09,16:04,Delhi,Known,4,Fuel,1257,0
TXN009366,335.5,18:02,Noida,Known,4,Travel,735,0
TXN009367,3995.04,03:18,Lucknow,Known,1,Shopping,1270,0
TXN009368,7323.31,05:55,Mumbai,Known,6,Food,1127,0
TXN009369,879.77,09:38,Delhi,New,4,Travel,1011,0
TXN009370,6894.22,19:02,Jhansi,Known,5,Bills,689,0
TXN009371,3921.43,15:55,Mumbai,Known,5,Entertainment,599,0
TXN009372,1475.26,11:56,Noida,New,6,Food,1423,0
TXN009373,1369.33,20:41,Mumbai,Known,2,Fuel,335,0
TXN009374,2176.46,11:04,Delhi,New,2,Food,918,0
TXN009375,4522.73,21:00,Noida,Known,3,Food,888,0
TXN009376,2731.76,18:52,Delhi,Known,7,Food,847,0
TXN009377,884.39,04:49,Mumbai,New,7,Entertainment,246,0
TXN009378,1499.11,09:49,Mumbai,Known,6,Fuel,733,0
TXN009379,14412.75,00:29,Lucknow,Known,3,Shopping,477,0
TXN009380,2343.3,05:35,Kanpur,Known,3,Bills,1092,0
TXN009381,4484.28,00:10,Pune,Known,4,Food,807,0
TXN009382,3172.96,02:02,Jhansi,Known,2,Shopping,1324,0
TXN009383,2398.43,00:13,Delhi,Known,2,Food,1304,0
TXN009384,2017.62,16:37,Mumbai,New,1,Electronics,534,0
TXN009385,4618.39,09:24,Pune,Known,3,Shopping,1304,0
TXN009386,3828.07,11:37,Mumbai,Known,5,Entertainment,442,0
TXN009387,2374.71,18:26,Mumbai,Known,7,Food,1261,0
TXN009388,868.78,19:33,Delhi,New,4,Food,208,0
TXN009389,2698.3,12:57,Noida,Known,6,Food,1326,0
TXN009390,1677.71,10:37,Noida,New,5,Electronics,405,0
TXN009391,1302.28,15:57,Lucknow,New,1,Food,559,0
TXN009392,29979.13,09:58,Delhi,Known,3,Bills,628,0
TXN009393,357.64,10:37,Pune,Known,5,Shopping,450,0
TXN009394,4924.51,07:59,Delhi,Known,3,Entertainment,1273,0
TXN009395,727.59,04:14,Kanpur,Known,5,Food,10,0
TXN009396,2065.85,04:31,Pune,Known,5,Electronics,916,0
TXN009397,26703.74,15:04,Mumbai,Known,1,Entertainment,954,0
TXN009398,655.27,19:05,Lucknow,Known,2,Electronics,261,0
TXN009399,841.74,10:07,Noida,Known,8,Shopping,511,0
TXN009400,1767.2,02:08,Noida,Known,3,Food,282,0
TXN009401,739.49,14:24,Kanpur,Known,4,Travel,565,0
TXN009402,4554.18,21:43,Lucknow,Known,3,Shopping,1081,0
TXN009403,1026.89,12:59,Lucknow,Known,4,Travel,541,0
TXN009404,3576.9,00:58,Kanpur,Known,2,Entertainment,820,0
TXN009405,445.81,01:10,Lucknow,Known,1,Travel,657,0
TXN009406,269.99,12:26,Mumbai,Known,2,Food,1543,0
TXN009407,1415.32,20:25,Mumbai,Known,3,Electronics,754,0
TXN009408,346.75,01:05,Kanpur,Known,8,Fuel,340,0
TXN009409,8863.74,18:02,Lucknow,Known,2,Travel,801,0
TXN009410,361.13,18:21,Jhansi,Known,5,Food,993,0
TXN009411,605.45,01:51,Jhansi,Known,5,Electronics,473,0
TXN009412,2778.99,05:23,Jaipur,New,7,Travel,1241,0
TXN009413,972.49,00:23,Jhansi,Known,2,Shopping,20,0
TXN009414,365.49,13:59,Noida,New,1,Entertainment,521,0
TXN009415,15329.04,04:22,Delhi,Known,8,Entertainment,708,0
TXN009416,628.81,21:41,Noida,New,6,Bills,1111,0
TXN009417,1464.8,02:58,Kanpur,Known,5,Entertainment,1293,0
TXN009418,1445.04,15:07,Pune,Known,7,Entertainment,1283,0
TXN009419,3794.72,18:30,Jaipur,Known,3,Shopping,767,0
TXN009420,2924.89,04:20,Mumbai,Known,5,Shopping,1175,0
TXN009421,755.52,06:07,Jaipur,Known,4,Food,979,0
TXN009422,1278.48,19:02,Noida,Known,3,Food,754,0
TXN009423,1418.38,02:38,Noida,Known,2,Food,490,0
TXN009424,3951.89,10:39,Kanpur,Known,6,Food,798,0
TXN009425,527.85,06:33,Lucknow,Known,2,Food,1231,0
TXN009426,14981.3,00:40,Pune,Known,5,Shopping,736,0
TXN009427,811.11,10:43,Delhi,New,2,Fuel,540,0
TXN009428,1783.54,11:03,Kanpur,Known,1,Bills,1186,0
TXN009429,532.48,08:02,Delhi,Known,6,Food,515,0
TXN009430,460.57,19:20,Mumbai,Known,6,Fuel,934,0
TXN009431,718.66,02:34,Noida,Known,3,Electronics,863,0
TXN009432,649.69,10:54,Noida,Known,8,Fuel,1080,0
TXN009433,1165.11,04:58,Pune,Known,2,Food,1038,0
TXN009434,643.95,18:49,Noida,Known,3,Bills,979,0
TXN009435,3736.38,13:17,Noida,Known,7,Shopping,564,0
TXN009436,791.09,16:34,Jaipur,Known,2,Bills,483,0
TXN009437,704.18,02:06,Kanpur,Known,7,Shopping,836,0
TXN009438,1191.45,10:29,Jhansi,New,4,Entertainment,800,0
TXN009439,5105.24,01:05,Pune,Known,3,Fuel,1739,0
TXN009440,2255.58,07:59,Noida,Known,3,Entertainment,850,0
TXN009441,1621.11,22:27,Noida,New,7,Shopping,739,0
TXN009442,399.75,17:43,Kanpur,Known,1,Shopping,464,0
TXN009443,542.23,01:06,Kanpur,Known,2,Electronics,273,0
TXN009444,470.23,08:57,Jhansi,New,4,Food,68,0
TXN009445,7099.19,20:31,Noida,Known,3,Shopping,251,0
TXN009446,3142.06,04:04,Kanpur,Known,9,Shopping,580,0
TXN009447,728.39,18:22,Mumbai,New,4,Shopping,1107,0
TXN009448,995.21,07:12,Mumbai,Known,2,Food,878,0
TXN009449,756.72,11:04,Kanpur,Known,7,Food,290,0
TXN009450,710.09,21:01,Mumbai,Known,7,Travel,447,0
TXN009451,2918.6,16:42,Lucknow,New,3,Bills,655,0
TXN009452,1330.92,06:52,Delhi,Known,2,Food,557,0
TXN009453,16006.79,00:39,Delhi,Known,6,Food,342,0
TXN009454,6690.34,05:41,Pune,Known,4,Fuel,10,0
TXN009455,7118.81,10:02,Kanpur,Known,3,Fuel,254,0
TXN009456,3642.65,03:10,Pune,Known,6,Bills,277,0
TXN009457,1154.88,21:02,Delhi,New,5,Food,1180,0
TXN009458,3371.87,01:58,Mumbai,Known,3,Entertainment,1288,0
TXN009459,1247.96,12:44,Delhi,Known,4,Shopping,10,0
TXN009460,9969.96,23:57,Delhi,New,6,Shopping,1017,0
TXN009461,2751.87,08:54,Delhi,Known,5,Electronics,1212,0
TXN009462,2370.89,12:13,Kanpur,Known,1,Entertainment,377,0
TXN009463,2056.93,01:30,Delhi,Known,1,Food,17,0
TXN009464,11190.51,17:38,Pune,New,5,Fuel,1389,0
TXN009465,399.46,23:44,Kanpur,New,4,Bills,621,0
TXN009466,12403.63,18:40,Mumbai,Known,5,Entertainment,1236,0
TXN009467,1480.42,03:27,Pune,Known,5,Bills,735,0
TXN009468,411.2,08:00,Kanpur,Known,4,Food,1319,0
TXN009469,817.07,17:56,Lucknow,Known,4,Bills,894,0
TXN009470,318.05,19:41,Kanpur,Known,5,Bills,549,0
TXN009471,3575.58,09:50,Noida,Known,7,Entertainment,497,0
TXN009472,605.06,23:13,Kanpur,Known,3,Food,456,0
TXN009473,2148.75,04:06,Jaipur,Known,5,Electronics,615,0
TXN009474,5922.24,17:54,Lucknow,Known,3,Shopping,671,0
TXN009475,888.85,11:48,Lucknow,Known,8,Fuel,854,0
TXN009476,1358.36,17:50,Pune,New,3,Food,534,0
TXN009477,458.06,14:26,Jhansi,Known,2,Food,1439,0
TXN009478,1197.23,10:54,Jaipur,Known,6,Shopping,1379,0
TXN009479,26856.6,19:13,Pune,Known,5,Fuel,821,0
TXN009480,4073.96,20:45,Kanpur,Known,4,Fuel,1478,0
TXN009481,1363.18,19:29,Jhansi,Known,3,Shopping,1314,0
TXN009482,946.97,02:09,Lucknow,New,6,Travel,578,0
TXN009483,1721.2,10:43,Delhi,Known,7,Travel,903,0
TXN009484,2063.37,17:21,Lucknow,Known,7,Shopping,679,0
TXN009485,1159.24,20:09,Mumbai,Known,9,Food,1311,0
TXN009486,3140.4,08:42,Noida,Known,3,Electronics,341,0
TXN009487,661.44,17:46,Noida,Known,1,Food,109,0
TXN009488,658.02,13:19,Jaipur,Known,6,Fuel,696,0
TXN009489,2655.13,05:58,Delhi,Known,7,Food,346,0
TXN009490,527.67,21:42,Kanpur,Known,6,Shopping,358,0
TXN009491,3870.0,10:01,Lucknow,Known,3,Food,629,0
TXN009492,1773.21,14:20,Kanpur,Known,2,Travel,519,0
TXN009493,264.08,06:58,Delhi,Known,3,Food,582,0
TXN009494,2019.32,00:10,Kanpur,Known,5,Electronics,616,0
TXN009495,306.78,10:57,Jhansi,New,2,Fuel,821,0
TXN009496,3727.79,17:31,Mumbai,Known,3,Entertainment,430,0
TXN009497,1386.3,07:40,Jhansi,New,4,Electronics,470,0
TXN009498,12571.41,22:41,Mumbai,Known,6,Shopping,1072,0
TXN009499,5543.72,18:30,Lucknow,Known,3,Fuel,1200,0
TXN009500,591.0,15:31,Jaipur,New,6,Shopping,1456,0
TXN009501,215.67,19:34,Delhi,Known,1,Shopping,721,0
TXN009502,814.59,20:38,Mumbai,Known,4,Fuel,1179,0
TXN009503,499.31,17:44,Jaipur,Known,7,Food,575,0
TXN009504,12241.25,19:26,Delhi,Known,4,Shopping,899,0
TXN009505,1780.61,17:26,Lucknow,Known,7,Shopping,747,0
TXN009506,4796.45,20:46,Lucknow,Known,3,Food,1436,0
TXN009507,1334.43,02:45,Jhansi,Known,6,Travel,443,0
TXN009508,1490.54,08:38,Jhansi,Known,4,Bills,359,0
TXN009509,1739.38,21:27,Jhansi,Known,3,Shopping,723,0
TXN009510,5752.61,11:34,Jaipur,Known,4,Shopping,10,0
TXN009511,2496.76,00:34,Lucknow,Known,2,Shopping,732,0
TXN009512,593.09,20:26,Kanpur,Known,6,Travel,10,0
TXN009513,9889.03,15:10,Jaipur,Known,1,Bills,334,0
TXN009514,1323.57,21:32,Delhi,Known,3,Food,699,0
TXN009515,1115.71,00:26,Jaipur,New,2,Food,10,0
TXN009516,92.26,03:03,Jaipur,New,5,Fuel,808,0
TXN009517,3504.0,12:57,Jaipur,New,3,Shopping,10,0
TXN009518,2001.41,04:40,Delhi,Known,4,Travel,670,0
TXN009519,1999.12,12:06,Kanpur,Known,4,Fuel,1009,0
TXN009520,1179.18,08:12,Pune,Known,3,Entertainment,1190,0
TXN009521,983.94,05:34,Mumbai,Known,4,Bills,1342,0
TXN009522,1221.07,18:51,Jhansi,New,3,Shopping,330,0
TXN009523,2927.37,00:29,Mumbai,Known,3,Food,529,0
TXN009524,3521.41,20:48,Delhi,Known,4,Travel,409,0
TXN009525,1412.28,03:07,Pune,Known,7,Electronics,1059,0
TXN009526,4875.25,13:31,Jaipur,Known,4,Food,787,0
TXN009527,1656.76,23:49,Delhi,Known,4,Electronics,695,0
TXN009528,1060.08,02:50,Delhi,Known,6,Entertainment,673,0
TXN009529,2216.93,22:14,Jhansi,Known,5,Travel,938,0
TXN009530,431.9,07:40,Delhi,New,4,Entertainment,340,0
TXN009531,2298.23,17:02,Jhansi,Known,4,Food,1032,0
TXN009532,356.47,20:08,Noida,Known,3,Travel,838,0
TXN009533,611.81,05:54,Lucknow,Known,8,Food,1139,0
TXN009534,216.14,08:44,Noida,Known,2,Fuel,549,0
TXN009535,1497.67,20:12,Delhi,Known,5,Shopping,721,0
TXN009536,9756.19,02:59,Mumbai,Known,3,Entertainment,1160,0
TXN009537,1591.79,02:59,Pune,Known,2,Food,216,0
TXN009538,3537.96,07:02,Delhi,Known,3,Travel,1210,0
TXN009539,21278.91,14:01,Mumbai,Known,5,Fuel,591,0
TXN009540,2751.22,19:14,Jhansi,Known,2,Electronics,1028,0
TXN009541,805.99,13:47,Mumbai,New,4,Entertainment,1041,0
TXN009542,931.31,11:35,Kanpur,Known,4,Shopping,625,0
TXN009543,1801.24,20:30,Pune,New,5,Food,714,0
TXN009544,926.12,04:24,Mumbai,New,3,Fuel,132,0
TXN009545,1001.8,21:28,Lucknow,Known,3,Electronics,10,0
TXN009546,5064.74,07:38,Delhi,Known,6,Travel,744,0
TXN009547,5287.0,06:03,Noida,Known,6,Travel,1193,0
TXN009548,319.36,22:35,Lucknow,Known,3,Fuel,625,0
TXN009549,762.39,15:13,Pune,New,7,Electronics,10,0
TXN009550,1105.81,10:47,Delhi,Known,2,Food,501,0
TXN009551,3376.47,07:11,Pune,New,5,Food,491,0
TXN009552,5977.58,10:04,Pune,Known,2,Food,551,0
TXN009553,30718.13,18:26,Noida,Known,6,Entertainment,270,0
TXN009554,1103.88,03:26,Noida,Known,3,Entertainment,395,0
TXN009555,1163.31,04:31,Mumbai,Known,5,Shopping,71,0
TXN009556,3339.38,07:51,Lucknow,Known,3,Fuel,1564,0
TXN009557,879.38,11:41,Lucknow,Known,3,Food,1402,0
TXN009558,1552.36,19:21,Mumbai,Known,6,Fuel,297,0
TXN009559,1164.16,05:43,Kanpur,Known,5,Electronics,720,0
TXN009560,114.76,18:30,Noida,Known,4,Electronics,449,0
TXN009561,2048.65,21:13,Kanpur,New,4,Food,633,0
TXN009562,1486.33,10:01,Jaipur,New,5,Shopping,867,0
TXN009563,6838.57,23:00,Noida,Known,1,Food,780,0
TXN009564,1810.41,21:13,Lucknow,Known,4,Food,1112,0
TXN009565,482.05,19:49,Lucknow,New,3,Shopping,485,0
TXN009566,1372.7,09:27,Jhansi,Known,6,Food,705,0
TXN009567,200.32,07:27,Lucknow,Known,5,Food,10,0
TXN009568,504.76,20:23,Mumbai,New,2,Shopping,767,0
TXN009569,3508.08,10:15,Kanpur,Known,6,Electronics,10,0
TXN009570,1388.3,00:42,Noida,Known,6,Shopping,168,0
TXN009571,4741.82,17:00,Lucknow,Known,1,Entertainment,1234,0
TXN009572,228.22,08:36,Mumbai,Known,4,Entertainment,1239,0
TXN009573,1395.43,22:56,Mumbai,Known,1,Shopping,277,0
TXN009574,1092.53,20:52,Lucknow,Known,3,Electronics,1420,0
TXN009575,4910.75,02:22,Mumbai,New,3,Travel,1004,0
TXN009576,3648.03,21:51,Noida,New,6,Food,901,0
TXN009577,3533.01,22:14,Jhansi,Known,7,Fuel,212,0
TXN009578,9081.75,18:14,Mumbai,Known,3,Electronics,1464,0
TXN009579,1222.99,06:20,Jaipur,Known,3,Food,1006,0
TXN009580,7312.77,16:01,Jhansi,Known,2,Shopping,366,0
TXN009581,601.32,20:15,Delhi,Known,1,Food,10,0
TXN009582,578.61,19:51,Pune,Known,6,Bills,211,0
TXN009583,3967.64,10:45,Noida,Known,2,Electronics,766,0
TXN009584,370.76,16:19,Kanpur,Known,4,Food,610,0
TXN009585,3284.42,09:18,Mumbai,Known,5,Travel,1328,0
TXN009586,2002.04,06:20,Pune,Known,6,Electronics,251,0
TXN009587,5546.86,16:07,Delhi,Known,2,Electronics,829,0
TXN009588,1691.09,11:09,Lucknow,Known,3,Food,1139,0
TXN009589,1909.11,05:59,Pune,Known,3,Fuel,147,0
TXN009590,3072.57,15:41,Pune,Known,3,Bills,956,0
TXN009591,897.63,07:40,Jhansi,New,5,Electronics,693,0
TXN009592,857.5,14:16,Delhi,Known,5,Food,468,0
TXN009593,2962.22,08:51,Mumbai,Known,6,Shopping,10,0
TXN009594,1745.49,21:10,Pune,Known,3,Shopping,891,0
TXN009595,1173.64,20:58,Noida,Known,1,Bills,416,0
TXN009596,1650.15,11:30,Pune,New,7,Fuel,540,0
TXN009597,9602.99,17:19,Delhi,Known,2,Entertainment,1288,0
TXN009598,1130.45,04:45,Jaipur,Known,3,Shopping,686,0
TXN009599,1096.55,23:25,Mumbai,Known,3,Bills,802,0
TXN009600,299.68,05:16,Mumbai,Known,6,Bills,1519,0
TXN009601,1721.71,20:41,Pune,New,2,Entertainment,771,0
TXN009602,3587.71,20:43,Lucknow,New,4,Shopping,365,0
TXN009603,4330.98,04:36,Jhansi,Known,4,Entertainment,1232,0
TXN009604,2016.6,00:27,Kanpur,Known,6,Fuel,729,0
TXN009605,4910.68,17:19,Pune,Known,1,Fuel,484,0
TXN009606,3879.0,20:24,Delhi,Known,5,Food,323,0
TXN009607,5791.46,17:52,Delhi,Known,6,Food,579,0
TXN009608,5059.69,01:21,Jhansi,Known,5,Entertainment,1098,0
TXN009609,9358.3,15:58,Pune,New,2,Bills,465,0
TXN009610,1506.23,09:08,Jaipur,New,4,Bills,770,0
TXN009611,446.81,21:09,Lucknow,Known,5,Shopping,347,0
TXN009612,3613.55,19:19,Noida,Known,8,Electronics,1298,0
TXN009613,4085.19,19:00,Lucknow,New,3,Travel,121,0
TXN009614,9358.47,09:52,Mumbai,Known,3,Shopping,288,0
TXN009615,6911.19,07:20,Delhi,Known,6,Food,422,0
TXN009616,13881.16,19:06,Mumbai,Known,2,Food,128,0
TXN009617,3450.89,02:37,Delhi,Known,2,Shopping,921,0
TXN009618,2288.82,02:57,Mumbai,Known,6,Electronics,986,0
TXN009619,420.44,01:59,Mumbai,Known,3,Food,971,0
TXN009620,2487.52,12:06,Pune,Known,5,Electronics,989,0
TXN009621,1007.69,01:47,Mumbai,Known,4,Travel,75,0
TXN009622,2247.62,13:21,Pune,Known,1,Electronics,808,0
TXN009623,1906.04,04:50,Pune,Known,2,Travel,1278,0
TXN009624,2953.84,21:36,Kanpur,Known,4,Food,557,0
TXN009625,1625.13,10:43,Noida,Known,2,Bills,1152,0
TXN009626,4804.52,02:50,Mumbai,New,3,Shopping,633,0
TXN009627,103.15,16:53,Delhi,Known,1,Electronics,647,0
TXN009628,2197.41,08:08,Noida,Known,3,Bills,192,0
TXN009629,6362.37,06:43,Jhansi,Known,4,Fuel,499,0
TXN009630,12824.25,15:08,Kanpur,Known,5,Fuel,1239,0
TXN009631,3881.98,22:56,Pune,Known,6,Bills,432,0
TXN009632,10558.32,23:37,Noida,New,3,Entertainment,1496,0
TXN009633,2149.36,10:11,Lucknow,New,3,Food,631,0
TXN009634,1805.42,20:17,Delhi,Known,6,Entertainment,1266,0
TXN009635,3138.27,05:53,Pune,Known,3,Entertainment,704,0
TXN009636,1793.97,20:38,Jaipur,Known,2,Food,10,0
TXN009637,791.61,22:13,Jhansi,Known,2,Shopping,394,0
TXN009638,1047.9,12:49,Noida,Known,4,Fuel,396,0
TXN009639,559.91,12:43,Kanpur,Known,6,Bills,410,0
TXN009640,3134.85,13:04,Mumbai,Known,4,Travel,172,0
TXN009641,1821.66,01:16,Jaipur,Known,5,Electronics,285,0
TXN009642,1233.04,20:50,Noida,Known,4,Food,956,0
TXN009643,992.79,17:21,Kanpur,Known,3,Fuel,1803,0
TXN009644,3059.02,20:02,Noida,Known,1,Electronics,785,0
TXN009645,4084.74,02:36,Kanpur,New,4,Food,553,0
TXN009646,549.22,19:53,Delhi,Known,3,Entertainment,10,0
TXN009647,465.67,08:33,Noida,Known,3,Shopping,1531,0
TXN009648,4903.86,19:58,Delhi,Known,4,Travel,1147,0
TXN009649,424.81,23:06,Mumbai,Known,3,Bills,508,0
TXN009650,3198.39,21:40,Delhi,Known,6,Fuel,830,0
TXN009651,9831.01,21:38,Lucknow,Known,2,Shopping,501,0
TXN009652,9855.04,02:59,Jaipur,Known,6,Entertainment,205,0
TXN009653,3906.15,07:31,Delhi,Known,4,Food,533,0
TXN009654,3788.75,07:49,Lucknow,Known,1,Bills,1060,0
TXN009655,19149.75,12:08,Noida,New,5,Electronics,853,0
TXN009656,155.16,23:02,Pune,Known,5,Food,608,0
TXN009657,1105.43,16:42,Noida,Known,3,Shopping,973,0
TXN009658,4387.25,13:00,Jaipur,New,2,Food,564,0
TXN009659,1263.18,19:52,Noida,Known,7,Food,1222,0
TXN009660,6616.42,04:01,Noida,New,2,Bills,259,1
TXN009661,1727.14,15:41,Lucknow,New,6,Shopping,548,0
TXN009662,2067.04,12:27,Mumbai,Known,3,Travel,1033,0
TXN009663,1349.02,04:38,Kanpur,Known,6,Food,1002,0
TXN009664,1039.93,15:37,Noida,Known,4,Shopping,416,0
TXN009665,1013.41,20:26,Jhansi,Known,5,Shopping,332,0
TXN009666,2392.91,19:28,Noida,Known,6,Entertainment,915,0
TXN009667,798.11,20:30,Jhansi,Known,1,Food,1301,0
TXN009668,4897.14,19:40,Noida,Known,1,Fuel,1078,0
TXN009669,3573.96,11:42,Delhi,Known,6,Shopping,203,0
TXN009670,5709.74,01:26,Mumbai,Known,3,Food,417,0
TXN009671,550.14,23:21,Kanpur,Known,3,Travel,243,0
TXN009672,302.2,10:02,Delhi,Known,3,Shopping,1294,0
TXN009673,1792.11,15:46,Jaipur,Known,6,Bills,674,0
TXN009674,37770.46,00:13,Mumbai,Known,5,Entertainment,571,0
TXN009675,6802.61,21:26,Delhi,Known,1,Travel,815,0
TXN009676,1005.63,21:59,Noida,Known,4,Shopping,898,0
TXN009677,2810.96,22:47,Mumbai,Known,1,Travel,534,0
TXN009678,3864.19,04:20,Kanpur,Known,5,Bills,818,0
TXN009679,427.83,20:28,Mumbai,Known,2,Fuel,742,0
TXN009680,7582.89,14:19,Delhi,New,1,Food,1389,0
TXN009681,1509.82,03:37,Noida,Known,5,Food,714,0
TXN009682,1636.52,13:09,Lucknow,Known,4,Food,869,0
TXN009683,1845.52,11:57,Kanpur,New,6,Travel,435,0
TXN009684,5986.78,15:59,Mumbai,Known,5,Food,440,0
TXN009685,814.52,02:17,Kanpur,Known,5,Shopping,893,0
TXN009686,299.83,13:13,Lucknow,Known,3,Travel,317,0
TXN009687,2526.64,16:32,Delhi,Known,3,Travel,840,0
TXN009688,210.55,17:38,Noida,New,3,Bills,599,0
TXN009689,1312.1,18:38,Kanpur,New,3,Electronics,957,0
TXN009690,6258.9,15:02,Jaipur,Known,8,Bills,10,0
TXN009691,3306.32,16:42,Pune,Known,3,Food,1306,0
TXN009692,5377.7,02:03,Kanpur,Known,7,Travel,10,1
TXN009693,3452.7,19:20,Delhi,Known,5,Electronics,1452,0
TXN009694,22615.55,08:43,Noida,Known,5,Entertainment,732,0
TXN009695,970.58,13:53,Kanpur,Known,2,Fuel,915,0
TXN009696,2734.16,13:38,Pune,Known,6,Fuel,681,0
TXN009697,1136.28,23:09,Kanpur,Known,5,Entertainment,733,0
TXN009698,4915.67,07:40,Delhi,Known,3,Shopping,299,0
TXN009699,1687.31,09:02,Pune,Known,3,Bills,961,0
TXN009700,10941.62,18:13,Pune,Known,7,Bills,886,0
TXN009701,1030.9,15:07,Delhi,Known,5,Entertainment,878,0
TXN009702,7887.42,07:59,Noida,Known,5,Electronics,1328,0
TXN009703,3355.44,08:22,Kanpur,Known,6,Fuel,111,0
TXN009704,1739.68,19:33,Jhansi,New,4,Food,734,0
TXN009705,3181.49,20:47,Pune,Known,2,Travel,75,0
TXN009706,2368.16,03:58,Mumbai,Known,8,Electronics,1190,0
TXN009707,2615.72,09:59,Delhi,Known,5,Food,1007,0
TXN009708,1448.56,18:09,Mumbai,Known,4,Entertainment,600,0
TXN009709,861.67,02:23,Jaipur,Known,7,Entertainment,1073,0
TXN009710,1266.13,04:24,Mumbai,Known,6,Entertainment,910,0
TXN009711,307.43,03:47,Noida,Known,4,Food,76,0
TXN009712,4357.21,12:20,Pune,Known,3,Food,975,0
TXN009713,492.07,10:13,Pune,Known,5,Fuel,340,0
TXN009714,1432.27,07:45,Delhi,Known,7,Shopping,766,0
TXN009715,3554.57,03:29,Delhi,Known,4,Fuel,1095,0
TXN009716,4345.55,15:44,Jaipur,Known,2,Travel,720,0
TXN009717,279.26,19:22,Kanpur,Known,4,Travel,672,0
TXN009718,1634.52,05:29,Delhi,New,7,Electronics,1297,0
TXN009719,2916.89,15:00,Delhi,Known,6,Food,774,0
TXN009720,1901.04,19:00,Pune,Known,4,Shopping,591,0
TXN009721,7382.15,13:00,Jaipur,New,6,Entertainment,35,1
TXN009722,759.49,13:10,Kanpur,Known,6,Electronics,710,0
TXN009723,209.36,04:20,Lucknow,Known,2,Shopping,993,0
TXN009724,4214.91,22:03,Noida,Known,4,Food,1327,0
TXN009725,1024.13,22:09,Delhi,Known,6,Shopping,43,0
TXN009726,284.03,17:50,Pune,Known,6,Shopping,888,0
TXN009727,1524.02,21:51,Mumbai,Known,4,Travel,989,0
TXN009728,6552.67,14:17,Mumbai,Known,2,Fuel,522,0
TXN009729,477.77,15:56,Mumbai,Known,4,Food,1397,0
TXN009730,20917.42,19:07,Delhi,Known,4,Fuel,347,0
TXN009731,746.78,00:01,Lucknow,Known,4,Food,1469,0
TXN009732,1972.2,05:21,Noida,Known,4,Fuel,758,0
TXN009733,500.42,04:15,Kanpur,Known,5,Food,1023,0
TXN009734,1880.39,15:04,Noida,Known,1,Shopping,529,0
TXN009735,1564.16,05:50,Mumbai,New,5,Food,55,0
TXN009736,376.75,09:58,Lucknow,Known,4,Travel,656,0
TXN009737,34984.5,11:16,Kanpur,New,2,Bills,971,0
TXN009738,1070.03,17:18,Kanpur,New,9,Travel,472,0
TXN009739,1071.01,12:43,Mumbai,Known,5,Entertainment,582,0
TXN009740,4979.23,00:55,Pune,Known,8,Food,734,0
TXN009741,12094.54,16:17,Delhi,New,6,Shopping,62,0
TXN009742,5874.06,10:40,Delhi,Known,4,Shopping,580,1
TXN009743,509.94,02:01,Mumbai,Known,7,Shopping,788,0
TXN009744,2253.29,15:33,Jhansi,Known,2,Electronics,477,0
TXN009745,249.66,06:59,Delhi,Known,4,Travel,1221,0
TXN009746,4639.36,11:28,Delhi,Known,6,Food,795,0
TXN009747,323.3,23:38,Kanpur,Known,3,Food,10,0
TXN009748,774.47,05:41,Lucknow,Known,4,Food,485,0
TXN009749,1793.96,21:37,Delhi,Known,6,Shopping,408,0
TXN009750,2872.1,11:41,Jhansi,Known,5,Fuel,340,0
TXN009751,1368.62,22:53,Jhansi,Known,6,Electronics,1345,0
TXN009752,8871.33,20:00,Delhi,New,5,Shopping,962,0
TXN009753,3846.59,19:53,Mumbai,Known,3,Entertainment,540,0
TXN009754,3542.2,04:54,Lucknow,Known,2,Fuel,502,0
TXN009755,495.06,18:54,Jaipur,Known,3,Shopping,566,0
TXN009756,10720.13,08:22,Noida,Known,4,Food,454,0
TXN009757,774.58,21:34,Mumbai,New,7,Shopping,407,0
TXN009758,11158.55,23:21,Jaipur,Known,6,Electronics,912,0
TXN009759,15045.69,14:50,Lucknow,Known,6,Food,10,0
TXN009760,3083.53,21:24,Lucknow,New,5,Shopping,917,0
TXN009761,5319.61,12:18,Jaipur,Known,3,Entertainment,59,0
TXN009762,70.7,00:41,Noida,Known,1,Entertainment,914,0
TXN009763,1466.73,20:02,Kanpur,New,3,Electronics,1147,0
TXN009764,5726.25,12:22,Jhansi,Known,8,Bills,262,0
TXN009765,4751.8,01:12,Jaipur,Known,4,Shopping,393,0
TXN009766,500.11,01:22,Delhi,Known,1,Fuel,1109,0
TXN009767,1322.31,17:26,Lucknow,Known,5,Bills,568,0
TXN009768,125.51,22:03,Lucknow,Known,3,Bills,371,0
TXN009769,2777.16,16:51,Jaipur,Known,2,Fuel,395,0
TXN009770,249.15,10:24,Delhi,Known,5,Bills,1714,0
TXN009771,5899.03,07:21,Delhi,New,7,Food,491,0
TXN009772,6231.69,10:08,Lucknow,Known,4,Shopping,912,0
TXN009773,1093.85,07:59,Delhi,Known,4,Bills,973,0
TXN009774,3111.57,06:51,Noida,Known,2,Shopping,1357,0
TXN009775,1433.09,03:28,Lucknow,Known,4,Food,1511,0
TXN009776,2320.52,13:20,Pune,Known,3,Bills,10,0
TXN009777,539.65,05:28,Noida,Known,2,Travel,1309,0
TXN009778,3460.47,03:57,Kanpur,Known,4,Travel,758,1
TXN009779,321.27,06:13,Pune,Known,2,Shopping,268,0
TXN009780,263.52,19:41,Delhi,Known,2,Food,1111,0
TXN009781,1583.7,13:54,Jhansi,Known,4,Bills,321,0
TXN009782,1441.93,11:45,Jhansi,Known,3,Food,1243,0
TXN009783,2395.77,14:52,Mumbai,Known,2,Fuel,539,0
TXN009784,910.1,13:56,Delhi,Known,7,Shopping,1152,0
TXN009785,13036.63,11:03,Kanpur,Known,7,Shopping,1011,0
TXN009786,2130.64,20:14,Kanpur,Known,6,Electronics,192,0
TXN009787,2298.63,17:08,Jhansi,Known,2,Fuel,108,0
TXN009788,2214.18,04:34,Mumbai,Known,5,Shopping,770,0
TXN009789,5159.51,19:24,Delhi,Known,4,Food,495,0
TXN009790,3295.66,04:02,Jaipur,Known,4,Electronics,978,0
TXN009791,2863.1,01:33,Delhi,Known,12,Travel,601,0
TXN009792,3898.41,10:06,Jaipur,Known,7,Fuel,335,0
TXN009793,264.99,09:24,Noida,New,6,Electronics,845,0
TXN009794,275.71,18:21,Jhansi,Known,6,Shopping,10,0
TXN009795,1661.84,16:53,Mumbai,Known,4,Food,142,1
TXN009796,1462.62,01:40,Pune,Known,5,Shopping,264,0
TXN009797,3308.8,11:37,Jaipur,Known,3,Shopping,10,0
TXN009798,1838.23,19:49,Noida,Known,3,Food,852,0
TXN009799,3315.95,17:10,Noida,Known,9,Entertainment,341,0
TXN009800,486.71,12:15,Kanpur,New,1,Food,798,0
TXN009801,1779.81,14:45,Delhi,Known,3,Travel,1013,0
TXN009802,440.29,13:44,Jaipur,Known,3,Shopping,1232,0
TXN009803,2701.99,05:01,Delhi,Known,2,Travel,1035,0
TXN009804,250.47,13:13,Kanpur,Known,4,Travel,27,0
TXN009805,2594.81,16:13,Lucknow,Known,4,Travel,320,0
TXN009806,384.94,01:00,Noida,New,5,Shopping,10,0
TXN009807,1203.32,16:39,Noida,Known,3,Shopping,314,0
TXN009808,4606.46,05:03,Jhansi,Known,4,Food,1315,0
TXN009809,2285.39,00:50,Delhi,Known,7,Shopping,825,0
TXN009810,319.77,18:35,Mumbai,Known,4,Shopping,1117,0
TXN009811,888.49,09:45,Delhi,Known,5,Entertainment,138,0
TXN009812,372.07,09:29,Jaipur,Known,4,Food,613,0
TXN009813,303.7,14:58,Delhi,Known,3,Travel,950,0
TXN009814,2036.7,13:16,Jaipur,Known,3,Entertainment,276,0
TXN009815,3241.71,14:33,Delhi,Known,3,Entertainment,605,0
TXN009816,2858.86,22:00,Pune,Known,4,Fuel,1097,0
TXN009817,3389.03,15:49,Kanpur,Known,2,Shopping,1120,0
TXN009818,1777.63,01:34,Pune,Known,2,Fuel,922,0
TXN009819,1350.84,05:10,Jhansi,Known,1,Entertainment,683,0
TXN009820,583.37,10:49,Noida,Known,2,Travel,746,0
TXN009821,1133.95,11:59,Noida,Known,5,Shopping,230,0
TXN009822,449.5,08:04,Mumbai,Known,6,Food,1489,0
TXN009823,741.09,04:50,Jaipur,Known,5,Electronics,159,0
TXN009824,1976.17,02:44,Jhansi,Known,4,Food,1244,0
TXN009825,1590.57,03:21,Mumbai,Known,3,Shopping,10,0
TXN009826,44959.01,22:38,Mumbai,Known,5,Fuel,585,0
TXN009827,438.1,09:47,Kanpur,Known,4,Shopping,858,0
TXN009828,1578.43,23:28,Pune,New,5,Shopping,393,0
TXN009829,403.68,08:39,Pune,Known,6,Travel,68,0
TXN009830,1197.95,07:02,Mumbai,Known,3,Food,353,0
TXN009831,1250.24,11:55,Noida,Known,3,Entertainment,594,0
TXN009832,4370.65,22:55,Delhi,Known,5,Entertainment,769,0
TXN009833,1122.59,13:12,Mumbai,Known,5,Entertainment,648,0
TXN009834,1472.41,00:28,Pune,Known,8,Food,752,0
TXN009835,1145.63,06:14,Delhi,Known,2,Food,839,0
TXN009836,413.41,23:23,Lucknow,Known,2,Food,981,0
TXN009837,907.63,03:16,Delhi,Known,2,Entertainment,505,0
TXN009838,1205.33,20:51,Delhi,Known,4,Bills,842,0
TXN009839,1945.08,22:41,Delhi,New,7,Food,205,0
TXN009840,3237.11,05:50,Delhi,Known,7,Food,23,0
TXN009841,1407.0,13:47,Kanpur,Known,3,Shopping,504,0
TXN009842,1381.27,14:43,Jaipur,Known,5,Shopping,2004,0
TXN009843,295.51,19:09,Delhi,Known,6,Food,694,0
TXN009844,3172.46,19:49,Pune,Known,4,Food,1052,0
TXN009845,866.84,01:46,Noida,Known,4,Fuel,1198,0
TXN009846,3944.28,07:07,Delhi,Known,6,Travel,569,0
TXN009847,7171.03,22:05,Mumbai,Known,5,Shopping,1324,0
TXN009848,1477.68,08:45,Mumbai,Known,4,Shopping,907,0
TXN009849,614.66,05:23,Pune,Known,3,Electronics,1158,0
TXN009850,1768.71,15:19,Noida,Known,7,Fuel,782,0
TXN009851,2595.88,04:23,Mumbai,Known,2,Shopping,806,0
TXN009852,1292.39,03:52,Delhi,Known,6,Food,1298,0
TXN009853,995.56,19:21,Delhi,New,3,Entertainment,495,0
TXN009854,3252.73,02:22,Jhansi,Known,7,Food,839,0
TXN009855,3035.1,21:23,Delhi,Known,3,Bills,740,0
TXN009856,1251.3,05:03,Kanpur,Known,7,Travel,758,0
TXN009857,316.96,02:02,Jhansi,Known,9,Electronics,994,0
TXN009858,2906.6,17:24,Noida,Known,4,Shopping,842,0
TXN009859,804.2,04:01,Delhi,New,1,Fuel,675,0
TXN009860,2254.31,08:45,Lucknow,Known,4,Electronics,1413,0
TXN009861,2109.61,08:25,Kanpur,Known,7,Food,869,0
TXN009862,247.68,12:30,Pune,Known,4,Bills,439,0
TXN009863,1959.96,11:20,Kanpur,Known,3,Fuel,711,0
TXN009864,3089.61,04:45,Lucknow,Known,6,Bills,709,0
TXN009865,3514.15,05:25,Delhi,Known,4,Shopping,475,0
TXN009866,2036.07,04:02,Noida,Known,3,Shopping,519,1
TXN009867,225.77,01:29,Jhansi,Known,4,Shopping,658,0
TXN009868,6880.71,15:10,Noida,Known,5,Food,917,0
TXN009869,2771.42,11:35,Jhansi,Known,3,Bills,230,0
TXN009870,508.8,02:33,Pune,Known,6,Shopping,944,0
TXN009871,787.13,07:28,Pune,Known,2,Shopping,618,0
TXN009872,2294.63,16:23,Mumbai,Known,5,Electronics,248,0
TXN009873,3675.03,06:35,Mumbai,Known,2,Entertainment,922,0
TXN009874,1078.34,09:40,Jaipur,Known,5,Shopping,835,0
TXN009875,4282.72,17:52,Noida,Known,4,Entertainment,946,0
TXN009876,274.0,16:57,Jaipur,Known,4,Entertainment,1170,0
TXN009877,602.42,16:04,Kanpur,Known,5,Shopping,1475,0
TXN009878,206.02,09:39,Jaipur,Known,3,Travel,740,0
TXN009879,701.53,11:05,Delhi,Known,2,Fuel,592,0
TXN009880,8769.39,20:25,Jhansi,Known,6,Shopping,656,0
TXN009881,15618.86,20:44,Kanpur,Known,4,Entertainment,558,0
TXN009882,2302.76,01:32,Delhi,New,5,Travel,477,1
TXN009883,920.75,20:48,Mumbai,Known,2,Fuel,714,0
TXN009884,1426.27,21:54,Delhi,Known,3,Fuel,66,0
TXN009885,2958.83,22:58,Delhi,Known,5,Shopping,1059,0
TXN009886,348.77,06:40,Jaipur,Known,6,Travel,857,0
TXN009887,986.75,12:40,Jaipur,Known,3,Bills,1345,0
TXN009888,8120.77,01:48,Pune,Known,6,Bills,346,0
TXN009889,600.37,02:13,Jaipur,Known,5,Electronics,1311,0
TXN009890,819.8,13:18,Pune,Known,4,Travel,1106,0
TXN009891,1825.11,04:20,Jaipur,Known,7,Fuel,309,0
TXN009892,2423.19,05:44,Mumbai,Known,5,Shopping,249,0
TXN009893,933.82,07:21,Mumbai,Known,4,Shopping,849,0
TXN009894,1951.5,11:08,Pune,Known,5,Electronics,953,0
TXN009895,3407.99,03:47,Kanpur,Known,3,Entertainment,1039,0
TXN009896,14116.03,19:44,Noida,Known,1,Fuel,444,0
TXN009897,1576.54,16:35,Kanpur,Known,5,Food,1716,0
TXN009898,1723.62,18:52,Mumbai,New,7,Food,237,0
TXN009899,8949.62,22:47,Mumbai,Known,2,Food,1199,0
TXN009900,1011.23,14:54,Noida,Known,5,Bills,10,0
TXN009901,448.08,08:15,Kanpur,Known,4,Food,380,0
TXN009902,2340.93,23:06,Lucknow,Known,4,Electronics,1080,0
TXN009903,5572.09,13:20,Jhansi,Known,5,Fuel,1443,0
TXN009904,2629.74,11:49,Lucknow,Known,1,Bills,1179,0
TXN009905,1625.67,09:55,Kanpur,Known,4,Shopping,640,0
TXN009906,393.36,00:06,Noida,Known,3,Shopping,224,0
TXN009907,1692.99,22:51,Lucknow,Known,2,Food,1243,0
TXN009908,6570.56,19:28,Jaipur,Known,7,Food,635,0
TXN009909,492.61,16:49,Kanpur,Known,5,Food,1318,0
TXN009910,1392.08,05:40,Jaipur,Known,2,Fuel,1190,0
TXN009911,1198.33,22:03,Pune,Known,5,Food,931,0
TXN009912,865.19,04:29,Pune,Known,2,Fuel,369,0
TXN009913,2335.22,05:05,Noida,Known,4,Bills,395,0
TXN009914,2866.97,01:20,Jhansi,Known,2,Electronics,963,0
TXN009915,2835.6,06:45,Kanpur,Known,4,Entertainment,778,0
TXN009916,645.41,07:41,Kanpur,Known,3,Electronics,1506,0
TXN009917,319.66,19:42,Mumbai,Known,2,Electronics,973,0
TXN009918,2370.96,07:39,Mumbai,Known,3,Food,937,0
TXN009919,1058.2,22:00,Delhi,Known,5,Fuel,1369,0
TXN009920,12403.95,07:34,Noida,Known,7,Bills,450,0
TXN009921,13020.46,12:29,Delhi,Known,3,Food,938,0
TXN009922,14556.11,14:31,Jhansi,Known,4,Travel,361,0
TXN009923,670.77,19:12,Delhi,Known,2,Shopping,1097,0
TXN009924,3272.73,18:42,Delhi,Known,3,Entertainment,1385,0
TXN009925,4491.95,20:36,Kanpur,Known,2,Food,801,0
TXN009926,3991.07,22:24,Pune,Known,5,Shopping,13,0
TXN009927,1240.69,02:03,Lucknow,New,4,Shopping,1147,1
TXN009928,6895.78,02:04,Jaipur,New,3,Electronics,1357,1
TXN009929,1800.9,10:21,Delhi,Known,4,Shopping,410,0
TXN009930,2059.16,03:32,Kanpur,Known,2,Shopping,442,0
TXN009931,358.1,11:59,Delhi,Known,2,Shopping,1134,0
TXN009932,3542.35,14:43,Mumbai,Known,1,Food,335,0
TXN009933,1369.37,06:29,Delhi,Known,3,Food,255,0
TXN009934,2932.35,02:17,Delhi,Known,7,Bills,345,0
TXN009935,2304.02,23:10,Noida,New,9,Electronics,535,1
TXN009936,2176.61,08:08,Jhansi,Known,5,Bills,1037,0
TXN009937,1715.64,20:04,Mumbai,Known,7,Shopping,790,0
TXN009938,4111.21,14:54,Jaipur,Known,7,Entertainment,1125,0
TXN009939,1460.75,15:00,Noida,Known,1,Bills,964,0
TXN009940,390.56,18:51,Mumbai,Known,4,Entertainment,1291,0
TXN009941,3271.31,06:35,Lucknow,Known,5,Bills,1165,0
TXN009942,769.77,05:37,Mumbai,Known,3,Fuel,258,0
TXN009943,448.12,23:57,Pune,Known,2,Travel,579,0
TXN009944,615.35,16:47,Kanpur,Known,4,Bills,1261,0
TXN009945,2423.68,07:08,Delhi,Known,3,Shopping,894,0
TXN009946,1626.52,15:58,Mumbai,Known,5,Food,503,0
TXN009947,191.76,09:10,Mumbai,Known,4,Shopping,566,0
TXN009948,1203.16,20:34,Lucknow,Known,2,Bills,1089,0
TXN009949,6144.02,12:38,Jhansi,New,2,Food,569,0
TXN009950,1120.67,07:14,Jaipur,Known,5,Bills,1200,0
TXN009951,1512.91,16:37,Mumbai,Known,4,Travel,635,0
TXN009952,5381.29,18:38,Mumbai,Known,2,Bills,1346,0
TXN009953,4149.76,08:58,Delhi,New,4,Electronics,1210,0
TXN009954,5262.6,18:54,Lucknow,Known,1,Bills,479,0
TXN009955,97.94,05:23,Noida,Known,5,Entertainment,1042,0
TXN009956,11111.56,05:41,Jaipur,Known,2,Bills,139,0
TXN009957,3511.37,19:49,Noida,Known,7,Bills,738,0
TXN009958,23863.19,14:01,Delhi,Known,3,Bills,704,0
TXN009959,791.63,00:41,Pune,Known,5,Electronics,10,0
TXN009960,282.57,16:55,Pune,Known,8,Shopping,10,0
TXN009961,1813.69,07:07,Mumbai,Known,8,Travel,1208,0
TXN009962,1348.03,06:45,Jaipur,Known,4,Food,688,0
TXN009963,3575.6,10:03,Noida,Known,6,Electronics,768,0
TXN009964,5564.8,10:24,Pune,Known,4,Food,579,0
TXN009965,1642.35,21:49,Lucknow,Known,2,Shopping,1232,0
TXN009966,1398.0,10:59,Mumbai,Known,2,Fuel,71,0
TXN009967,3116.29,07:43,Pune,Known,6,Food,1055,0
TXN009968,1375.26,18:43,Kanpur,Known,7,Entertainment,1531,0
TXN009969,1259.61,13:15,Jaipur,Known,3,Food,363,0
TXN009970,5348.3,00:49,Delhi,Known,2,Shopping,294,0
TXN009971,6756.83,15:39,Lucknow,Known,7,Entertainment,863,0
TXN009972,5617.86,12:56,Noida,Known,5,Bills,973,0
TXN009973,1508.54,13:36,Kanpur,Known,3,Food,161,0
TXN009974,190.33,04:02,Lucknow,Known,4,Bills,550,0
TXN009975,1540.6,11:30,Noida,Known,3,Bills,1338,0
TXN009976,812.13,15:46,Noida,Known,6,Electronics,1504,0
TXN009977,1570.78,16:47,Kanpur,Known,5,Bills,631,0
TXN009978,889.71,16:23,Mumbai,Known,5,Electronics,755,0
TXN009979,1761.23,23:10,Jhansi,Known,5,Food,834,0
TXN009980,604.44,12:52,Kanpur,New,3,Shopping,10,0
TXN009981,469.09,10:49,Pune,Known,8,Shopping,384,0
TXN009982,6498.77,13:52,Jhansi,Known,4,Shopping,679,0
TXN009983,650.28,07:40,Kanpur,New,3,Fuel,1684,0
TXN009984,1800.63,07:49,Delhi,Known,5,Food,878,0
TXN009985,4903.88,16:24,Delhi,Known,6,Fuel,1313,0
TXN009986,4701.14,07:46,Mumbai,Known,8,Travel,620,0
TXN009987,4146.97,17:29,Jhansi,Known,5,Travel,888,0
TXN009988,2473.9,17:47,Pune,Known,6,Fuel,296,0
TXN009989,3849.68,22:08,Jaipur,Known,6,Bills,78,0
TXN009990,7610.5,03:17,Jhansi,Known,4,Shopping,223,0
TXN009991,2812.46,08:12,Noida,Known,4,Fuel,511,0
TXN009992,261.51,18:24,Jhansi,New,2,Food,656,0
TXN009993,1033.37,10:48,Lucknow,Known,1,Bills,427,0
TXN009994,3739.59,15:06,Jhansi,New,3,Bills,10,1
TXN009995,931.77,17:43,Lucknow,Known,4,Entertainment,971,0
TXN009996,9864.06,21:49,Lucknow,Known,1,Food,318,0
TXN009997,1684.46,05:40,Jaipur,Known,1,Food,679,0
TXN009998,1968.55,06:38,Kanpur,Known,5,Entertainment,353,0
TXN009999,5863.63,11:08,Delhi,New,3,Shopping,1082,0
TXN010000,1485.56,12:36,Kanpur,Known,2,Travel,10,0
